frequency_hz,magnitude,magnitude_db,phase_degrees
0.0,1.0000222375414174,0.00019315068298316544,0.0
0.6103515625,1.0000222375235397,0.0001931505277028952,-0.04781981390554096
1.220703125,1.0000222374691763,0.00019315005551887946,-0.09563966463261125
1.8310546875,1.000022237376147,0.0001931492474940765,-0.14345958900262668
2.44140625,1.0000222372408096,0.00019314807199539142,-0.19127962383677533
3.0517578125,1.000022237058072,0.0001931464847920354,-0.23909980595590466
3.662109375,1.0000222368213838,0.00019314442898995285,-0.28692017218040694
4.2724609375,1.0000222365227378,0.0001931418350414644,-0.3347407593301059
4.8828125,1.0000222361526743,0.00019313862078191045,-0.3825616042241433
5.4931640625,1.000022235700276,0.00019313469138722172,-0.4303827436808652
6.103515625,1.0000222351531705,0.0001931299393951338,-0.47820421451770684
6.7138671875,1.0000222344975294,0.000193124244695544,-0.5260260535510816
7.32421875,1.000022233718069,0.00019311747454015424,-0.5738482975962637
7.9345703125,1.00002223279805,0.00019310948353282786,-0.6216709834672788
8.544921875,1.0000222317192768,0.00019310011363730367,-0.6694941479767846
9.1552734375,1.0000222304620994,0.00019308919417526725,-0.717317827935963
9.765625,1.0000222290054097,0.0001930765418109215,-0.765142060154402
10.3759765625,1.0000222273266455,0.0001930619605741297,-0.8129668814399829
10.986328125,1.0000222254017899,0.0001930452418623435,-0.8607923285987674
11.5966796875,1.0000222232053666,0.0001930261643962444,-0.9086184384348822
12.20703125,1.0000222207104472,0.00019300449428338707,-0.956445247750407
12.8173828125,1.000022217888645,0.00019297998496612613,-1.0042727933452582
13.427734375,1.0000222147101165,0.0001929523772312583,-1.0521011120170751
14.0380859375,1.0000222111435662,0.00019292139925630792,-1.099930240561109
14.6484375,1.0000222071562377,0.00019288676653045274,-1.1477602157701052
15.2587890625,1.0000222027139223,0.00019284818192588115,-1.1955910744341904
15.869140625,1.0000221977809516,0.00019280533563800355,-1.243422853340759
16.4794921875,1.0000221923202053,0.00019275790525102372,-1.291255589274359
17.08984375,1.0000221862931038,0.00019270555567429216,-1.339089319016575
17.7001953125,1.0000221796596096,0.0001926479391538762,-1.3869240793459165
18.310546875,1.0000221723782337,0.00019258469532848675,-1.434759907037706
18.9208984375,1.0000221644060263,0.0001925154511504029,-1.4825968388639585
19.53125,1.000022155698584,0.00019243982094332718,-1.5304349115932718
20.1416015625,1.0000221462100438,0.00019235740635609565,-1.5782741619907077
20.751953125,1.0000221358930899,0.00019226779641667537,-1.6261146268176836
21.3623046875,1.0000221246989474,0.00019217056748201678,-1.6739563428318525
21.97265625,1.0000221125773818,0.0001920652832303347,-1.7217993467869894
22.5830078125,1.0000220994767084,0.00019195149474210567,-1.769643675432878
23.193359375,1.0000220853437807,0.00019182874040363216,-1.817489365515196
23.8037109375,1.0000220701239968,0.00019169654595910953,-1.8653364537753978
24.4140625,1.0000220537612963,0.00019155442448361978,-1.9131849769506024
25.0244140625,1.000022036198164,0.0001914018764178399,-1.9610349717734765
25.634765625,1.0000220173756258,0.00019123838952946298,-2.008886474972119
26.2451171875,1.000021997233251,0.0001910634389344053,-2.0567395232699477
26.85546875,1.0000219757091509,0.0001908764870871556,-2.104594153385585
27.4658203125,1.0000219527399792,0.00019067698377883758,-2.1524504020327404
28.076171875,1.0000219282609324,0.00019046436614491544,-2.2003083059200903
28.6865234375,1.0000219022057497,0.00019023805866325542,-2.2481679017511738
29.296875,1.0000218745067113,0.00018999747313868648,-2.2960292262242676
29.9072265625,1.0000218450946412,0.00018974200872806115,-2.3438923160322784
30.517578125,1.0000218138989043,0.00018947105191517168,-2.391757207862618
31.1279296875,1.000021780847408,0.00018918397652230922,-2.4396239383970935
31.73828125,1.0000217458665992,0.0001888801436909641,-2.487492544311791
32.3486328125,1.0000217088814713,0.0001885589019319559,-2.5353630622769594
32.958984375,1.000021669815554,0.0001882195870444164,-2.5832355289568913
33.5693359375,1.0000216285909231,0.00018786152220256138,-2.631109981009811
34.1796875,1.0000215851281913,0.0001874840178669575,-2.6789864550877556
34.7900390625,1.0000215393465182,0.00018708637188093532,-2.7268649878364632
35.400390625,1.0000214911635983,0.00018666786936063953,-2.7747456158952444
36.0107421875,1.0000214404956722,0.0001862277827933684,-2.822628375896884
36.62109375,1.0000213872575183,0.00018576537196619424,-2.87051330446751
37.2314453125,1.0000213313624573,0.00018527988400451385,-2.9184004382264788
37.841796875,1.0000212727223514,0.0001847705533662395,-2.9662898137862674
38.4521484375,1.0000212112476,0.00018423660180127407,-3.014181467752345
39.0625,1.000021146847148,0.00018367723843055832,-3.0620754367230627
39.6728515625,1.0000210794284754,0.00018309165964382822,-3.109971757289533
40.283203125,1.0000210088976063,0.0001824790491902313,-3.1578704660355186
40.8935546875,1.000020935159104,0.00018183857813008247,-3.2057715995373077
41.50390625,1.0000208581160694,0.00018116940481747556,-3.253675194363595
42.1142578125,1.0000207776701469,0.0001804706749581096,-3.3015812870753787
42.724609375,1.0000206937215177,0.00017974152154946857,-3.3494899142258214
43.3349609375,1.0000206061689043,0.00017898106491550097,-3.3974011123601517
43.9453125,1.0000205149095667,0.00017818841267765433,-3.4453149180155327
44.5556640625,1.0000204198393068,0.00017736265979340933,-3.493231367720953
45.166015625,1.000020320852464,0.00017650288851573878,-3.5411504979971005
45.7763671875,1.000020217841917,0.00017560816840849538,-3.5890723453562514
46.38671875,1.0000201106990825,0.00017467755633672526,-3.6369969463021468
46.9970703125,1.0000199993139165,0.00017371009648012325,-3.6849243373298726
47.607421875,1.0000198835749154,0.00017270482033684333,-3.7328545549257495
48.2177734375,1.000019763369112,0.00017166074669066353,-3.780787635567209
48.828125,1.0000196385820768,0.0001705768816282927,-3.8287236157226676
49.4384765625,1.0000195090979196,0.0001694522185431752,-3.876662531851412
50.048828125,1.0000193747992883,0.00016828573813157917,-3.9246044204034947
50.6591796875,1.000019235567369,0.00016707640839253954,-3.9725493178195874
51.26953125,1.0000190912818836,0.00016582318460658474,-4.020497260530883
51.8798828125,1.0000189418210932,0.00016452500936267603,-4.068448284958967
52.490234375,1.000018787061796,0.00016318081254464416,-4.116402427515698
53.1005859375,1.0000186268793265,0.00016178951131955193,-4.164359724603086
53.7109375,1.0000184611475575,0.00016035001015884124,-4.212320212613183
54.3212890625,1.0000182897388976,0.00015886120081319067,-4.260283927927949
54.931640625,1.0000181125242924,0.0001573219623259432,-4.308250906919133
55.5419921875,1.0000179293732239,0.0001557311610253162,-4.356221185948166
56.15234375,1.0000177401537107,0.00015408765052818117,-4.404194801366022
56.7626953125,1.0000175447323087,0.0001523902717438403,-4.452171789513111
57.373046875,1.000017342974108,0.0001506378528469427,-4.500152186719147
57.9833984375,1.000017134742736,0.0001488292093101851,-4.548136029303043
58.59375,1.000016919900354,0.000146963143863722,-4.596123353572769
59.2041015625,1.0000166983076604,0.00014503844653557517,-4.644114195825238
59.814453125,1.0000164698238896,0.00014305389463032444,-4.692108592346201
60.4248046875,1.0000162343068084,0.00014100825270586646,-4.740106579410094
61.03515625,1.000015991612722,0.00013890027262153002,-4.788108193279944
61.6455078125,1.0000157415964677,0.00013672869348397068,-4.836113470207231
62.255859375,1.0000154841114202,0.00013449224169527962,-4.884122446431763
62.8662109375,1.000015219009485,0.0001321896308930862,-4.9321351581815795
63.4765625,1.000014946141104,0.0001298195619967314,-4.9801516416727845
64.0869140625,1.0000146653552549,0.00012738072320715108,-5.028171933109466
64.697265625,1.000014376499446,0.00012487178996239748,-5.076196068683548
65.3076171875,1.0000140794197219,0.00012229142497801633,-5.124224084574681
65.91796875,1.000013773960659,0.00011963827821799034,-5.172256016950099
66.5283203125,1.0000134599653696,0.00011691098692546602,-5.22029190196452
67.138671875,1.000013137275496,0.00011410817556861761,-5.268331775760012
67.7490234375,1.0000128057312152,0.00011122845589065262,-5.316375674465855
68.359375,1.000012465171237,0.00010827042688074027,-5.3644236341984355
68.9697265625,1.0000121154328043,0.00010523267478736544,-5.412475691061129
69.580078125,1.0000117563516913,0.00010211377309503477,-5.460531881144143
70.1904296875,1.000011387762206,9.891228255305177e-05,-5.508592240524418
70.80078125,1.0000110094971877,9.562675114257156e-05,-5.5566568052655
71.4111328125,1.0000106213880053,9.225571407643794e-05,-5.604725611417403
72.021484375,1.0000102232645651,8.879769385301817e-05,-5.652798695016505
72.6318359375,1.0000098149552978,8.52512001518852e-05,-5.700876092085392
73.2421875,1.000009396287171,8.161472993778804e-05,-5.74895783863276
73.8525390625,1.0000089670856813,7.788676739489762e-05,-5.797043970653277
74.462890625,1.000008527174857,7.406578394783687e-05,-5.845134524127456
75.0732421875,1.000008076377255,7.015023823256128e-05,-5.893229535021528
75.68359375,1.000007614513966,6.61385761501663e-05,-5.941329039287322
76.2939453125,1.0000071414046081,6.202923079918558e-05,-5.98943307286213
76.904296875,1.0000066568673325,5.782062253324587e-05,-6.037541671668591
77.5146484375,1.0000061607188153,5.351115888756942e-05,-6.085654871614538
78.125,1.0000056527742702,4.9099234686763416e-05,-6.133772708592911
78.7353515625,1.000005132847433,4.4583231913452814e-05,-6.1818952184816
79.345703125,1.0000046007505727,3.996151980063033e-05,-6.230022437143307
79.9560546875,1.0000040562944865,3.523245479285346e-05,-6.27815440042546
80.56640625,1.0000034992885005,3.0394380547937455e-05,-6.326291144160044
81.1767578125,1.0000029295404715,2.544562795407212e-05,-6.374432704163491
81.787109375,1.000002346856782,2.0384515085216206e-05,-6.42257911623655
82.3974609375,1.000001751042344,1.5209347235560678e-05,-6.470730416164151
83.0078125,1.000001141900599,9.918416917341974e-06,-6.5188866397152845
83.6181640625,1.0000005192335133,4.5100038220049565e-06,-6.567047822642869
84.228515625,0.9999998828415851,-1.0176251212431312e-06,-6.61521400068361
84.8388671875,0.9999992325238362,-6.666215817068804e-06,-6.663385209557892
85.44921875,0.9999985680778198,-1.2437526931969895e-05,-6.711561484969635
86.0595703125,0.9999978892996116,-1.833332998038905e-05,-6.759742862606154
86.669921875,0.9999971959838205,-2.4355409224718175e-05,-6.807929378138052
87.2802734375,0.9999964879235753,-3.0505561794211933e-05,-6.856121067219065
87.890625,0.999995764910536,-3.678559758693366e-05,-6.904317965485951
88.5009765625,0.9999950267348882,-4.319733931828591e-05,-6.952520108558343
89.111328125,0.9999942731853425,-4.9742622526152907e-05,-7.000727532038637
89.7216796875,0.9999935040491367,-5.642329555483446e-05,-7.048940271511828
90.33203125,0.9999927191120339,-6.324121956695233e-05,-7.097158362545409
90.9423828125,0.9999919181583229,-7.019826854572031e-05,-7.145381840689227
91.552734375,0.9999911009708166,-7.729632930493597e-05,-7.1936107414753385
92.1630859375,0.999990267330857,-8.453730144690548e-05,-7.241845100417902
92.7734375,0.9999894170183059,-9.192309744766805e-05,-7.29008495301302
93.3837890625,0.9999885498115539,-9.945564257154021e-05,-7.338330334738622
93.994140625,0.9999876654875143,-0.00010713687493224655,-7.386581281054315
94.6044921875,0.9999867638216263,-0.00011496874545858901,-7.434837827401275
95.21484375,0.9999858445878519,-0.00012295321792859132,-7.483100009202081
95.8251953125,0.9999849075586777,-0.00013109226894772008,-7.531367861860602
96.435546875,0.9999839525051138,-0.0001393878879647224,-7.579641420761859
97.0458984375,0.9999829791966951,-0.0001478420772566132,-7.62792072127189
97.65625,0.9999819874014781,-0.00015645685195706536,-7.676205798737603
98.2666015625,0.9999809768860433,-0.00016523424004044878,-7.724496688486658
98.876953125,0.9999799474154976,-0.00017417628229430513,-7.772793425827313
99.4873046875,0.9999788987534646,-0.00018328503241044574,-7.8210960460483125
100.09765625,0.9999778306620944,-0.0001925625568966897,-7.869404584418714
100.7080078125,0.9999767429020601,-0.00020201093511108213,-7.9177190761877965
101.318359375,0.9999756352325552,-0.00021163225927876343,-7.966039556584895
101.9287109375,0.9999745074112952,-0.00022142863448473843,-8.01436606081925
102.5390625,0.9999733591945209,-0.00023140217864447412,-8.062698624079918
103.1494140625,0.9999721903369906,-0.00024155502256901335,-8.11103728153558
103.759765625,0.9999710005919866,-0.0002518893099114818,-8.159382068334436
104.3701171875,0.9999697897113118,-0.00026240719719846804,-8.207733019604065
104.98046875,0.9999685574452902,-0.0002731108538218733,-8.256090170451271
105.5908203125,0.9999673035427679,-0.000284002462036558,-8.304453555961958
106.201171875,0.9999660277511105,-0.0002950842169763199,-8.352823211200985
106.8115234375,0.9999647298162051,-0.00030635832664577354,-8.40119917121203
107.421875,0.9999634094824594,-0.00031782701191995354,-8.449581471017428
108.0322265625,0.9999620664927995,-0.00032949250657093106,-8.497970145618078
108.642578125,0.9999607005886745,-0.00034135705722404097,-8.546365229993262
109.2529296875,0.9999593115100521,-0.00035342292339801934,-8.594766759100514
109.86328125,0.9999578989954198,-0.00036569237749789664,-8.643174767875488
110.4736328125,0.9999564627817837,-0.0003781677048194751,-8.691589291231814
111.083984375,0.9999550026046717,-0.00039085120353066986,-8.740010364060929
111.6943359375,0.9999535181981284,-0.00040374518470976046,-8.788438021231999
112.3046875,0.9999520092947194,-0.0004168519723103595,-8.836872297591706
112.9150390625,0.9999504756255279,-0.00043017390319389907,-8.885313227964145
113.525390625,0.9999489169201576,-0.00044371332710137196,-8.933760847150689
114.1357421875,0.999947332906729,-0.00045747260669162673,-8.9822151899298
114.74609375,0.999945723311883,-0.00047145411750348747,-9.030676291056942
115.3564453125,0.9999440878607756,-0.0004856602480095011,-9.07914418526439
115.966796875,0.9999424262770843,-0.0005000933995558999,-9.12761890726112
116.5771484375,0.9999407382830026,-0.0005147559864144432,-9.17610049173266
117.1875,0.9999390235992426,-0.0005296504357580845,-9.224588973340902
117.7978515625,0.9999372819450336,-0.0005447791876761911,-9.27308438672403
118.408203125,0.9999355130381232,-0.0005601446951647006,-9.321586766496319
119.0185546875,0.9999337165947757,-0.0005757494241404003,-9.370096147247999
119.62890625,0.9999318923297725,-0.0005915958534378586,-9.418612563545137
120.2392578125,0.9999300399564134,-0.000607686474801548,-9.46713604992945
120.849609375,0.9999281591865125,-0.0006240237929184848,-9.5156666409182
121.4599609375,0.999926249730404,-0.0006406103253708361,-9.56420437100401
122.0703125,0.9999243112969359,-0.0006574486026926949,-9.612749274654728
122.6806640625,0.9999223435934749,-0.0006745411683265709,-9.661301386313307
123.291015625,0.9999203463259018,-0.0006918905786628318,-9.709860740397602
123.9013671875,0.9999183191986165,-0.0007094994030000789,-9.758427371300293
124.51171875,0.9999162619145328,-0.0007273702235913646,-9.80700131338867
125.1220703125,0.9999141741750808,-0.0007455056356200251,-9.855582601004524
125.732421875,0.9999120556802079,-0.0007639082471967416,-9.904171268463971
126.3427734375,0.9999099061283758,-0.0007825806793845839,-9.952767350057337
126.953125,0.9999077252165619,-0.0008015255661874198,-10.001370880048976
127.5634765625,0.9999055126402612,-0.0008207455545344813,-10.049981892677128
128.173828125,0.9999032680934803,-0.0008402433043334179,-10.098600422153789
128.7841796875,0.9999009912687449,-0.0008600214884076345,-10.147226502664525
129.39453125,0.9998986818570939,-0.0008800827925464805,-10.195860168368357
130.0048828125,0.9998963395480813,-0.0009004299154898732,-10.244501453397572
130.615234375,0.9998939640297758,-0.0009210655689360814,-10.293150391857601
131.2255859375,0.9998915549887644,-0.0009419924775070895,-10.341807017826866
131.8359375,0.9998891121101436,-0.0009632133788268147,-10.390471365356596
132.4462890625,0.9998866350775288,-0.0009847310234450304,-10.439143468470728
133.056640625,0.9998841235730478,-0.0010065481748895745,-10.487823361165674
133.6669921875,0.9998815772773433,-0.0010286676096472038,-10.536511077410276
134.27734375,0.9998789958695737,-0.0010510921171589332,-10.585206651145539
134.8876953125,0.9998763790274088,-0.0010738244998597516,-10.63391011628454
135.498046875,0.9998737264270376,-0.0010968675731064803,-10.68262150671229
136.1083984375,0.9998710377431578,-0.0011202241652782826,-10.731340856285518
136.71875,0.9998683126489847,-0.001143897117692016,-10.780068198832565
137.3291015625,0.9998655508162471,-0.0011678892846458712,-10.8288035681532
137.939453125,0.9998627519151867,-0.0011922035334215575,-10.877546998018495
138.5498046875,0.999859915614562,-0.0012168427442546773,-10.926298522170638
139.16015625,0.9998570415816418,-0.001241809810389989,-10.975058174322772
139.7705078125,0.9998541294822102,-0.0012671076380402421,-11.023825988158878
140.380859375,0.9998511789805663,-0.0012927391463903577,-11.072601997333587
140.9912109375,0.9998481897395214,-0.001318707267622845,-11.121386235472013
141.6015625,0.9998451614204004,-0.0013450149469065853,-11.170178736169621
142.2119140625,0.9998420936830422,-0.0013716651423943144,-11.21897953299205
142.822265625,0.9998389861858017,-0.0013986608252095124,-11.26778865947497
143.4326171875,0.9998358385855429,-0.0014260049795027532,-11.31660614912391
144.04296875,0.9998326505376475,-0.0014537006023836567,-11.365432035414095
144.6533203125,0.9998294216960073,-0.0014817507039830609,-11.414266351790285
145.263671875,0.999826151713032,-0.0015101583073917604,-11.463109131666648
145.8740234375,0.9998228402396402,-0.001538926448737184,-11.511960408426553
146.484375,0.9998194869252663,-0.0015680581771240992,-11.560820215422426
147.0947265625,0.9998160914178575,-0.0015975565546659956,-11.609688585975606
147.705078125,0.9998126533638767,-0.0016274246564576544,-11.65856555337614
148.3154296875,0.999809172408297,-0.0016576655706248967,-11.707451150882683
148.92578125,0.9998056481946073,-0.0016882823982807946,-11.756345411722284
149.5361328125,0.9998020803648089,-0.001719278253551345,-11.80524836909023
150.146484375,0.9997984685594173,-0.0017506562635664414,-11.854160056149903
150.7568359375,0.9997948124174609,-0.0017824195684711208,-11.903080506032612
151.3671875,0.9997911115764823,-0.0018145713214146454,-11.952009751837398
151.9775390625,0.9997873656725378,-0.0018471146885560012,-12.000947826630913
152.587890625,0.9997835743401973,-0.001880052849070383,-12.049894763447233
153.1982421875,0.9997797372125443,-0.0019133889951460513,-12.098850595287681
153.80859375,0.9997758539211744,-0.001947126332003399,-12.147815355120688
154.4189453125,0.9997719240962005,-0.0019812680778474793,-12.196789075881602
155.029296875,0.9997679473662461,-0.002015817463931484,-12.24577179047255
155.6396484375,0.9997639233584502,-0.002050777734512206,-12.294763531762227
156.25,0.9997598516984656,-0.002086152146871119,-12.343764332585785
156.8603515625,0.9997557320104594,-0.0021219439713075026,-12.392774225744613
157.470703125,0.9997515639171124,-0.0021581564911489527,-12.441793244006194
158.0810546875,0.9997473470396188,-0.002194793002753232,-12.490821420103943
158.69140625,0.9997430809976884,-0.002231856815491816,-12.539858786737025
159.3017578125,0.9997387654095444,-0.002269351251772042,-12.58890537657017
159.912109375,0.9997343998919266,-0.0023072796470110565,-12.637961222233557
160.5224609375,0.9997299840600855,-0.00234564534968598,-12.68702635632259
161.1328125,0.9997255175277893,-0.0023844517212799243,-12.736100811397733
161.7431640625,0.9997209999073206,-0.0024237021363080927,-12.785184619984378
162.353515625,0.9997164308094771,-0.0024633999823159276,-12.834277814572632
162.9638671875,0.99971180984357,-0.00250354865989754,-12.883380427617169
163.57421875,0.9997071366174263,-0.002544151582671719,-12.932492491537042
164.1845703125,0.9997024107373896,-0.002585212177281117,-12.981614038715518
164.794921875,0.9996976318083173,-0.002626733883420392,-13.03074510149993
165.4052734375,0.9996927994335837,-0.002668720153805538,-13.079885712201445
166.015625,0.9996879132150769,-0.0027111744542088305,-13.129035903094932
166.6259765625,0.9996829727532033,-0.0027541002634185563,-13.178195706418796
167.236328125,0.9996779776468845,-0.0027975010732691845,-13.22736515437478
167.8466796875,0.999672927493558,-0.002841380388637801,-13.276544279127794
168.45703125,0.999667821889177,-0.0028857417274463547,-13.325733112805727
169.0673828125,0.9996626604282127,-0.002930588620647532,-13.374931687499332
169.677734375,0.9996574427036536,-0.0029759246122289806,-13.424140035261956
170.2880859375,0.9996521683070028,-0.0030217532592426437,-13.47335818810944
170.8984375,0.9996468368282825,-0.0030680781317636964,-13.5225861780199
171.5087890625,0.9996414478560328,-0.003114902812908354,-13.571824036933577
172.119140625,0.9996360009773088,-0.003162230898859423,-13.621071796752625
172.7294921875,0.9996304957776856,-0.0032100659988224234,-13.670329489340983
173.33984375,0.9996249318412569,-0.0032584117350454005,-13.719597146524139
173.9501953125,0.9996193087506332,-0.0033072717428329814,-13.768874800088987
174.560546875,0.999613626086944,-0.0033566496705315155,-13.818162481783636
175.1708984375,0.999607883429838,-0.003406549179530637,-13.867460223317249
175.78125,0.9996020803574824,-0.0034569739442677576,-13.916768056359816
176.3916015625,0.9995962164465644,-0.0035079276522248575,-13.966086012542037
177.001953125,0.999590291272291,-0.0035594140039243508,-14.015414123455086
177.6123046875,0.9995843044083881,-0.003611436712948119,-14.064752420650436
178.22265625,0.9995782554271019,-0.0036639995059199277,-14.114100935639728
178.8330078125,0.9995721438992012,-0.0037171061224936424,-14.163459699894522
179.443359375,0.999565969393973,-0.003770760315393584,-14.212828744846158
180.0537109375,0.9995597314792268,-0.003824965850376756,-14.262208101885571
180.6640625,0.9995534297212917,-0.0038797265062645745,-14.311597802363051
181.2744140625,0.9995470636850229,-0.0039350460748858555,-14.360997877588133
181.884765625,0.9995406329337919,-0.003990928361167448,-14.410408358829391
182.4951171875,0.9995341370294972,-0.004047377183043524,-14.459829277314222
183.10546875,0.999527575532559,-0.0041043963715038136,-14.509260664228691
183.7158203125,0.9995209480019178,-0.004161989770608108,-14.558702550717326
184.326171875,0.9995142539950425,-0.004220161237421684,-14.608154967882951
184.9365234375,0.9995074930679203,-0.004278914642101259,-14.65761794678649
185.546875,0.9995006647750693,-0.004338253867794777,-14.707091518446775
186.1572265625,0.9994937686695262,-0.004398182810744784,-14.75657571384037
186.767578125,0.9994868043028554,-0.004458705380218194,-14.806070563901365
187.3779296875,0.9994797712251472,-0.004519825498520959,-14.855576099521189
187.98828125,0.9994726689850169,-0.004581547101010865,-14.905092351548484
188.5986328125,0.999465497129606,-0.004643874136089117,-14.954619350788779
189.208984375,0.999458255204583,-0.004706810565198719,-15.004157128004442
189.8193359375,0.9994509427541447,-0.0047703603628141975,-15.053705713914413
190.4296875,0.9994435593210135,-0.004834527516469948,-15.103265139194038
191.0400390625,0.9994361044464407,-0.004899316026732655,-15.15283543447485
191.650390625,0.9994285776702074,-0.004964729907199801,-15.202416630344425
192.2607421875,0.9994209785306215,-0.005030773184527137,-15.252008757346156
192.87109375,0.9994133065645214,-0.0050974498983992825,-15.301611845979034
193.4814453125,0.9994055613072779,-0.005164764101519628,-15.35122592669755
194.091796875,0.9993977422927875,-0.005232719859666872,-15.400851029911383
194.7021484375,0.9993898490534803,-0.005301321251637717,-15.450487185985287
195.3125,0.9993818811203207,-0.00537057236923496,-15.500134425238903
195.9228515625,0.9993738380227996,-0.005440477317346308,-15.549792777946468
196.533203125,0.999365719288945,-0.005511040213851482,-15.599462274336764
197.1435546875,0.9993575244453161,-0.005582265189680841,-15.649142944592763
197.75390625,0.9993492530170053,-0.005654156388797814,-15.698834818851587
198.3642578125,0.9993409045276415,-0.005726717968175572,-15.748537927204204
198.974609375,0.9993324784993857,-0.005799954097839359,-15.798252299695239
199.5849609375,0.9993239744529373,-0.005873868960815251,-15.847977966322885
200.1953125,0.9993153919075304,-0.005948466753166763,-15.897714957038522
200.8056640625,0.9993067303809328,-0.006023751684005432,-15.947463301746687
201.416015625,0.9992979893894562,-0.006099727975406884,-15.997223030304783
202.0263671875,0.9992891684479446,-0.006176399862518946,-16.04699417252292
202.63671875,0.999280267069784,-0.006253771593473916,-16.096776758163692
203.2470703125,0.9992712847668949,-0.006331847429465883,-16.146570816941974
203.857421875,0.9992622210497439,-0.006410631644646652,-16.196376378524754
204.4677734375,0.9992530754273344,-0.006490128526217611,-16.246193472530912
205.078125,0.9992438474072116,-0.0065703423743846065,-16.29602212853099
205.6884765625,0.9992345364954623,-0.006651277502365917,-16.345862376047048
206.298828125,0.999225142196717,-0.006732938236380014,-16.395714244552423
206.9091796875,0.9992156640141489,-0.006815328915654582,-16.445577763471547
207.51953125,0.9992061014494742,-0.006898453892430755,-16.4954529621797
208.1298828125,0.9991964540029565,-0.006982317531929745,-16.54533987000287
208.740234375,0.9991867211734032,-0.007066924212387074,-16.595238516217524
209.3505859375,0.9991769024581673,-0.0071522783250414865,-16.64514893005037
209.9609375,0.999166997353151,-0.007238384274106513,-16.695071140678202
210.5712890625,0.9991570053528015,-0.007325246476814474,-16.745005177227664
211.181640625,0.9991469259501184,-0.0074128693633553075,-16.794951068775045
211.7919921875,0.9991367586366467,-0.0075012573769418864,-16.844908844346115
212.40234375,0.9991265029024845,-0.007590414973746991,-16.894878532915847
213.0126953125,0.9991161582362805,-0.007680346622929136,-16.944860163408286
213.623046875,0.9991057241252336,-0.007771056806643935,-16.994853764696227
214.2333984375,0.9990952000550972,-0.00786255002000631,-17.0448593656012
214.84375,0.999084585510178,-0.00795483077111159,-17.09487699489304
215.4541015625,0.999073879973336,-0.008047903581034473,-17.14490668128984
216.064453125,0.9990630829259891,-0.008141772983797117,-17.194948453457677
216.6748046875,0.9990521938481093,-0.008236443526407764,-17.24500234001039
217.28515625,0.9990412122182248,-0.008331919768843395,-17.29506836950942
217.8955078125,0.9990301375134264,-0.008428206284004446,-17.345146570463548
218.505859375,0.9990189692093583,-0.008525307657794079,-17.395236971328707
219.1162109375,0.9990077067802287,-0.008623228489035337,-17.445339600507786
219.7265625,0.998996349698806,-0.008721973389506095,-17.495454486350372
220.3369140625,0.9989848974364178,-0.00882154698395669,-17.545581657152603
220.947265625,0.9989733494629577,-0.008921953910052283,-17.59572114115688
221.5576171875,0.9989617052468818,-0.009023198818408917,-17.64587296655174
222.16796875,0.9989499642552119,-0.00912528637257265,-17.696037161471533
222.7783203125,0.9989381259535343,-0.009228221249034456,-17.746213753996358
223.388671875,0.9989261898060033,-0.009332008137203656,-17.796402772151666
223.9990234375,0.9989141552753407,-0.00943665173942194,-17.846604243908203
224.609375,0.9989020218228384,-0.009542156770938812,-17.896818197181695
225.2197265625,0.9988897889083561,-0.009648527959944048,-17.9470446598327
225.830078125,0.9988774559903265,-0.009755770047524884,-17.99728365966634
226.4404296875,0.9988650225257545,-0.009863887787678279,-18.047535224432114
227.05078125,0.998852487970217,-0.009972885947318415,-18.09779938182364
227.6611328125,0.9988398517778678,-0.010082769306239796,-18.14807615947852
228.271484375,0.9988271134014333,-0.010193542657162488,-18.19836558497803
228.8818359375,0.9988142722922189,-0.010305210805676975,-18.24866768584696
229.4921875,0.9988013279001084,-0.010417778570259559,-18.29898248955339
230.1025390625,0.998788279673562,-0.010531250782296471,-18.3493100235084
230.712890625,0.9987751270596217,-0.010645632286036606,-18.39965031506598
231.3232421875,0.9987618695039129,-0.010760927938589668,-18.450003391522685
231.93359375,0.9987485064506408,-0.010877142609960077,-18.500369280117503
232.5439453125,0.9987350373425959,-0.010994281183007576,-18.550748008031555
233.154296875,0.9987214616211549,-0.011112348553442607,-18.601139602387967
233.7646484375,0.9987077787262775,-0.011231349629862306,-18.65154409025155
234.375,0.9986939880965162,-0.011351289333668746,-18.70196149862865
234.9853515625,0.9986800891690084,-0.011472172599148477,-18.752391854466897
235.595703125,0.9986660813794829,-0.011594004373417885,-18.802835184654963
236.2060546875,0.998651964162263,-0.011716789616403392,-18.853291516022406
236.81640625,0.99863773695026,-0.011840533300905665,-18.903760875339323
237.4267578125,0.998623399174984,-0.011965240412512327,-18.954243289316285
238.037109375,0.9986089502665386,-0.012090915949646815,-19.004738784603987
238.6474609375,0.9985943896536238,-0.012217564923554566,-19.055247387793045
239.2578125,0.9985797167635411,-0.012345192358261215,-19.10576912541382
239.8681640625,0.9985649310221887,-0.012473803290622608,-19.15630402393614
240.478515625,0.998550031854068,-0.012603402770275364,-19.206852109769127
241.0888671875,0.9985350186822824,-0.012733995859652238,-19.25741340926088
241.69921875,0.9985198909285399,-0.012865587633969474,-19.30798794869835
242.3095703125,0.9985046480131539,-0.012998183181221017,-19.358575754307033
242.919921875,0.9984892893550456,-0.013131787602169837,-19.409176852250827
243.5302734375,0.9984738143717439,-0.013266406010352859,-19.45979126863168
244.140625,0.9984582224793889,-0.013402043532058868,-19.510419029489473
244.7509765625,0.9984425130927312,-0.013538705306339346,-19.56106016080174
245.361328125,0.9984266856251359,-0.013676396484984542,-19.61171468848343
245.9716796875,0.9984107394885818,-0.013815122232532468,-19.662382638386728
246.58203125,0.9983946740936658,-0.013954887726242192,-19.713064036300736
247.1923828125,0.9983784888496021,-0.014095698156103894,-19.763758907951342
247.802734375,0.9983621831642228,-0.01423755872484608,-19.81446727900089
248.4130859375,0.9983457564439825,-0.014380474647896472,-19.865189175048048
249.0234375,0.9983292080939594,-0.014524451153385458,-19.91592462162748
249.6337890625,0.9983125375178572,-0.014669493482134147,-19.96667364420971
250.244140625,0.9982957441180019,-0.014815606887688836,-20.017436268200758
250.8544921875,0.9982788272953511,-0.014962796636250235,-20.068212518942044
251.46484375,0.9982617864494906,-0.015111068006708049,-20.11900242171007
252.0751953125,0.9982446209786381,-0.015260426290617649,-20.169806001716225
252.685546875,0.9982273302796445,-0.015410876792196108,-20.220623284106495
253.2958984375,0.998209913747994,-0.0155624248283299,-20.2714542939613
253.90625,0.9981923707778092,-0.015715075728535314,-20.322299056295204
254.5166015625,0.9981747007618502,-0.0158688348349788,-20.3731575960567
255.126953125,0.9981569030915179,-0.016023707502451995,-20.424029938127966
255.7373046875,0.9981389771568556,-0.01617969909836803,-20.474916107324656
256.34765625,0.9981209223465501,-0.016336815002757913,-20.525816128395608
256.9580078125,0.9981027380479338,-0.01649506060826308,-20.576730026022645
257.568359375,0.9980844236469868,-0.016654441320122244,-20.627657824820318
258.1787109375,0.9980659785283393,-0.016814962556160176,-20.678599549335715
258.7890625,0.9980474020752719,-0.01697662974679497,-20.729555224048113
259.3994140625,0.9980286936697202,-0.017139448335000845,-20.780524873368876
260.009765625,0.9980098526922744,-0.01730342377632807,-20.8315085216411
260.6201171875,0.9979908785221818,-0.017468561538880396,-20.882506193139456
261.23046875,0.9979717705373489,-0.017634867103313825,-20.93351791206988
261.8408203125,0.9979525281143454,-0.017802345962802564,-20.984543702569376
262.451171875,0.9979331506284012,-0.017971003623081398,-21.03558358870576
263.0615234375,0.9979136374534142,-0.018140845602377925,-21.086637594477413
263.671875,0.9978939879619495,-0.01831187743143669,-21.137705743813076
264.2822265625,0.9978742015252406,-0.018484104653510497,-21.188788060571515
264.892578125,0.9978542775131947,-0.018657532824328592,-21.239884568541427
265.5029296875,0.9978342152943886,-0.01883216751213449,-21.290995291441003
266.11328125,0.997814014236081,-0.019008014297597263,-21.342120252917876
266.7236328125,0.9977936737042031,-0.01918507877389102,-21.393259476548728
267.333984375,0.9977731930633709,-0.019363366546608255,-21.444412985839147
267.9443359375,0.99775257167688,-0.019542883233803713,-21.495580804223334
268.5546875,0.9977318089067112,-0.01972363446596389,-21.546762955063834
269.1650390625,0.9977109041135329,-0.019905625885988175,-21.597959461651353
269.775390625,0.9976898566567017,-0.020088863149197174,-21.649170347204482
270.3857421875,0.9976686658942665,-0.020273351923305274,-21.70039563486939
270.99609375,0.9976473311829696,-0.020459097888419365,-21.751635347719706
271.6064453125,0.9976258518782495,-0.02064610673702414,-21.802889508756166
272.216796875,0.9976042273342425,-0.020834384173979988,-21.854158140906375
272.8271484375,0.997582456903786,-0.021023935916500647,-21.90544126702464
273.4375,0.9975605399384204,-0.02121476769414831,-21.956738909891598
274.0478515625,0.9975384757883917,-0.021406885248820146,-22.00805109221407
274.658203125,0.9975162638026537,-0.02160029433473868,-22.05937783662475
275.2685546875,0.99749390332887,-0.021795000718443237,-22.11071916568202
275.87890625,0.9974713937134176,-0.02199101017877084,-22.162075101869604
276.4892578125,0.9974487343013897,-0.022188328506840965,-22.213445667596435
277.099609375,0.9974259244365944,-0.022386961506074277,-22.264830885196243
277.7099609375,0.9974029634615623,-0.022586914992139825,-22.316230776927505
278.3203125,0.9973798507175461,-0.02278819479296808,-22.367645364973033
278.9306640625,0.9973565855445231,-0.022990806748736957,-22.41907467143979
279.541015625,0.9973331672812006,-0.02319475671183855,-22.470518718358633
280.1513671875,0.9973095952650136,-0.023400050546905898,-22.521977527684037
280.76171875,0.9972858688321323,-0.02360669413076146,-22.573451121293875
281.3720703125,0.9972619873174617,-0.02381469335242858,-22.624939520989155
281.982421875,0.9972379500546446,-0.02402405411311776,-22.676442748493713
282.5927734375,0.9972137563760667,-0.02423478232618896,-22.727960825454073
283.203125,0.9971894056128544,-0.02444688391718732,-22.779493773439075
283.8134765625,0.9971648970948837,-0.024660364823772686,-22.831041613939686
284.423828125,0.9971402301507788,-0.024875230995741,-22.88260436836874
285.0341796875,0.997115404107914,-0.02509148839502354,-22.934182058060628
285.64453125,0.9970904182924223,-0.025309142995618535,-22.985774704271154
286.2548828125,0.9970652720291895,-0.025528200783655322,-23.037382328177163
286.865234375,0.9970399646418643,-0.025748667757317385,-23.08900495087633
287.4755859375,0.9970144954528601,-0.025970549926837023,-23.140642593386936
288.0859375,0.9969888637833539,-0.026193853314518116,-23.19229527664758
288.6962890625,0.9969630689532917,-0.02641858395469806,-23.243963021516848
289.306640625,0.9969371102813926,-0.026644747893722315,-23.295645848773237
289.9169921875,0.9969109870851507,-0.026872351189945153,-23.347343779114713
290.52734375,0.996884698680837,-0.027101399913716906,-23.399056833158554
291.1376953125,0.9968582443835037,-0.027331900147362607,-23.450785031441093
291.748046875,0.9968316235069862,-0.02756385798517615,-23.502528394417375
292.3583984375,0.9968048353639071,-0.027797279533395204,-23.554286942460998
292.96875,0.9967778792656794,-0.028032170910185818,-23.606060695863793
293.5791015625,0.9967507545225084,-0.02826853824563876,-23.657849674835575
294.189453125,0.9967234604433952,-0.02850638768174846,-23.70965389950393
294.7998046875,0.9966959963361395,-0.028745725372403687,-23.76147338991383
295.41015625,0.9966683615073463,-0.028986557483337595,-23.81330816602755
296.0205078125,0.9966405552624222,-0.029228890192174638,-23.865158247724253
296.630859375,0.996612576905584,-0.02947272968836821,-23.917023654799795
297.2412109375,0.9965844257398614,-0.029718082173186725,-23.968904406966487
297.8515625,0.9965561010670965,-0.0299649538597317,-24.020800523852753
298.4619140625,0.9965276021879529,-0.030213350972870784,-24.07271202500297
299.072265625,0.9964989284019129,-0.030463279749275294,-24.12463892987711
299.6826171875,0.9964700790072863,-0.03071474643735437,-24.176581257850543
300.29296875,0.9964410533012076,-0.03096775729729459,-24.22853902821373
300.9033203125,0.9964118505796475,-0.031222318600967178,-24.280512260172014
301.513671875,0.996382470137408,-0.03147843663199098,-24.332500972845278
302.1240234375,0.9963529112681299,-0.03173611768567268,-24.38450518526777
302.734375,0.9963231732642975,-0.031995368068981934,-24.436524916387746
303.3447265625,0.996293255417239,-0.03225619410056327,-24.4885601850673
303.955078125,0.9962631570171306,-0.03251860211070748,-24.54061101008202
304.5654296875,0.9962328773530017,-0.03278259844132506,-24.592677410120775
305.17578125,0.9962024157127385,-0.03304818944592347,-24.644759403785418
305.7861328125,0.9961717713830839,-0.033315381489624214,-24.69685700959054
306.396484375,0.996140943649644,-0.03358418094911812,-24.74897024596319
307.0068359375,0.9961099317968931,-0.03385459421263603,-24.801099131242623
307.6171875,0.9960787351081744,-0.0341266276799555,-24.853243683680024
308.2275390625,0.9960473528657031,-0.03440028776238524,-24.905403921438236
308.837890625,0.996015784350575,-0.034675580882709015,-24.95757986259153
309.4482421875,0.9959840288427637,-0.03495251347521864,-25.00977152512527
310.05859375,0.9959520856211301,-0.0352310919856464,-25.061978926935712
310.6689453125,0.9959199539634219,-0.035511322871184636,-25.1142020858297
311.279296875,0.9958876331462779,-0.035793212600459964,-25.166441019524413
311.8896484375,0.9958551224452364,-0.03607676765347554,-25.21869574564709
312.5,0.9958224211347321,-0.03636199452165222,-25.27096628173475
313.1103515625,0.9957895284881032,-0.03664889970777776,-25.32325264523397
313.720703125,0.9957564437775989,-0.03693748972596099,-25.375554853500546
314.3310546875,0.995723166274377,-0.03722777110166154,-25.427872923799296
314.94140625,0.9956896952485104,-0.037519750371650895,-25.48020687330374
315.5517578125,0.9956560299689929,-0.037813434083974515,-25.53255671909584
316.162109375,0.9956221697037383,-0.038108828797976974,-25.584922478165748
316.7724609375,0.9955881137195923,-0.038405941084207064,-25.63730416741154
317.3828125,0.9955538612823283,-0.03870477752447599,-25.68970180363891
317.9931640625,0.9955194116566553,-0.03900534471179658,-25.742115403560952
318.603515625,0.9954847641062226,-0.039307649250362175,-25.79454498379782
319.2138671875,0.9954499178936215,-0.039611697755544094,-25.84699056087652
319.82421875,0.9954148722803928,-0.03991749685384163,-25.899452151230648
320.4345703125,0.9953796265270276,-0.040225053182891324,-25.951929771200035
321.044921875,0.9953441798929735,-0.04053437339142477,-26.004423437030564
321.6552734375,0.9953085316366365,-0.040845464139271336,-26.056933164873854
322.265625,0.9952726810153883,-0.04115833209730453,-26.109458970787003
322.8759765625,0.9952366272855696,-0.04147298394743605,-26.162000870732317
323.486328125,0.995200369702492,-0.041789426382605944,-26.214558880577044
324.0966796875,0.9951639075204467,-0.04210766610672937,-26.267133016093076
324.70703125,0.9951272399927038,-0.04242770983471304,-26.319723292956677
325.3173828125,0.9950903663715197,-0.04274956429240988,-26.372329726748266
325.927734375,0.9950532859081432,-0.04307323621657946,-26.4249523329521
326.5380859375,0.9950159978528138,-0.043398732354920255,-26.477591126955982
327.1484375,0.9949785014547737,-0.043726059465977976,-26.530246124051054
327.7587890625,0.9949407959622666,-0.04405522431917605,-26.582917339431457
328.369140625,0.9949028806225443,-0.044386233694769586,-26.635604788194097
328.9794921875,0.9948647546818706,-0.04471909438383051,-26.688308485338357
329.58984375,0.9948264173855287,-0.04505381318819972,-26.741028445765814
330.2001953125,0.9947878679778211,-0.04539039692049952,-26.79376468428004
330.810546875,0.9947491057020759,-0.045728852404102474,-26.84651721558621
331.4208984375,0.9947101298006539,-0.04606918647307702,-26.89928605429088
332.03125,0.9946709395149517,-0.046411405972184586,-26.95207121490176
332.6416015625,0.9946315340854043,-0.04675551775686908,-27.00487271182743
333.251953125,0.9945919127514912,-0.047101528693222094,-27.05769055937695
333.8623046875,0.9945520747517446,-0.04744944565792698,-27.11052477175972
334.47265625,0.9945120193237478,-0.04779927553829018,-27.163375363085198
335.0830078125,0.9944717457041455,-0.04815102523216801,-27.216242347362538
335.693359375,0.9944312531286446,-0.04850470164797869,-27.269125738500378
336.3037109375,0.9943905408320222,-0.048860311704643875,-27.322025550306567
336.9140625,0.9943496080481282,-0.04921786233158924,-27.374941796487853
337.5244140625,0.9943084540098919,-0.049577360468702585,-27.42787449064968
338.134765625,0.9942670779493252,-0.04993881306631909,-27.480823646295796
338.7451171875,0.9942254790975305,-0.050302227085176635,-27.533789276828127
339.35546875,0.9941836566847011,-0.0506676094964217,-27.586771395546364
339.9658203125,0.9941416099401302,-0.05103496728155597,-27.6397700156478
340.576171875,0.9940993380922147,-0.05140430743241623,-27.692785150226968
341.1865234375,0.9940568403684598,-0.05177563695115324,-27.745816812275415
341.796875,0.9940141159954852,-0.05214896285019324,-27.798865014681436
342.4072265625,0.9939711641990273,-0.05252429215224032,-27.85192977022973
343.017578125,0.9939279842039493,-0.052901631890204116,-27.90501109160123
343.6279296875,0.9938845752342419,-0.05328098910721204,-27.958108991372733
344.23828125,0.9938409365130308,-0.05366237085655947,-28.01122348201667
344.8486328125,0.9937970672625813,-0.05404578420169301,-28.064354575900865
345.458984375,0.9937529667043037,-0.05443123621617634,-28.117502285288154
346.0693359375,0.9937086340587586,-0.05481873398366399,-28.170666622336235
346.6796875,0.9936640685456632,-0.055208284597867315,-28.223847599097336
347.2900390625,0.993619269383894,-0.05559989516254586,-28.277045227517867
347.900390625,0.9935742357914941,-0.0559935727914629,-28.330259519438282
348.5107421875,0.9935289669856786,-0.05638932460835751,-28.38349048659272
349.12109375,0.9934834621828406,-0.05678715774691285,-28.436738140608764
349.7314453125,0.9934377205985561,-0.05718707935072746,-28.490002493007147
350.341796875,0.9933917414475874,-0.057589096573308976,-28.54328355520143
350.9521484375,0.9933455239438934,-0.05799321657799988,-28.59658133849785
351.5625,0.9932990673006283,-0.058399446538011206,-28.64989585409497
352.1728515625,0.9932523707301565,-0.058807793636308725,-28.703227113083322
352.783203125,0.9932054334440475,-0.05921826506567582,-28.75657512644533
353.3935546875,0.9931582546530908,-0.05963086802860763,-28.80993990505484
354.00390625,0.9931108335672978,-0.06004560973730811,-28.863321459676982
354.6142578125,0.9930631693959044,-0.06046249741368918,-28.916719800967794
355.224609375,0.9930152613473824,-0.06088153828929313,-28.97013493947404
355.8349609375,0.992967108629442,-0.06130273960528419,-29.023566885632867
356.4453125,0.9929187104490375,-0.06172610861242649,-29.077015649771553
357.0556640625,0.9928700660123772,-0.062151652571008714,-29.130481242107244
357.666015625,0.9928211745249221,-0.06257937875088149,-29.183963672746657
358.2763671875,0.9927720351913972,-0.06300929443137832,-29.237462951685835
358.88671875,0.9927226472157961,-0.06344140690129194,-29.290979088809824
359.4970703125,0.9926730098013877,-0.06387572345883619,-29.344512093892465
360.107421875,0.9926231221507187,-0.06431225141164976,-29.398061976596082
360.7177734375,0.9925729834656245,-0.0647509980767135,-29.451628746471215
361.328125,0.9925225929472329,-0.06519197078034464,-29.505212412956286
361.9384765625,0.9924719497959685,-0.06563517685817448,-29.558812985377457
362.548828125,0.9924210532115624,-0.06608062365508836,-29.61243047294825
363.1591796875,0.9923699023930543,-0.06652831852522197,-29.666064884769305
363.76953125,0.9923184965388029,-0.06697826883189854,-29.71971622982811
364.3798828125,0.9922668348464895,-0.06743048194761081,-29.77338451699872
364.990234375,0.9922149165131229,-0.06788496525400398,-29.827069755041496
365.6005859375,0.9921627407350496,-0.06834172614180536,-29.880771952602814
366.2109375,0.9921103067079582,-0.06880077201080849,-29.934491118214833
366.8212890625,0.992057613626884,-0.06926211026985055,-29.98822726029515
367.431640625,0.9920046606862171,-0.06972574833676845,-30.041980387146605
368.0419921875,0.9919514470797081,-0.07019169363836282,-30.09575050695694
368.65234375,0.991897972000477,-0.07065995361034738,-30.1495376277986
369.2626953125,0.9918442346410149,-0.071130535697355,-30.203341757628387
369.873046875,0.9917902341931948,-0.07160344735286088,-30.257162904287252
370.4833984375,0.9917359698482763,-0.07207869603916642,-30.311001075499952
371.09375,0.9916814407969105,-0.07255628922737706,-30.364856278874882
371.7041015625,0.9916266462291504,-0.07303623439733183,-30.418728521903688
372.314453125,0.9915715853344553,-0.0735185390375901,-30.472617811961076
372.9248046875,0.9915162573016957,-0.07400321064540695,-30.5265241563045
373.53515625,0.9914606613191634,-0.07449025672666666,-30.580447562073932
374.1455078125,0.9914047965745761,-0.07497968479586888,-30.63438803629156
374.755859375,0.9913486622550833,-0.07547150237609437,-30.688345585861487
375.3662109375,0.9912922575472768,-0.0759657169989379,-30.742320217569567
375.9765625,0.9912355816371935,-0.07646233620450425,-30.796311938082994
376.5869140625,0.9911786337103233,-0.0769613675413636,-30.85032075395015
377.197265625,0.9911214129516163,-0.07746281856651077,-30.904346671600305
377.8076171875,0.9910639185454906,-0.07796669684531593,-30.95838969734328
378.41796875,0.9910061496758382,-0.07847300995150047,-31.01244983736928
379.0283203125,0.9909481055260312,-0.07898176546710343,-31.066527097748562
379.638671875,0.9908897852789302,-0.07949297098242844,-31.12062148443118
380.2490234375,0.9908311881168899,-0.08000663409602275,-31.17473300324672
380.859375,0.9907723132217687,-0.08052276241460901,-31.228861659904034
381.4697265625,0.9907131597749318,-0.08104136355308958,-31.28300745999097
382.080078125,0.9906537269572611,-0.0815624451344755,-31.33717040897413
382.6904296875,0.9905940139491615,-0.08208601478985812,-31.39135051219852
383.30078125,0.9905340199305698,-0.08261208015835453,-31.44554777488742
383.9111328125,0.9904737440809586,-0.0831406488870959,-31.49976220214198
384.521484375,0.9904131855793449,-0.08367172863117509,-31.55399379894104
385.1318359375,0.9903523436042985,-0.08420532705359819,-31.608242570140828
385.7421875,0.9902912173339485,-0.08474145182524875,-31.66250852047475
386.3525390625,0.9902298059459899,-0.08528011062485799,-31.71679165455299
386.962890625,0.9901681086176907,-0.08582131113895942,-31.771091976862433
387.5732421875,0.9901061245259027,-0.08636506106182418,-31.825409491766244
388.18359375,0.990043852847063,-0.08691136809547131,-31.879744203503687
388.7939453125,0.9899812927572083,-0.08746023994956138,-31.934096116189885
389.404296875,0.9899184434319748,-0.08801168434142637,-31.988465233815393
390.0146484375,0.9898553040466131,-0.08856570899596147,-32.04285156024618
390.625,0.9897918737759898,-0.08912232164563763,-32.09725509922314
391.2353515625,0.9897281517946002,-0.08968153003040809,-32.15167585436202
391.845703125,0.9896641372765697,-0.09024334189772791,-32.20611382915301
392.4560546875,0.9895998293956678,-0.09080776500245091,-32.260569026960574
393.06640625,0.9895352273253109,-0.09137480710683371,-32.3150414510231
393.6767578125,0.9894703302385733,-0.09194447598045721,-32.36953110445276
394.287109375,0.9894051373081942,-0.09251677940019869,-32.424037990235206
394.8974609375,0.989339647706581,-0.09309172515022056,-32.47856211122915
395.5078125,0.9892738606058267,-0.09366932102184518,-32.533103470166424
396.1181640625,0.9892077751777064,-0.09424957481361006,-32.58766206965143
396.728515625,0.9891413905936937,-0.0948324943311516,-32.64223791216102
397.3388671875,0.9890747060249635,-0.09541808738719998,-32.69683100004425
397.94921875,0.9890077206424044,-0.09600636180150199,-32.75144133552203
398.5595703125,0.988940433616621,-0.09659732540082108,-32.806068920686954
399.169921875,0.9888728441179481,-0.09719098601884067,-32.860713757502985
399.7802734375,0.9888049513164523,-0.09778735149617412,-32.91537584780527
400.390625,0.9887367543819457,-0.09838642968027123,-32.97005519329984
401.0009765625,0.98866825248399,-0.09898822842540775,-33.024751795563276
401.611328125,0.9885994447919072,-0.09959275559261545,-33.07946565604267
402.2216796875,0.9885303304747854,-0.10020001904965721,-33.13419677605509
402.83203125,0.9884609087014892,-0.10081002667096492,-33.188945156787604
403.4423828125,0.9883911786406656,-0.10142278633760694,-33.24371079929681
404.052734375,0.9883211394607541,-0.10203830593723305,-33.29849370450869
404.6630859375,0.9882507903299943,-0.10265659336402637,-33.35329387321834
405.2734375,0.9881801304164339,-0.103277656518665,-33.40811130608974
405.8837890625,0.9881091588879359,-0.1039015033082819,-33.46294600365544
406.494140625,0.9880378749121908,-0.1045281416463848,-33.51779796631639
407.1044921875,0.9879662776567208,-0.1051575794528424,-33.5726671943416
407.71484375,0.9878943662888892,-0.1057898246538368,-33.627553687867994
408.3251953125,0.987822139975911,-0.10642488518178526,-33.68245744690008
408.935546875,0.9877495978848587,-0.10706276897532407,-33.73737847130973
409.5458984375,0.987676739182671,-0.10770348397925777,-33.79231676083593
410.15625,0.9876035630361633,-0.1083470381444885,-33.847272315084574
410.7666015625,0.9875300686120347,-0.10899343942798581,-33.902245133528126
411.376953125,0.9874562550768764,-0.10964269579274057,-33.957235215505435
411.9873046875,0.9873821215971834,-0.11029481520768318,-34.012242560221566
412.59765625,0.987307667339357,-0.11094980564769416,-34.06726716674733
413.2080078125,0.9872328914697177,-0.11160767509351582,-34.12230903401927
413.818359375,0.9871577931545154,-0.11226843153168858,-34.17736816083939
414.4287109375,0.9870823715599344,-0.11293208295453414,-34.23244454587472
415.0390625,0.987006625852104,-0.1135986373600929,-34.28753818765733
415.6494140625,0.9869305551971063,-0.11426810275207797,-34.34264908458389
416.259765625,0.9868541587609859,-0.11494048713981947,-34.39777723491553
416.8701171875,0.9867774357097602,-0.11561579853820315,-34.45292263677755
417.48046875,0.9867003852094239,-0.11629404496765289,-34.50808528815928
418.0908203125,0.9866230064259637,-0.11697523445403606,-34.56326518691371
418.701171875,0.9865452985253609,-0.11765937502866101,-34.61846233075731
419.3115234375,0.9864672606736056,-0.11834647472818544,-34.673676717269814
419.921875,0.9863888920367047,-0.11903654159457085,-34.728908343894
420.5322265625,0.9863101917806868,-0.11972958367506742,-34.78415720793532
421.142578125,0.9862311590716172,-0.12042560902211194,-34.839423306561876
421.7529296875,0.9861517930756032,-0.12112462569330576,-34.894706636803996
422.36328125,0.9860720929588043,-0.12182664175135596,-34.9500071955541
422.9736328125,0.9859920578874406,-0.12253166526402706,-35.00532497956645
423.583984375,0.9859116870278039,-0.12323970430407438,-35.06065998545694
424.1943359375,0.9858309795462654,-0.1239507669491999,-35.116012209702795
424.8046875,0.9857499346092835,-0.12466486128201792,-35.171381648642374
425.4150390625,0.985668551383417,-0.1253819953899611,-35.226768298475015
426.025390625,0.9855868290353301,-0.12610217736526885,-35.28217215526069
426.6357421875,0.9855047667318066,-0.12682541530488853,-35.33759321491983
427.24609375,0.9854223636397529,-0.12755171731047957,-35.39303147323311
427.8564453125,0.9853396189262138,-0.12828109148829922,-35.44848692584124
428.466796875,0.9852565317583765,-0.12901354594920073,-35.5039595682446
429.0771484375,0.9851731013035855,-0.12974908880852626,-35.559449395803284
429.6875,0.9850893267293462,-0.13048772818610702,-35.614956403736564
430.2978515625,0.9850052072033388,-0.13122947220616896,-35.670480587122896
430.908203125,0.9849207418934276,-0.13197432899727826,-35.72602194089962
431.5185546875,0.9848359299676657,-0.1327223066923294,-35.7815804598627
432.12890625,0.984750770594312,-0.13347341342842411,-35.83715613866659
432.7392578125,0.984665262941835,-0.1342276573468702,-35.89274897182394
433.349609375,0.984579406178923,-0.13498504659311375,-35.94835895370535
433.9599609375,0.9844931994744996,-0.1357455893166389,-36.003986078539306
434.5703125,0.9844066419977247,-0.1365092936709845,-36.0596303404118
435.1806640625,0.9843197329180111,-0.1372761678136243,-36.11529173326616
435.791015625,0.9842324714050299,-0.13804621990595634,-36.170970250902904
436.4013671875,0.9841448566287241,-0.13881945811320473,-36.226665886979404
437.01171875,0.9840568877593141,-0.13959589060440428,-36.28237863500983
437.6220703125,0.983968563967312,-0.1403755255523034,-36.338108488364746
438.232421875,0.983879884423528,-0.14115837113333687,-36.39385544027106
438.8427734375,0.9837908482990811,-0.1419444355275604,-36.44961948381171
439.453125,0.9837014547654119,-0.1427337269185685,-36.5054006119256
440.0634765625,0.9836117029942876,-0.14352625349347906,-36.56119881740715
440.673828125,0.9835215921578155,-0.14432202344284262,-36.617014092906274
441.2841796875,0.9834311214284517,-0.14512104496060052,-36.67284643092817
441.89453125,0.9833402899790136,-0.1459233262439971,-36.72869582383305
442.5048828125,0.9832490969826838,-0.14672887549358013,-36.784562263835895
443.115234375,0.9831575416130273,-0.1475377009130789,-36.84044574300638
443.7255859375,0.9830656230439986,-0.14834981070936734,-36.896346253268554
444.3359375,0.9829733404499504,-0.14916521309242153,-36.952263786400756
444.9462890625,0.9828806930056458,-0.149983916275241,-37.00819833403521
445.556640625,0.9827876798862684,-0.15080592847378838,-37.06414988765811
446.1669921875,0.9826943002674301,-0.15163125790694915,-37.120118438609154
446.77734375,0.9826005533251858,-0.15245991279643714,-37.17610397808151
447.3876953125,0.9825064382360386,-0.1532919013667747,-37.2321064971216
447.998046875,0.9824119541769545,-0.1541272318451926,-37.28812598662877
448.6083984375,0.9823171003253707,-0.15496591246159055,-37.34416243735534
449.21875,0.9822218758592044,-0.15580795144848616,-37.40021583990613
449.8291015625,0.9821262799568667,-0.15665335704092467,-37.45628618473856
450.439453125,0.9820303117972704,-0.15750213747644068,-37.512373462162124
451.0498046875,0.981933970559841,-0.15835430099498832,-37.56847766233852
451.66015625,0.9818372554245283,-0.15920985583887295,-37.6245987752813
452.2705078125,0.9817401655718146,-0.16006881025270586,-37.680736790855654
452.880859375,0.9816427001827278,-0.16093117248332398,-37.736891698778294
453.4912109375,0.98154485843885,-0.16179695077973802,-37.79306348861729
454.1015625,0.9814466395223282,-0.16266615339307192,-37.84925214979179
454.7119140625,0.9813480426158865,-0.16353878857648818,-37.905457671571874
455.322265625,0.9812490669028363,-0.16441486458512172,-37.96168004307847
455.9326171875,0.9811497115670842,-0.16529438967604748,-38.01791925328302
456.54296875,0.9810499757931455,-0.1661773721081875,-38.07417529100738
457.1533203125,0.9809498587661557,-0.1670638201422408,-38.13044814492361
457.763671875,0.9808493596718763,-0.16795374204066565,-38.18673780355385
458.3740234375,0.9807484776967126,-0.16884714606754778,-38.24304425527012
458.984375,0.9806472120277187,-0.16974404048859265,-38.29936748829413
459.5947265625,0.9805455618526088,-0.17064443357105147,-38.35570749069699
460.205078125,0.9804435263597738,-0.1715483335836085,-38.412064250399375
460.8154296875,0.9803411047382834,-0.1724557487963935,-38.46843775517093
461.42578125,0.9802382961779041,-0.17336668748084944,-38.524827992630456
462.0361328125,0.9801350998691066,-0.17428115790970378,-38.58123495024551
462.646484375,0.9800315150030767,-0.17519916835689803,-38.63765861533229
463.2568359375,0.979927540771727,-0.17612072709751875,-38.694098975055525
463.8671875,0.9798231763677097,-0.17704584240771154,-38.75055601642835
464.4775390625,0.9797184209844242,-0.17797452256464938,-38.80702972631199
465.087890625,0.9796132738160289,-0.17890677584645637,-38.86352009141563
465.6982421875,0.9795077340574541,-0.17984261053212602,-38.92002709829642
466.30859375,0.9794018009044109,-0.18078203490147063,-38.97655073335912
466.9189453125,0.9792954735534041,-0.18172505723504248,-39.03309098285602
467.529296875,0.9791887512017418,-0.18267168581407742,-39.0896478328868
468.1396484375,0.9790816330475463,-0.18362192892042972,-39.14622126939836
468.75,0.9789741182897679,-0.18457579483648134,-39.20281127818458
469.3603515625,0.9788662061281922,-0.18553329184510925,-39.25941784488637
469.970703125,0.978757895763455,-0.1864944282295838,-39.31604095499129
470.5810546875,0.9786491863970483,-0.18745921227354506,-39.3726805938335
471.19140625,0.978540077231339,-0.18842765226087455,-39.42933674659365
471.8017578125,0.9784305674695731,-0.18939975647567941,-39.48600939829868
472.412109375,0.9783206563158918,-0.19037553320219183,-39.5426985338217
473.0224609375,0.9782103429753383,-0.19135499072473244,-39.59940413788176
473.6328125,0.9780996266538741,-0.1923381373275988,-39.65612619504384
474.2431640625,0.9779885065583874,-0.19332498129502415,-39.71286468971863
474.853515625,0.9778769818967034,-0.19431553091111803,-39.7696196061624
475.4638671875,0.9777650518775977,-0.1953097944597736,-39.8263909284768
476.07421875,0.9776527157108079,-0.19630778022460146,-39.88317864060888
476.6845703125,0.9775399726070426,-0.1973094964888805,-39.93998272635075
477.294921875,0.9774268217779962,-0.19831495153545498,-39.99680316933961
477.9052734375,0.9773132624363575,-0.19932415364669234,-40.0536399530576
478.515625,0.9771992937958214,-0.20033711110441013,-40.11049306083146
479.1259765625,0.9770849150711014,-0.20135383218979483,-40.16736247583269
479.736328125,0.976970125477943,-0.20237432518331736,-40.224248181077314
480.3466796875,0.9768549242331305,-0.20339859836470295,-40.28115015942562
480.95703125,0.9767393105545003,-0.2044266600128418,-40.33806839358215
481.5673828125,0.9766232836609559,-0.20545851840569093,-40.39500286609568
482.177734375,0.9765068427724742,-0.20649418182024762,-40.451953559358834
482.7880859375,0.9763899871101224,-0.2075336585324339,-40.50892045560821
483.3984375,0.9762727158960627,-0.20857695681707963,-40.565903536924104
484.0087890625,0.976155028353572,-0.20962408494778514,-40.62290278523047
484.619140625,0.9760369237070474,-0.21067505119690247,-40.67991818229474
485.2294921875,0.9759184011820191,-0.21172986383544928,-40.73694970972775
485.83984375,0.9757994600051657,-0.21278853113300714,-40.793997348983694
486.4501953125,0.9756800994043209,-0.21385106135769255,-40.851061081359816
487.060546875,0.9755603186084868,-0.21491746277606913,-40.90814088799649
487.6708984375,0.9754401168478489,-0.2159877436530475,-40.96523674987702
488.28125,0.9753194933537822,-0.2170619122518615,-41.02234864782753
488.8916015625,0.975198447358867,-0.21813997683395828,-41.07947656251689
489.501953125,0.9750769780969009,-0.21922194565892308,-41.13662047445659
490.1123046875,0.9749550848029068,-0.2203078269844403,-41.193780364000695
490.72265625,0.974832766713148,-0.22139762906619162,-41.250956211345596
491.3330078125,0.9747100230651397,-0.22249136015778156,-41.30814799653005
491.943359375,0.974586853097659,-0.22358902851068077,-41.36535569943506
492.5537109375,0.9744632560507588,-0.2246906423741379,-41.42257929978367
493.1640625,0.9743392311657785,-0.22579620999510883,-41.47981877714104
493.7744140625,0.9742147776853547,-0.22690573961819716,-41.537074110914226
494.384765625,0.974089894853438,-0.22801923948553518,-41.59434528035214
494.9951171875,0.9739645819152974,-0.2291367178367744,-41.651632264545405
495.60546875,0.9738388381175382,-0.23025818290895964,-41.70893504242632
496.2158203125,0.9737126627081116,-0.23138364293647207,-41.766253592768805
496.826171875,0.9735860549363271,-0.2325131061509516,-41.82358789418819
497.4365234375,0.9734590140528627,-0.233646580781236,-41.880937925141254
498.046875,0.9733315393097809,-0.2347840750532515,-41.93830366392612
498.6572265625,0.9732036299605366,-0.23592559718997058,-41.995685088682116
499.267578125,0.9730752852599899,-0.23707115541133017,-42.053082177389705
499.8779296875,0.9729465044644205,-0.2382207579341351,-42.11049490787054
500.48828125,0.9728172868315365,-0.2393744129720117,-42.16792325778712
501.0986328125,0.9726876316204889,-0.24053212873530316,-42.225367204643035
501.708984375,0.9725575380918827,-0.24169391343100946,-42.282826725782705
502.3193359375,0.9724270055077878,-0.24285977526271696,-42.340301798391266
502.9296875,0.972296033131752,-0.24402972243051374,-42.397792399494634
503.5400390625,0.9721646202288158,-0.24520376313088627,-42.45529850595943
504.150390625,0.9720327660655173,-0.24638190555671186,-42.51282009449278
504.7607421875,0.9719004699099131,-0.24756415789709701,-42.57035714164237
505.37109375,0.9717677310315832,-0.2487505283373684,-42.627909623796434
505.9814453125,0.9716345487016477,-0.24994102505895316,-42.685477517183486
506.591796875,0.9715009221927751,-0.25113565623933376,-42.74306079787246
507.2021484375,0.9713668507791982,-0.2523344300519392,-42.80065944177264
507.8125,0.9712323337367244,-0.25353735466608185,-42.85827342463347
508.4228515625,0.9710973703427468,-0.2547444382468893,-42.915902722044606
509.033203125,0.9709619598762582,-0.25595568895521037,-42.97354730943586
509.6435546875,0.9708261016178611,-0.25717111494755546,-43.03120716207714
510.25390625,0.9706897948497841,-0.258390724375979,-43.08888225507838
510.8642578125,0.9705530388558885,-0.25961452538805413,-43.146572563389505
511.474609375,0.9704158329216834,-0.2608425261267641,-43.204278061800444
512.0849609375,0.9702781763343379,-0.2620747347304272,-43.26199872494102
512.6953125,0.9701400683826938,-0.2633111593326087,-43.31973452728091
513.3056640625,0.9700015083572763,-0.26455180806206163,-43.37748544312966
513.916015625,0.9698624955503062,-0.26579668904263964,-43.435251446636585
514.5263671875,0.9697230292557132,-0.2670458103932169,-43.49303251179084
515.13671875,0.969583108769148,-0.26829918022760135,-43.55082861242127
515.7470703125,0.9694427333879935,-0.26955680665447057,-43.60863972219641
516.357421875,0.969301902411377,-0.27081869777728823,-43.6664658146245
516.9677734375,0.9691606151401853,-0.27208486169420354,-43.72430686305349
517.578125,0.9690188708770717,-0.2733553064980105,-43.782162840670864
518.1884765625,0.9688766689264736,-0.2746300402760292,-43.84003372050378
518.798828125,0.9687340085946208,-0.27590907111005397,-43.897919475418995
519.4091796875,0.9685908891895495,-0.2771924070762597,-43.9558200781228
520.01953125,0.9684473100211148,-0.2784800562451204,-44.01373550116106
520.6298828125,0.9683032704010024,-0.2797720266813338,-44.0716657169192
521.240234375,0.9681587696427384,-0.28106832644375934,-44.129610697622105
521.8505859375,0.9680138070617075,-0.28236896358528885,-44.18757041533429
522.4609375,0.9678683819751601,-0.2836739461528085,-44.24554484195968
523.0712890625,0.9677224937022245,-0.28498328218712166,-44.30353394924175
523.681640625,0.9675761415639247,-0.2862969797228155,-44.361537708763514
524.2919921875,0.9674293248831842,-0.2876150467882561,-44.41955609194739
524.90234375,0.9672820429848468,-0.2889374914054341,-44.47758907005538
525.5126953125,0.9671342951956808,-0.2902643215899496,-44.53563661418899
526.123046875,0.9669860808443985,-0.2915955453508733,-44.593698695289135
526.7333984375,0.9668373992616647,-0.29293117069069263,-44.65177528413634
527.34375,0.9666882497801069,-0.2942712056052508,-44.7098663513506
527.9541015625,0.966538631734334,-0.2956156580836101,-44.767971867391445
528.564453125,0.9663885444609417,-0.29696453610802637,-44.82609180255794
529.1748046875,0.9662379872985274,-0.29831784765384867,-44.884226126988764
529.78515625,0.9660869595877057,-0.2996756006894046,-44.942374810662045
530.3955078125,0.9659354606711154,-0.30103780317596923,-45.00053782339563
531.005859375,0.9657834898934339,-0.3024044630676576,-45.058715134846885
531.6162109375,0.9656310466013902,-0.3037755883113427,-45.116906714512844
532.2265625,0.9654781301437768,-0.3051511868465727,-45.17511253173019
532.8369140625,0.9653247398714616,-0.3065312666054919,-45.23333255567531
533.447265625,0.9651708751373985,-0.30791583551277324,-45.291566755364265
534.0576171875,0.9650165352966427,-0.3093049014855096,-45.34981509965284
534.66796875,0.9648617197063617,-0.310698472433139,-45.40807755723667
535.2783203125,0.9647064277258465,-0.312096556257376,-45.466354096651195
535.888671875,0.9645506587165253,-0.3134991608521105,-45.52464468627159
536.4990234375,0.9643944120419743,-0.31490629410334364,-45.58294929431299
537.109375,0.9642376870679316,-0.31631796388908295,-45.64126788883054
537.7197265625,0.9640804831623064,-0.3177341780792906,-45.6996004377192
538.330078125,0.9639227996951965,-0.31915494453575494,-45.75794690871404
538.9404296875,0.9637646360388937,-0.32058027111206044,-45.81630726939018
539.55078125,0.9636059915679022,-0.3220101656534596,-45.87468148716287
540.1611328125,0.9634468656589463,-0.3234446359968186,-45.93306952928747
540.771484375,0.9632872576909837,-0.3248836899705348,-45.991471362859585
541.3818359375,0.9631271670452218,-0.32632733539440595,-46.04988695481514
541.9921875,0.9629665931051231,-0.32777558007961693,-46.108316271930384
542.6025390625,0.9628055352564207,-0.3292284318286196,-46.16675928082187
543.212890625,0.9626439928871318,-0.3306858984350385,-46.22521594794672
543.8232421875,0.9624819653875677,-0.3321479876836084,-46.28368623960256
544.43359375,0.9623194521503458,-0.33361470735009147,-46.34217012192759
545.0439453125,0.9621564525704037,-0.33508606520117196,-46.40066756090063
545.654296875,0.9619929660450088,-0.3365620689944009,-46.459178522341304
546.2646484375,0.961828991973773,-0.3380427264780842,-46.51770297191003
546.875,0.9616645297586627,-0.3395280453912195,-46.57624087510808
547.4853515625,0.9614995788040099,-0.34101803346341936,-46.63479219727768
548.095703125,0.9613341385165295,-0.3425126984147842,-46.693356903602144
548.7060546875,0.9611682083053253,-0.34401204795586693,-46.7519349591059
549.31640625,0.9610017875819054,-0.3455160897875652,-46.81052632865457
549.9267578125,0.9608348757601932,-0.34702483160103853,-46.8691309769551
550.537109375,0.9606674722565381,-0.3485382810776452,-46.92774886855574
551.1474609375,0.9604995764897318,-0.35005644588881274,-46.98637996784634
551.7578125,0.9603311878810152,-0.35157933369600125,-47.04502423905827
552.3681640625,0.9601623058540928,-0.35310695215059884,-47.10368164626454
552.978515625,0.9599929298351473,-0.35463930889381096,-47.16235215337999
553.5888671875,0.9598230592528442,-0.35617641155664503,-47.22103572416129
554.19921875,0.9596526935383509,-0.3577182677597591,-47.27973232220708
554.8095703125,0.9594818321253461,-0.35926488511340365,-47.33844191095811
555.419921875,0.959310474450031,-0.3608162712173383,-47.3971644536973
556.0302734375,0.9591386199511417,-0.3623724336607484,-47.45589991354986
556.640625,0.9589662680699609,-0.36393338002215714,-47.51464825348343
557.2509765625,0.958793418250331,-0.3654991178693328,-47.57340943630811
557.861328125,0.9586200699386643,-0.3670696547592201,-47.632183424676754
558.4716796875,0.9584462225839546,-0.3686449982378542,-47.69097018108489
559.08203125,0.958271875637792,-0.3702251558402511,-47.74976966787094
559.6923828125,0.95809702855437,-0.3718101350903669,-47.80858184721638
560.302734375,0.9579216807905017,-0.37339994350096883,-47.86740668114572
560.9130859375,0.9577458318056291,-0.37499458857357737,-47.92624413152686
561.5234375,0.957569481061835,-0.37659407779837906,-47.98509416007098
562.1337890625,0.957392628023856,-0.3781984186541287,-48.04395672833284
562.744140625,0.9572152721590919,-0.3798076186080873,-48.102831797710856
563.3544921875,0.9570374129376205,-0.3814216851159059,-48.16171932944725
563.96484375,0.9568590498322064,-0.3830406256215718,-48.22061928462812
564.5751953125,0.9566801823183151,-0.3846644475572985,-48.27953162418376
565.185546875,0.9565008098741206,-0.386293158343478,-48.338456308888574
565.7958984375,0.9563209319805238,-0.3879267653885333,-48.397393299361404
566.40625,0.956140548121156,-0.3895652760889109,-48.45634255606561
567.0166015625,0.9559596577823971,-0.39120869782893086,-48.5153040393092
567.626953125,0.9557782604533834,-0.392857037980739,-48.57427770924503
568.2373046875,0.9555963556260206,-0.39451030390420894,-48.633263525870966
568.84765625,0.955413942794994,-0.3961685029468675,-48.69226144902995
569.4580078125,0.9552310214577824,-0.3978316424437895,-48.75127143841032
570.068359375,0.9550475911146673,-0.39949972971753145,-48.810293453545796
570.6787109375,0.9548636512687454,-0.40117277207804053,-48.86932745381581
571.2890625,0.9546792014259374,-0.4028507768225901,-48.92837339844551
571.8994140625,0.9544942410950045,-0.4045337512356518,-48.987431246506155
572.509765625,0.9543087697875569,-0.4062217025888327,-49.04650095691501
573.1201171875,0.9541227870180622,-0.4079146381408211,-49.10558248843574
573.73046875,0.9539362923038615,-0.40961256513725774,-49.164675799678506
574.3408203125,0.95374928516518,-0.4113154908106547,-49.22378084910015
574.951171875,0.9535617651251347,-0.41302342238034706,-49.28289759500436
575.5615234375,0.9533737317097477,-0.4147363670523865,-49.34202599554191
576.171875,0.9531851844479613,-0.416454332019423,-49.401166008710774
576.7822265625,0.9529961228716413,-0.4181773244606913,-49.46031759235637
577.392578125,0.9528065465155947,-0.4199053515418659,-49.5194807041718
578.0029296875,0.9526164549175771,-0.4216384204150142,-49.57865530169786
578.61328125,0.9524258476183066,-0.4233765382184809,-49.63784134232344
579.2236328125,0.9522347241614713,-0.4251197120768425,-49.69703878328563
579.833984375,0.9520430840937452,-0.4268679491007721,-49.756247581669946
580.4443359375,0.9518509269647948,-0.4286212563870004,-49.815467694410515
581.0546875,0.9516582523272903,-0.43037964101822784,-49.87469907829026
581.6650390625,0.9514650597369216,-0.432143110062993,-49.93394168994118
582.275390625,0.9512713487524017,-0.43391167057565994,-49.99319548584452
582.8857421875,0.9510771189354844,-0.4356853295962682,-50.05246042233094
583.49609375,0.9508823698509706,-0.4374640941504932,-50.111736455580846
584.1064453125,0.9506871010667208,-0.4392479712495466,-50.171023541624486
584.716796875,0.9504913121536656,-0.4410369678900945,-50.230321636342296
585.3271484375,0.9502950026858178,-0.44283109105415935,-50.28963069546493
585.9375,0.9500981722402814,-0.44463034770905696,-50.34895067457372
586.5478515625,0.9499008203972618,-0.44643474480731243,-50.408281529100826
587.158203125,0.9497029467400797,-0.4482442892865487,-50.467623214329286
587.7685546875,0.9495045508551765,-0.45005898806945244,-50.52697568539354
588.37890625,0.9493056323321316,-0.4518788480636252,-50.58633889727945
588.9892578125,0.9491061907636662,-0.45370387616156593,-50.64571280482467
589.599609375,0.948906225745659,-0.4555340792405374,-50.70509736271876
590.2099609375,0.9487057368771521,-0.45736946416252533,-50.76449252550359
590.8203125,0.9485047237603664,-0.45921003777411123,-50.823898247573375
591.4306640625,0.9483031860007084,-0.461055806906422,-50.88331448317519
592.041015625,0.9481011232067827,-0.4629067783750247,-50.94274118640899
592.6513671875,0.9478985349904002,-0.46476295897986825,-51.00217831122789
593.26171875,0.9476954209665904,-0.46662435550517667,-51.06162581143864
593.8720703125,0.9474917807536102,-0.4684909747193845,-51.121083640701585
594.482421875,0.9472876139729552,-0.47036282337503976,-51.180551752531116
595.0927734375,0.9470829202493701,-0.47223990820872497,-51.24003010029584
595.703125,0.9468776992108568,-0.4741222359409875,-51.29951863721893
596.3134765625,0.946671950488688,-0.47600981327623,-51.359017316378356
596.923828125,0.9464656737174133,-0.4779026469026605,-51.41852609070709
597.5341796875,0.9462588685348722,-0.4798007434921863,-51.47804491299341
598.14453125,0.9460515345822028,-0.48170410970034105,-51.537573735881324
598.7548828125,0.9458436715038528,-0.4836127521661955,-51.59711251187061
599.365234375,0.945635278947588,-0.4855266775122875,-51.656661193317255
599.9755859375,0.9454263565645024,-0.4874458923445374,-51.71621973243367
600.5859375,0.9452169040090307,-0.48937040325214076,-51.77578808128901
601.1962890625,0.9450069209389533,-0.4913002168075349,-51.83536619180942
601.806640625,0.9447964070154097,-0.4932353395662811,-51.89495401577834
602.4169921875,0.9445853619029088,-0.4951757780669758,-51.954551504836886
603.02734375,0.9443737852693344,-0.49712153883121135,-52.01415861048399
603.6376953125,0.9441616767859582,-0.49907262836346117,-52.07377528407679
604.248046875,0.9439490361274501,-0.5010290531509948,-52.13340147683091
604.8583984375,0.943735862971885,-0.5029908196638172,-52.19303713982078
605.46875,0.9435221570007543,-0.5049579343545771,-52.25268222397989
606.0791015625,0.9433079178989728,-0.5069304036584994,-52.312336680101176
606.689453125,0.9430931453548935,-0.5089082339932661,-52.37200045883723
607.2998046875,0.9428778390603105,-0.5108914317589868,-52.431673510700726
607.91015625,0.9426619987104714,-0.512880003338094,-52.49135578606457
608.5205078125,0.9424456240040874,-0.5148739550952542,-52.5510472351624
609.130859375,0.9422287146433416,-0.5168732933772964,-52.610747808088846
609.7412109375,0.9420112703338985,-0.5188780245131284,-52.67045745479976
610.3515625,0.941793290784912,-0.5208881548136703,-52.730176125112614
610.9619140625,0.9415747757090352,-0.5229036905717647,-52.78990376870686
611.572265625,0.9413557248224302,-0.5249246380620919,-52.84964033512413
612.1826171875,0.9411361378447771,-0.52695100354109,-52.909385773768776
612.79296875,0.9409160144992809,-0.528982793246895,-52.96914003390803
613.4033203125,0.9406953545126833,-0.5310200133992332,-53.02890306467233
614.013671875,0.9404741576152685,-0.5330626701993725,-53.08867481505578
614.6240234375,0.9402524235408749,-0.5351107698300176,-53.14845523391643
615.234375,0.9400301520269029,-0.5371643184552359,-53.208244269976575
615.8447265625,0.9398073428143213,-0.5392233222204029,-53.26804187182316
616.455078125,0.9395839956476811,-0.541287787252078,-53.327847987908136
617.0654296875,0.9393601102751186,-0.5433577196579744,-53.38766256654879
617.67578125,0.9391356864483668,-0.5454331255268539,-53.44748555592799
618.2861328125,0.9389107239227642,-0.5475140109284492,-53.5073169040948
618.896484375,0.9386852224572623,-0.5496003819133946,-53.56715655896451
619.5068359375,0.9384591818144338,-0.5516922445131472,-53.62700446831928
620.1171875,0.9382326017604814,-0.5537896047399083,-53.68686057980835
620.7275390625,0.9380054820652474,-0.5558924685865337,-53.7467248409484
621.337890625,0.9377778225022193,-0.5580008420264786,-53.80659719912403
621.9482421875,0.9375496228485404,-0.5601147310137028,-53.866477601587974
622.55859375,0.9373208828850159,-0.5622341414826075,-53.92636599546164
623.1689453125,0.9370916023961228,-0.5643590793479477,-53.986262327735254
623.779296875,0.9368617811700167,-0.5664895505047606,-54.046166545268534
624.3896484375,0.9366314189985419,-0.5686255608282776,-54.106078594790866
625.0,0.9364005156772356,-0.5707671161738741,-54.16599842290163
625.6103515625,0.936169071005339,-0.5729142223769715,-54.225925976070805
626.220703125,0.9359370847858037,-0.5750668852529688,-54.28586120063917
626.8310546875,0.9357045568253002,-0.5772251105971656,-54.34580404281876
627.44140625,0.9354714869342255,-0.5793889041846809,-54.405754448693315
628.0517578125,0.9352378749267093,-0.5815582717703998,-54.46571236421844
628.662109375,0.9350037206206242,-0.5837332190888657,-54.52567773522241
629.2724609375,0.9347690238375911,-0.5859137518542328,-54.58565050740608
629.8828125,0.9345337844029878,-0.588099875760176,-54.64563062634367
630.4931640625,0.9342980021459557,-0.5902915964798275,-54.70561803748304
631.103515625,0.9340616768994079,-0.5924889196656917,-54.765612686145936
631.7138671875,0.9338248085000362,-0.5946918509495761,-54.82561451752876
632.32421875,0.9335873967883179,-0.5969003959425239,-54.8856234767025
632.9345703125,0.9333494416085247,-0.59911456023472,-54.94563950861361
633.544921875,0.9331109428087274,-0.6013343493954443,-55.00566255808412
634.1552734375,0.9328719002408048,-0.6035597689729795,-55.06569256981216
634.765625,0.9326323137604493,-0.6057908244945517,-55.12572948837231
635.3759765625,0.9323921832271769,-0.6080275214662307,-55.18577325821617
635.986328125,0.9321515085043288,-0.6102698653729042,-55.24582382367261
636.5966796875,0.9319102894590839,-0.6125178616781561,-55.305881128948265
637.20703125,0.931668525962462,-0.6147715158242265,-55.365945118128
637.8173828125,0.9314262178893312,-0.6170308332319299,-55.426015735175284
638.427734375,0.9311833651184176,-0.6192958193005625,-55.48609292393266
639.0380859375,0.9309399675323049,-0.6215664794078893,-55.54617662812214
639.6484375,0.9306960250174494,-0.623842818909998,-55.606266791345675
640.2587890625,0.9304515374641795,-0.6261248431412916,-55.66636335708556
640.869140625,0.9302065047667073,-0.62841255741437,-55.72646626870489
641.4794921875,0.9299609268231314,-0.6307059670199912,-55.78657546944803
642.08984375,0.9297148035354447,-0.6330050772269884,-55.84669090244104
642.7001953125,0.9294681348095399,-0.6353098932822061,-55.90681251069204
643.310546875,0.9292209205552183,-0.6376204204104079,-55.96694023709184
643.9208984375,0.928973160686191,-0.6399366638142489,-56.02707402441422
644.53125,0.9287248551200902,-0.6422586286741582,-56.0872138153165
645.1416015625,0.9284760037784717,-0.644586320148305,-56.14735955233988
645.751953125,0.928226606586821,-0.6469197433725267,-56.20751117790999
646.3623046875,0.9279766634745619,-0.6492589034602324,-56.267668634337404
646.97265625,0.9277261743750602,-0.6516038055023559,-56.32783186381792
647.5830078125,0.9274751392256273,-0.6539544545673088,-56.38800080843313
648.193359375,0.9272235579675296,-0.6563108557008743,-56.44817541015096
648.8037109375,0.9269714305459957,-0.6586730139261279,-56.50835561082598
649.4140625,0.926718756910214,-0.6610409342434416,-56.568541352200015
650.0244140625,0.9264655370133458,-0.663414621630346,-56.628732575902546
650.634765625,0.926211770812528,-0.6657940810414888,-56.68892922345121
651.2451171875,0.9259574582688779,-0.668179317408576,-56.74913123625219
651.85546875,0.9257025993474977,-0.6705703356403061,-56.80933855560087
652.4658203125,0.9254471940174848,-0.6729671406222625,-56.86955112268219
653.076171875,0.925191242251929,-0.675369737216919,-56.92976887857114
653.6865234375,0.924934744027923,-0.6777781302635237,-56.98999176423322
654.296875,0.9246776993265684,-0.6801923245780249,-57.050219720525035
654.9072265625,0.9244201081329749,-0.6826123249530592,-57.11045268819479
655.517578125,0.9241619704362694,-0.6850381361578481,-57.170690607882484
656.1279296875,0.9239032862296023,-0.6874697629381156,-57.23093342012089
656.73828125,0.9236440555101468,-0.6899072100160801,-57.29118106533561
657.3486328125,0.9233842782791088,-0.6923504820903391,-57.3514334838458
657.958984375,0.9231239545417284,-0.6947995838358343,-57.41169061586473
658.5693359375,0.9228630843072855,-0.697254519903775,-57.47195240150001
659.1796875,0.9226016675891031,-0.6997152949215922,-57.53221878075441
659.7900390625,0.9223397044045543,-0.702181913492848,-57.592489693526154
660.400390625,0.9220771947750638,-0.7046543801971966,-57.65276507960949
661.0107421875,0.9218141387261143,-0.707132699590307,-57.7130448786953
661.62109375,0.9215505362872485,-0.7096168762038179,-57.77332903037135
662.2314453125,0.9212863874920756,-0.7121069145452543,-57.83361747412307
662.841796875,0.9210216923782718,-0.7146028190980005,-57.89391014933407
663.4521484375,0.9207564509875892,-0.7171045943211913,-57.954206995286356
664.0625,0.9204906633658554,-0.719612244649691,-58.014507951161214
664.6728515625,0.9202243295629806,-0.7221257744940034,-58.07481295603953
665.283203125,0.9199574496329567,-0.724645188240256,-58.13512194890234
665.8935546875,0.919690023633866,-0.7271704902500896,-58.19543486863133
666.50390625,0.919422051627883,-0.7297016848606186,-58.25575165400953
667.1142578125,0.9191535336812767,-0.7322387763843838,-58.3160722437216
667.724609375,0.9188844698644147,-0.7347817691092839,-58.37639657635454
668.3349609375,0.9186148602517675,-0.7373306672985119,-58.43672459039816
668.9453125,0.9183447049219106,-0.7398854751905062,-58.49705622424559
669.5556640625,0.9180740039575299,-0.7424461969988709,-58.55739141619391
670.166015625,0.9178027574454211,-0.745012836912359,-58.617730104444604
670.7763671875,0.9175309654764956,-0.7475853990947811,-58.678072227104046
671.38671875,0.9172586281457834,-0.7501638876849555,-58.73841772218423
671.9970703125,0.9169857455524352,-0.7527483067966569,-58.79876652760314
672.607421875,0.9167123177997247,-0.7553386605185642,-58.85911858118538
673.2177734375,0.9164383449950534,-0.7579349529141893,-58.91947382066273
673.828125,0.9161638272499516,-0.7605371880218325,-58.979832183674624
674.4384765625,0.9158887646800818,-0.7631453698545233,-59.04019360776879
675.048828125,0.91561315740524,-0.7657595023999793,-59.10055803040172
675.6591796875,0.9153370055493604,-0.768379589620523,-59.160925388939276
676.26953125,0.9150603092405173,-0.7710056354530408,-59.221295620657294
676.8798828125,0.914783068610924,-0.773637643808957,-59.28166866274201
677.490234375,0.9145052837969397,-0.7762756185741355,-59.34204445229075
678.1005859375,0.9142269549390707,-0.7789195636088411,-59.40242292631244
678.7109375,0.9139480821819695,-0.7815694827477061,-59.46280402172808
679.3212890625,0.91366866567444,-0.7842253797996573,-59.52318767537158
679.931640625,0.9133887055694392,-0.7868872585478598,-59.58357382398996
680.5419921875,0.9131082020240759,-0.7895551227496949,-59.6439624042442
681.15234375,0.9128271551996179,-0.7922289761366634,-59.70435335270976
681.7626953125,0.9125455652614891,-0.7949088224143706,-59.764746605877015
682.373046875,0.9122634323792729,-0.7975946652624646,-59.825142100151986
682.9833984375,0.9119807567267132,-0.8002865083345877,-59.88553977185681
683.59375,0.9116975384817166,-0.8029843552583209,-59.94593955723044
684.2041015625,0.9114137778263554,-0.8056882096351206,-60.00634139242909
684.814453125,0.911129474946865,-0.8083980750403006,-60.06674521352685
685.4248046875,0.9108446300336475,-0.81111395502297,-60.12715095651637
686.03515625,0.9105592432812734,-0.8138358531059703,-60.18755855730927
686.6455078125,0.910273314888482,-0.8165637727858398,-60.24796795173694
687.255859375,0.9099868450581821,-0.8192977175327665,-60.30837907555089
687.8662109375,0.9096998339974535,-0.8220376907905352,-60.36879186442355
688.4765625,0.9094122819175473,-0.8247836959764855,-60.42920625394866
689.0869140625,0.909124189033887,-0.8275357364814633,-60.489622179642076
689.697265625,0.9088355555660713,-0.8302938156697526,-60.550039576942254
690.3076171875,0.90854638173787,-0.8330579368790754,-60.61045838121076
690.91796875,0.9082566677772287,-0.8358281034205044,-60.67087852773304
691.5283203125,0.907966413916268,-0.8386043185784343,-60.73129995171888
692.138671875,0.9076756203912838,-0.8413865856105329,-60.7917225883031
692.7490234375,0.907384287442747,-0.8441749077477051,-60.85214637254607
693.359375,0.9070924153153052,-0.8469692881940339,-60.912571239434385
693.9697265625,0.9068000042577822,-0.849769730126741,-60.97299712388142
694.580078125,0.9065070545231773,-0.8525762366961545,-61.033423960727994
695.1904296875,0.9062135663686657,-0.8553888110256581,-61.093851684742866
695.80078125,0.9059195400556014,-0.8582074562116231,-61.15428023062353
696.4111328125,0.9056249758495106,-0.8610321753234242,-61.214709532996544
697.021484375,0.9053298740200989,-0.8638629714033307,-61.275139526418464
697.6318359375,0.9050342348412439,-0.8666998474665275,-61.33557014537618
698.2421875,0.9047380585910016,-0.8695428065010122,-61.39600132428775
698.8525390625,0.9044413455516009,-0.8723918514676031,-61.45643299750283
699.462890625,0.9041440960094451,-0.8752469852998758,-61.51686509930343
700.0732421875,0.9038463102551109,-0.8781082109041293,-61.577297563904416
700.68359375,0.9035479885833493,-0.8809755311593281,-61.63773032545424
701.2939453125,0.9032491312930808,-0.8838489489171052,-61.69816331803545
701.904296875,0.902949738687399,-0.8867284670016777,-61.75859647566548
702.5146484375,0.9026498110735679,-0.8896140882098256,-61.81902973229704
703.125,0.9023493487630198,-0.8925058153108625,-61.87946302181891
703.7353515625,0.9020483520713551,-0.8954036510465906,-61.93989627805653
704.345703125,0.9017468213183428,-0.8983075981312493,-62.00032943477258
704.9560546875,0.9014447568279151,-0.901217659251513,-62.06076242566767
705.56640625,0.9011421589281721,-0.9041338370664007,-62.121195184380966
706.1767578125,0.9008390279513738,-0.907056134207298,-62.18162764449074
706.787109375,0.900535364233942,-0.9099845532778965,-62.24205973951506
707.3974609375,0.9002311681164608,-0.91291909685413,-62.30249140291246
708.0078125,0.8999264399436712,-0.9158597674841796,-62.36292256808252
708.6181640625,0.8996211800644692,-0.9188065676884407,-62.42335316836644
709.228515625,0.8993153888319091,-0.9217594999594401,-62.48378313704789
709.8388671875,0.8990090666031954,-0.9247185667618575,-62.544212407353385
710.44921875,0.8987022137396842,-0.9276837705324638,-62.60464091245315
711.0595703125,0.8983948306068806,-0.9306551136800921,-62.665068585461476
711.669921875,0.8980869175744357,-0.9336325985856148,-62.72549535943777
712.2802734375,0.8977784750161467,-0.9366162276018842,-62.785921167386796
712.890625,0.8974695033099521,-0.9396060030537307,-62.846345942259504
713.5009765625,0.8971600028379297,-0.9426019272379237,-62.906769616953774
714.111328125,0.8968499739862961,-0.9456040024231243,-62.967192124314764
714.7216796875,0.8965394171454021,-0.948612230849871,-63.02761339713589
715.33203125,0.8962283327097299,-0.9516266147305561,-63.08803336815927
715.9423828125,0.8959167210778932,-0.9546471562493655,-63.14845197007635
716.552734375,0.8956045826526299,-0.9576738575622946,-63.20886913552871
717.1630859375,0.8952919178408055,-0.9607067207970565,-63.269284797108554
717.7734375,0.894978727053403,-0.9637457480531274,-63.3296988873595
718.3837890625,0.894665010705526,-0.9667909414016533,-63.39011133877711
718.994140625,0.894350769216391,-0.9698423028854714,-63.450522083809574
719.6044921875,0.8940360030093282,-0.9728998345190442,-63.51093105485846
720.21484375,0.8937207125117747,-0.9759635382884635,-63.571338184279256
720.8251953125,0.8934048981552738,-0.9790334161514009,-63.631743404381986
721.435546875,0.89308856037547,-0.9821094700370986,-63.692146647432104
722.0458984375,0.8927716996121068,-0.9851917018463284,-63.75254784565082
722.65625,0.8924543163090222,-0.9882801134513758,-63.81294693121599
723.2666015625,0.8921364109141454,-0.991374706696013,-63.873343836262684
723.876953125,0.8918179838794922,-0.9944754833954843,-63.93373849288398
724.4873046875,0.8914990356611631,-0.9975824453364596,-63.9941308331314
725.09765625,0.8911795667193378,-1.0006955942770293,-64.05452078901564
725.7080078125,0.8908595775182705,-1.0038149319466905,-64.11490829250742
726.318359375,0.8905390685262891,-1.006940460046287,-64.17529327553791
726.9287109375,0.8902180402157885,-1.0100721802480153,-64.23567566999948
727.5390625,0.8898964930632267,-1.0132100941954032,-64.2960554077464
728.1494140625,0.8895744275491205,-1.0163542035032818,-64.35643242059544
728.759765625,0.8892518441580407,-1.0195045097577742,-64.4168066403266
729.3701171875,0.8889287433786116,-1.0226610145162331,-64.47717799868376
729.98046875,0.8886051257034983,-1.025823719307304,-64.53754642737522
730.5908203125,0.8882809916294125,-1.0289926256307989,-64.59791185807465
731.201171875,0.8879563416570978,-1.0321677349577825,-64.6582742224214
731.8115234375,0.8876311762913315,-1.0353490487304813,-64.71863345202142
732.421875,0.8873054960409189,-1.0385365683622785,-64.77898947844795
733.0322265625,0.8869793014186858,-1.0417302952377216,-64.83934223324201
733.642578125,0.8866525929414745,-1.0449302307124917,-64.89969164791312
734.2529296875,0.8863253711301412,-1.0481363761133655,-64.96003765394009
734.86328125,0.8859976365095475,-1.0513487327382312,-65.02038018277162
735.4736328125,0.8856693896085566,-1.0545673018560582,-65.08071916582686
736.083984375,0.8853406309600285,-1.0577920847068727,-65.14105453449629
736.6943359375,0.8850113611008139,-1.0610230825017553,-65.20138622014221
737.3046875,0.8846815805717502,-1.0642602964228096,-65.26171415409956
737.9150390625,0.8843512899176513,-1.067503727623191,-65.32203826767648
738.525390625,0.88402048968731,-1.070753377227019,-65.38235849215499
739.1357421875,0.8836891804334828,-1.0740092463294508,-65.4426747587918
739.74609375,0.8833573627128942,-1.077271335996575,-65.50298699881883
740.3564453125,0.8830250370862218,-1.0805396472654862,-65.56329514344391
740.966796875,0.8826922041180963,-1.0838141811442124,-65.62359912385156
741.5771484375,0.882358864377093,-1.087094938611731,-65.68389887120348
742.1875,0.8820250184357257,-1.0903819206179541,-65.74419431663948
742.7978515625,0.8816906668704412,-1.093675128083715,-65.80448539127796
743.408203125,0.8813558102616147,-1.096974561900739,-65.86477202621657
744.0185546875,0.8810204491935395,-1.1002802229316746,-65.92505415253302
744.62890625,0.8806845842544244,-1.1035921120100451,-65.98533170128577
745.2392578125,0.8803482160363851,-1.106910229940262,-66.04560460351452
745.849609375,0.8800113451354384,-1.110234577497608,-66.10587279024104
746.4599609375,0.8796739721514959,-1.1135651554282262,-66.16613619246979
747.0703125,0.879336097688356,-1.1169019644491252,-66.22639474118874
747.6806640625,0.8789977223536992,-1.1202450052481507,-66.28664836736975
748.291015625,0.8786588467590808,-1.1235942784839863,-66.34689700196957
748.9013671875,0.8783194715199214,-1.1269497847861683,-66.4071405759303
749.51171875,0.8779795972555029,-1.1303115247550533,-66.46737902018025
750.1220703125,0.8776392245889606,-1.133679498961819,-66.52761226563433
750.732421875,0.8772983541472761,-1.1370537079484615,-66.58784024319513
751.3427734375,0.8769569865612687,-1.1404341522277999,-66.64806288375321
751.953125,0.8766151224655915,-1.143820832283445,-66.70828011818809
752.5634765625,0.8762727624987204,-1.147213748569824,-66.76849187736872
753.173828125,0.8759299073029481,-1.150612901512171,-66.82869809215427
753.7841796875,0.8755865575243773,-1.1540182915065091,-66.88889869339471
754.39453125,0.8752427138129126,-1.1574299189196606,-66.94909361193172
755.0048828125,0.8748983768222522,-1.1608477840892466,-67.00928277859903
755.615234375,0.8745535472098822,-1.1642718873236677,-67.0694661242234
756.2255859375,0.8742082256370659,-1.1677022289021297,-67.1296435796251
756.8359375,0.8738624127688376,-1.171138809074629,-67.18981507561868
757.4462890625,0.8735161092739949,-1.1745816280619477,-67.2499805430137
758.056640625,0.8731693158250914,-1.1780306860556493,-67.31013991261536
758.6669921875,0.8728220330984243,-1.1814859832181188,-67.37029311522504
759.27734375,0.872474261774035,-1.1849475196824815,-67.43044008164124
759.8876953125,0.8721260025356892,-1.188415295552715,-67.49058074266011
760.498046875,0.8717772560708791,-1.1918893109035518,-67.55071502907607
761.1083984375,0.8714280230708099,-1.1953695657805306,-67.61084287168272
761.71875,0.8710783042303907,-1.1988560602000067,-67.67096420127325
762.3291015625,0.8707281002482293,-1.2023487941491193,-67.73107894864124
762.939453125,0.8703774118266215,-1.2058477675858228,-67.79118704458142
763.5498046875,0.8700262396715419,-1.2093529804388905,-67.85128841989025
764.16015625,0.8696745844926365,-1.2128644326079088,-67.91138300536656
764.7705078125,0.8693224470032157,-1.2163821239632624,-67.97147073181235
765.380859375,0.86896982792024,-1.2199060543461993,-68.0315515300334
765.9912109375,0.8686167279643159,-1.223436223568784,-68.0916253308399
766.6015625,0.8682631478596862,-1.226972631413911,-68.1516920650473
767.2119140625,0.8679090883342193,-1.2305152776353305,-68.21175166347678
767.822265625,0.8675545501194007,-1.234064161957649,-68.27180405695603
768.4326171875,0.867199533950325,-1.2376192840763243,-68.33184917631993
769.04296875,0.8668440405656848,-1.2411806436576915,-68.39188695241123
769.6533203125,0.8664880707077637,-1.2447482403389492,-68.45191731608122
770.263671875,0.8661316251224234,-1.2483220737282046,-68.51194019819036
770.8740234375,0.8657747045590989,-1.2519021434044344,-68.57195552960906
771.484375,0.865417309770783,-1.2554884489175566,-68.63196324121817
772.0947265625,0.8650594415140248,-1.2590809897883584,-68.69196326390995
772.705078125,0.864701100548911,-1.2626797655085975,-68.75195552858844
773.3154296875,0.8643422876390637,-1.2662847755409388,-68.81193996617031
773.92578125,0.8639830035516262,-1.2698960193190105,-68.87191650758545
774.5361328125,0.8636232490572543,-1.2735134962474024,-68.93188508377779
775.146484375,0.8632630249301065,-1.2771372057016808,-68.99184562570579
775.7568359375,0.8629023319478353,-1.2807671470283875,-69.05179806434319
776.3671875,0.8625411708915741,-1.2844033195450797,-69.11174233067972
776.9775390625,0.8621795425459305,-1.2880457225403172,-69.17167835572167
777.587890625,0.8618174476989734,-1.2916943552736984,-69.23160607049273
778.1982421875,0.8614548871422258,-1.295349216975845,-69.29152540603447
778.80859375,0.86109186167065,-1.299010306848466,-69.35143629340712
779.4189453125,0.860728372082642,-1.3026776240643212,-69.41133866369023
780.029296875,0.8603644191800175,-1.306351167767275,-69.47123244798337
780.6396484375,0.8600000037680039,-1.3100309370722898,-69.53111757740668
781.25,0.8596351266552283,-1.313716931065453,-69.59099398310164
781.8603515625,0.8592697886537077,-1.3174091488039916,-69.65086159623176
782.470703125,0.8589039905788376,-1.3211075893162925,-69.71072034798314
783.0810546875,0.858537733249381,-1.3248122516019252,-69.77057016956518
783.69140625,0.8581710174874597,-1.3285231346316404,-69.83041099221134
784.3017578125,0.8578038441185408,-1.3322402373474154,-69.89024274717966
784.912109375,0.8574362139714282,-1.3359635586624479,-69.95006536575353
785.5224609375,0.8570681278782478,-1.339693097461216,-70.00987877924226
786.1328125,0.8566995866744422,-1.3434288525994387,-70.06968291898184
786.7431640625,0.8563305911987557,-1.3471708229041406,-70.1294777163356
787.353515625,0.8559611422932226,-1.3509190071736707,-70.18926310269468
787.9638671875,0.8555912408031573,-1.3546734041777215,-70.24903900947899
788.57421875,0.8552208875771458,-1.358434012657313,-70.30880536813768
789.1845703125,0.854850083467029,-1.3622008313248757,-70.36856211014977
789.794921875,0.8544788293278948,-1.3659738588642358,-70.42830916702499
790.4052734375,0.8541071260180657,-1.3697530939306497,-70.48804647030423
791.015625,0.8537349743990865,-1.3735385351508353,-70.54777395156027
791.6259765625,0.8533623753357176,-1.3773301811229464,-70.6074915423986
792.236328125,0.8529893296959147,-1.381128030416685,-70.6671991744578
792.8466796875,0.852615838350825,-1.384932081573249,-70.72689677941032
793.45703125,0.8522419021747708,-1.3887423331054034,-70.78658428896324
794.0673828125,0.8518675220452401,-1.392558783497482,-70.84626163485875
794.677734375,0.8514926988428734,-1.3963814312054272,-70.90592874887481
795.2880859375,0.8511174334514541,-1.400210274656796,-70.96558556282602
795.8984375,0.8507417267578934,-1.4040453122508154,-71.02523200856398
796.5087890625,0.8503655796522205,-1.407886542358392,-71.08486801797808
797.119140625,0.8499889930275695,-1.4117339633221464,-71.14449352299619
797.7294921875,0.8496119677801677,-1.4155875734564416,-71.20410845558521
798.33984375,0.8492345048093239,-1.4194473710474025,-71.26371274775185
798.9501953125,0.848856605017416,-1.4233133543529541,-71.32330633154295
799.560546875,0.8484782693098771,-1.4271855216028593,-71.38288913904665
800.1708984375,0.8480994985951866,-1.4310638709987207,-71.44246110239251
800.78125,0.8477202937848545,-1.4349484007140434,-71.50202215375255
801.3916015625,0.8473406557934112,-1.4388391088942405,-71.56157222534152
802.001953125,0.8469605855383935,-1.4427359936566855,-71.62111124941796
802.6123046875,0.8465800839403327,-1.4466390530907327,-71.68063915828441
803.22265625,0.8461991519227432,-1.4505482852577403,-71.74015588428844
803.8330078125,0.8458177904121088,-1.4544636881911133,-71.79966135982296
804.443359375,0.8454360003378685,-1.458385259896352,-71.85915551732707
805.0537109375,0.8450537826324074,-1.4623129983510477,-71.91863828928653
805.6640625,0.8446711382310406,-1.466246901504953,-71.9781096082346
806.2744140625,0.8442880680720026,-1.4701869672799899,-72.03756940675247
806.884765625,0.8439045730964335,-1.4741331935702986,-72.09701761746997
807.4951171875,0.8435206542483665,-1.478085578242263,-72.15645417306622
808.10546875,0.8431363124747131,-1.4820441191345701,-72.21587900627026
808.7158203125,0.8427515487252544,-1.486008814058197,-72.27529204986158
809.326171875,0.842366363952623,-1.4899796607965028,-72.33469323667092
809.9365234375,0.8419807591122942,-1.4939566571052194,-72.39408249958066
810.546875,0.8415947351625702,-1.4979398007125158,-72.4534597715257
811.1572265625,0.8412082930645676,-1.5019290893190298,-72.51282498549389
811.767578125,0.8408214337822043,-1.5059245205979015,-72.57217807452673
812.3779296875,0.840434158282188,-1.5099260921947975,-72.63151897171997
812.98828125,0.840046467533998,-1.513933801727996,-72.69084761022425
813.5986328125,0.839658362509878,-1.5179476467883648,-72.75016392324568
814.208984375,0.8392698441848181,-1.521967624939446,-72.80946784404645
814.8193359375,0.8388809135365448,-1.5259937337174616,-72.8687593059455
815.4296875,0.838491571545504,-1.5300259706313906,-72.92803824231908
816.0400390625,0.8381018191948512,-1.5340643331629698,-72.98730458660138
816.650390625,0.8377116574704337,-1.5381088187667757,-73.04655827228517
817.2607421875,0.8373210873607816,-1.5421594248702268,-73.10579923292228
817.87109375,0.8369301098570905,-1.5462161488736519,-73.16502740212445
818.4814453125,0.8365387259532105,-1.550278988150312,-73.22424271356368
819.091796875,0.8361469366456309,-1.5543479400464584,-73.2834451009729
819.7021484375,0.8357547429334664,-1.5584230018813696,-73.34263449814674
820.3125,0.8353621458184449,-1.5625041709473861,-73.40181083894194
820.9228515625,0.8349691463048904,-1.5665914445099827,-73.46097405727795
821.533203125,0.8345757453997139,-1.5706848198077628,-73.52012408713772
822.1435546875,0.8341819441123947,-1.574784294052556,-73.57926086256802
822.75390625,0.8337877434549712,-1.5788898644294072,-73.63838431768026
823.3642578125,0.8333931444420218,-1.5830015280966814,-73.69749438665106
823.974609375,0.8329981480906553,-1.587119282186059,-73.75659100372268
824.5849609375,0.8326027554204938,-1.5912431238026126,-73.8156741032037
825.1953125,0.8322069674536613,-1.5953730500248269,-73.87474361946977
825.8056640625,0.8318107852147666,-1.5995090579046767,-73.93379948696389
826.416015625,0.831414209730892,-1.6036511444676411,-73.99284164019723
827.0263671875,0.831017242031578,-1.6077993067127632,-74.05187001374964
827.63671875,0.8306198831488075,-1.611953541612716,-74.1108845422702
828.2470703125,0.8302221341169941,-1.6161138461138205,-74.16988516047789
828.857421875,0.8298239959729667,-1.6202802171361057,-74.22887180316205
829.4677734375,0.8294254697559552,-1.6244526515733604,-74.28784440518301
830.078125,0.829026556507576,-1.6286311462931782,-74.34680290147273
830.6884765625,0.8286272572718171,-1.6328156981370148,-74.40574722703528
831.298828125,0.8282275730950259,-1.6370063039202147,-74.46467731694744
831.9091796875,0.8278275050258928,-1.641202960432083,-74.52359310635934
832.51953125,0.8274270541154355,-1.6454056644359414,-74.58249453049487
833.1298828125,0.8270262214169888,-1.6496144126691428,-74.64138152465242
833.740234375,0.826625007986186,-1.6538292018431582,-74.70025402420538
834.3505859375,0.8262234148809454,-1.6580500286436195,-74.75911196460261
834.9609375,0.8258214431614576,-1.662276889730351,-74.81795528136918
835.5712890625,0.8254190938901681,-1.6665097817374486,-74.87678391010677
836.181640625,0.8250163681317646,-1.6707487012733144,-74.93559778649438
836.7919921875,0.8246132669531613,-1.6749936449207175,-74.99439684628867
837.40234375,0.8242097914234857,-1.6792446092368323,-75.05318102532475
838.0126953125,0.8238059426140619,-1.683501590753313,-75.11195025951666
838.623046875,0.8234017215983962,-1.6877645859763417,-75.17070448485772
839.2333984375,0.8229971294521635,-1.69203359138667,-75.22944363742147
839.84375,0.822592167253193,-1.6963086034396708,-75.28816765336188
840.4541015625,0.8221868360814512,-1.7005896185654101,-75.346876468914
841.064453125,0.8217811370190266,-1.7048766331687124,-75.40557002039452
841.6748046875,0.8213750711501195,-1.7091696436291621,-75.46424824420241
842.28515625,0.8209686395610217,-1.7134686463012199,-75.52291107681921
842.8955078125,0.8205618433401041,-1.7177736375142485,-75.58155845480994
843.505859375,0.8201546835778027,-1.7220846135725576,-75.6401903148231
844.1162109375,0.8197471613666015,-1.7264015707554892,-75.69880659359185
844.7265625,0.8193392778010187,-1.7307245053174547,-75.75740722793395
845.3369140625,0.818931033977591,-1.7350534134880018,-75.81599215475275
845.947265625,0.8185224309948598,-1.7393882914718626,-75.87456131103743
846.5576171875,0.8181134699533547,-1.7437291354490183,-75.93311463386362
847.16796875,0.8177041519555797,-1.748075941574751,-75.99165206039396
847.7783203125,0.8172944781059965,-1.7524287059797157,-76.0501735278786
848.388671875,0.8168844495110125,-1.7567874247699682,-76.10867897365556
848.9990234375,0.8164740672789611,-1.761152094027067,-76.16716833515171
849.609375,0.8160633325200917,-1.7655227098080855,-76.22564154988261
850.2197265625,0.8156522463465493,-1.7698992681457193,-76.28409855545375
850.830078125,0.815240809872363,-1.7742817650483134,-76.34253928956045
851.4404296875,0.8148290242134308,-1.778670196499918,-76.40096368998869
852.05078125,0.8144168904875023,-1.7830645584603726,-76.45937169461564
852.6611328125,0.8140044098141646,-1.7874648468653547,-76.51776324141002
853.271484375,0.8135915833148263,-1.7918710576264458,-76.57613826843263
853.8818359375,0.8131784121127043,-1.7962831866311761,-76.63449671383702
854.4921875,0.812764897332806,-1.8007012297431073,-76.69283851586971
855.1025390625,0.812351040101916,-1.8051251828018775,-76.75116361287104
855.712890625,0.8119368415485794,-1.8095550416232764,-76.80947194327528
856.3232421875,0.8115223028030875,-1.8139908019992927,-76.86776344561136
856.93359375,0.8111074249974612,-1.8184324596981971,-76.92603805850348
857.5439453125,0.8106922092654372,-1.822880010464587,-76.98429572067124
858.154296875,0.8102766567424516,-1.8273334500194538,-77.0425363709304
858.7646484375,0.8098607685656257,-1.8317927740602453,-77.10075994819337
859.375,0.8094445458737481,-1.836257978260945,-77.15896639146952
859.9853515625,0.8090279898072621,-1.840729058272116,-77.21715563986584
860.595703125,0.8086111015082498,-1.845206009720962,-77.27532763258732
861.2060546875,0.8081938821204138,-1.8496888282114285,-77.33348230893746
861.81640625,0.807776332789067,-1.8541775093242088,-77.39161960831866
862.4267578125,0.8073584546611122,-1.8586720486168649,-77.44973947023298
863.037109375,0.8069402488850295,-1.8631724416238593,-77.5078418342822
863.6474609375,0.8065217166108604,-1.8676786838566253,-77.5659266401686
864.2578125,0.80610285899019,-1.8721907708036611,-77.62399382769526
864.8681640625,0.8056836771761369,-1.8767086979305354,-77.68204333676672
865.478515625,0.8052641723233315,-1.881232460680021,-77.74007510738919
866.0888671875,0.8048443455879052,-1.885762054472113,-77.79808907967119
866.69921875,0.8044241981274719,-1.8902974747041246,-77.85608519382392
867.3095703125,0.8040037311011142,-1.8948387167507392,-77.9140633901618
867.919921875,0.8035829456693678,-1.8993857759640764,-77.97202360910283
868.5302734375,0.8031618429942055,-1.903938647673768,-78.0299657911692
869.140625,0.802740424239022,-1.9084973271870151,-78.08788987698749
869.7509765625,0.8023186905686176,-1.9130618097886762,-78.14579580728929
870.361328125,0.801896643149184,-1.9176320907413111,-78.2036835229117
870.9716796875,0.8014742831482875,-1.9222081652852663,-78.26155296479763
871.58203125,0.8010516117348553,-1.9267900286387276,-78.31940407399624
872.1923828125,0.8006286300791579,-1.9313776759978065,-78.37723679166356
872.802734375,0.8002053393527939,-1.9359711025366069,-78.43505105906276
873.4130859375,0.7997817407286768,-1.9405703034072732,-78.49284681756455
874.0234375,0.7993578353810157,-1.9451752737400958,-78.55062400864786
874.6337890625,0.798933624485304,-1.9497860086435361,-78.60838257389995
875.244140625,0.7985091092183,-1.9544025032043426,-78.66612245501706
875.8544921875,0.7980842907580135,-1.9590247524875923,-78.7238435938048
876.46484375,0.7976591702836903,-1.9636527515367637,-78.78154593217846
877.0751953125,0.7972337489757955,-1.968286495373821,-78.83922941216358
877.685546875,0.7968080280159986,-1.9729259789992768,-78.89689397589628
878.2958984375,0.7963820085871599,-1.977571197392243,-78.95453956562368
878.90625,0.7959556918733109,-1.9822221455105455,-79.01216612370438
879.5166015625,0.7955290790596421,-1.9868788182907622,-79.06977359260878
880.126953125,0.7951021713324861,-1.9915412106483048,-79.12736191491959
880.7373046875,0.7946749698793025,-1.9962093174774906,-79.1849310333321
881.34765625,0.7942474758886625,-2.0008831336516137,-79.24248089065472
881.9580078125,0.793819690550234,-2.005562654023007,-79.30001142980935
882.568359375,0.7933916150547626,-2.010247873423157,-79.35752259383172
883.1787109375,0.7929632505940616,-2.0149387866627126,-79.41501432587182
883.7890625,0.7925345983609926,-2.0196353885316025,-79.47248656919439
884.3994140625,0.7921056595494512,-2.0243376737990983,-79.52993926717913
885.009765625,0.7916764353543507,-2.0290456372138914,-79.58737236332126
885.6201171875,0.7912469269716095,-2.033759273504139,-79.64478580123178
886.23046875,0.7908171355981308,-2.0384785773775884,-79.70217952463794
886.8408203125,0.7903870624317922,-2.0432035435215976,-79.7595534773836
887.451171875,0.7899567086714268,-2.0479341666032456,-79.81690760342964
888.0615234375,0.7895260755168084,-2.052670441269397,-79.8742418468543
888.671875,0.7890951641686373,-2.0574123621467706,-79.93155615185353
889.2822265625,0.7886639758285243,-2.0621599238420125,-79.98885046274141
889.892578125,0.7882325116989741,-2.0669131209417873,-80.04612472395058
890.5029296875,0.7878007729833723,-2.0716719480128267,-80.10337888003242
891.11328125,0.787368760885967,-2.0764363996020343,-80.1606128756577
891.7236328125,0.7869364766118561,-2.0812064702365367,-80.21782665561666
892.333984375,0.7865039213669703,-2.085982154423773,-80.27502016481957
892.9443359375,0.7860710963580585,-2.090763446651564,-80.33219334829695
893.5546875,0.7856380027926718,-2.0955503413881917,-80.38934615120013
894.1650390625,0.7852046418791493,-2.1003428330824674,-80.44647851880133
894.775390625,0.7847710148266014,-2.1051409161638186,-80.50359039649422
895.3857421875,0.7843371228448951,-2.109944585042361,-80.56068172979423
895.99609375,0.7839029671446391,-2.1147538341089684,-80.61775246433886
896.6064453125,0.7834685489371683,-2.119568657735356,-80.67480254588803
897.216796875,0.7830338694345271,-2.1243890502741665,-80.73183192032445
897.8271484375,0.782598929849457,-2.12921500605902,-80.78884053365391
898.4375,0.7821637313953781,-2.134046519404623,-80.84582833200578
899.0478515625,0.7817282752863766,-2.1388835846068206,-80.90279526163303
899.658203125,0.7812925627371883,-2.1437261959426825,-80.95974126891294
900.2685546875,0.7808565949631832,-2.148574347670586,-81.01666630034711
900.87890625,0.7804203731803514,-2.1534280340302807,-81.07357030256203
901.4892578125,0.7799838986052858,-2.158287249242989,-81.13045322230928
902.099609375,0.7795471724551694,-2.1631519875114593,-81.18731500646587
902.7099609375,0.7791101959477592,-2.168022243020047,-81.24415560203447
903.3203125,0.7786729703013703,-2.1728980099348134,-81.30097495614405
903.9306640625,0.7782354967348616,-2.177779282403585,-81.35777301604978
904.541015625,0.7777977764676214,-2.1826660545560275,-81.41454972913365
905.1513671875,0.7773598107195506,-2.1875583205037437,-81.47130504290463
905.76171875,0.7769216007110482,-2.192456074340348,-81.52803890499905
906.3720703125,0.7764831476629986,-2.1973593101415148,-81.58475126318082
906.982421875,0.7760444527967524,-2.2022680219651076,-81.64144206534192
907.5927734375,0.7756055173341142,-2.2071822038512243,-81.69811125950241
908.203125,0.775166342497328,-2.212101849822275,-81.7547587938111
908.8134765625,0.7747269295090602,-2.2170269538830802,-81.81138461654545
909.423828125,0.7742872795923866,-2.2219575100209332,-81.86798867611222
910.0341796875,0.7738473939707762,-2.2268935122056916,-81.92457092104743
910.64453125,0.7734072738680771,-2.231834954389846,-81.98113130001707
911.2548828125,0.7729669205085001,-2.236781830508619,-82.0376697618169
911.865234375,0.7725263351166068,-2.241734134480013,-82.09418625537313
912.4755859375,0.7720855189172922,-2.246691860204919,-82.15068072974245
913.0859375,0.7716444731357703,-2.251655001567185,-82.2071531341125
913.6962890625,0.7712031989975604,-2.2566235524336973,-82.263603417802
914.306640625,0.7707616977284717,-2.261597506654455,-82.32003153026112
914.9169921875,0.770319970554588,-2.266576858062663,-82.37643742107169
915.52734375,0.7698780187022546,-2.2715616004747936,-82.4328210399475
916.1376953125,0.7694358433980614,-2.2765517276906926,-82.4891823367346
916.748046875,0.7689934458688303,-2.281547233493633,-82.5455212614115
917.3583984375,0.7685508273415987,-2.286548111650422,-82.60183776408947
917.96875,0.7681079890436077,-2.291554355911446,-82.65813179501278
918.5791015625,0.7676649322022837,-2.296565960010794,-82.71440330455903
919.189453125,0.7672216580452267,-2.301582917666311,-82.77065224323928
919.7998046875,0.7667781678001951,-2.306605222579681,-82.82687856169844
920.41015625,0.766334462695091,-2.311632868436515,-82.88308221071543
921.0205078125,0.7658905439579455,-2.3166658489064282,-82.9392631412034
921.630859375,0.7654464128169046,-2.321704157643127,-82.99542130421013
922.2412109375,0.7650020705002144,-2.3267477882844836,-83.05155665091807
922.8515625,0.7645575182362075,-2.331796734452616,-83.10766913264479
923.4619140625,0.764112757253288,-2.3368509897539753,-83.16375870084303
924.072265625,0.7636677887799174,-2.3419105477794195,-83.21982530710109
924.6826171875,0.7632226140445989,-2.346975402104317,-83.27586890314291
925.29296875,0.7627772342758669,-2.352045546288584,-83.33188944082842
925.9033203125,0.762331650702267,-2.3571209738768264,-83.3878868721538
926.513671875,0.7618858645523484,-2.362201678398355,-83.44386114925156
927.1240234375,0.7614398770546439,-2.3672876533673244,-83.49981222439085
927.734375,0.7609936894376588,-2.3723788922827853,-83.55574004997774
928.3447265625,0.760547302929857,-2.377475388628762,-83.61164457855529
928.955078125,0.7601007187596454,-2.3825771358743517,-83.66752576280393
929.5654296875,0.7596539381553595,-2.38768412747381,-83.72338355554159
930.17578125,0.7592069623452525,-2.3927963568665995,-83.77921790972381
930.7861328125,0.758759792557477,-2.3979138174775168,-83.83502877844425
931.396484375,0.7583124300200745,-2.403036502716737,-83.89081611493454
932.0068359375,0.7578648759609603,-2.4081644059799086,-83.94657987256473
932.6171875,0.7574171316079077,-2.413297520648258,-84.00232000484338
933.2275390625,0.7569691981885375,-2.4184358400886325,-84.05803646541784
933.837890625,0.7565210769303022,-2.4235793576536047,-84.11372920807433
934.4482421875,0.7560727690604717,-2.428728066681562,-84.16939818673829
935.05859375,0.7556242758061215,-2.4338819604967648,-84.22504335547441
935.6689453125,0.7551755983941162,-2.439041032409458,-84.28066466848695
936.279296875,0.7547267380510987,-2.4442052757159254,-84.33626208011987
936.8896484375,0.7542776960034752,-2.4493746836985846,-84.39183554485696
937.5,0.7538284734774,-2.454549249626084,-84.44738501732219
938.1103515625,0.7533790716987656,-2.4597289667533495,-84.50291045227968
938.720703125,0.7529294918931853,-2.464913828321707,-84.55841180463405
939.3310546875,0.7524797352859812,-2.4701038275589435,-84.61388902943054
939.94140625,0.7520298031021727,-2.4752989576793762,-84.6693420818551
940.5517578125,0.7515796965664587,-2.4804992118839753,-84.72477091723471
941.162109375,0.7511294169032092,-2.485704583360395,-84.78017549103737
941.7724609375,0.7506789653364472,-2.4909150652831067,-84.8355557588725
942.3828125,0.750228343089838,-2.496130650813452,-84.89091167649087
942.9931640625,0.7497775513866763,-2.50135133309972,-84.94624319978494
943.603515625,0.7493265914498712,-2.5065771052772545,-85.0015502847888
944.2138671875,0.7488754645019332,-2.511807960468524,-85.05683288767867
944.82421875,0.7484241717649627,-2.517043891783193,-85.11209096477269
945.4345703125,0.7479727144606348,-2.5222848923182237,-85.1673244725313
946.044921875,0.7475210938101878,-2.5275309551579435,-85.22253336755733
946.6552734375,0.7470693110344085,-2.5327820733741415,-85.2777176065961
947.265625,0.746617367353621,-2.5380382400261317,-85.33287714653561
947.8759765625,0.7461652639876714,-2.543299448160865,-85.38801194440673
948.486328125,0.7457130021559163,-2.5485656908129872,-85.44312195738325
949.0966796875,0.745260583077211,-2.553836961004918,-85.49820714278204
949.70703125,0.7448080079698937,-2.559113251746958,-85.5532674580632
950.3173828125,0.7443552780517741,-2.564394556037359,-85.60830286083026
950.927734375,0.7439023945401227,-2.5696808668623845,-85.66331330883017
951.5380859375,0.7434493586516538,-2.574972177196435,-85.71829875995348
952.1484375,0.7429961716025156,-2.5802684800021014,-85.77325917223462
952.7587890625,0.7425428346082771,-2.5855697682302514,-85.8281945038517
953.369140625,0.7420893488839153,-2.5908760348201105,-85.88310471312698
953.9794921875,0.7416357156438016,-2.596187272699363,-85.9379897585268
954.58984375,0.7411819361016907,-2.60150347478421,-85.99284959866162
955.2001953125,0.7407280114707075,-2.6068246339794614,-86.04768419228643
955.810546875,0.7402739429633347,-2.612150743178619,-86.10249349830042
956.4208984375,0.7398197317913995,-2.6174817952639633,-86.15727747574763
957.03125,0.7393653791660624,-2.6228177831066275,-86.21203608381656
957.6416015625,0.7389108862978038,-2.628158699566687,-86.26676928184055
958.251953125,0.738456254396413,-2.6335045374932275,-86.32147702929785
958.8623046875,0.7380014846709747,-2.6388552897244484,-86.37615928581168
959.47265625,0.7375465783298564,-2.644210949087735,-86.43081601115027
960.0830078125,0.7370915365806975,-2.6495715083997355,-86.48544716522704
960.693359375,0.736636360630397,-2.6549369604664452,-86.54005270810082
961.3037109375,0.7361810516851007,-2.660307298083289,-86.59463259997554
961.9140625,0.7357256109501895,-2.6656825140352094,-86.6491868012008
962.5244140625,0.7352700396302663,-2.6710626010967498,-86.70371527227164
963.134765625,0.7348143389291457,-2.6764475520321236,-86.75821797382869
963.7451171875,0.7343585100498413,-2.6818373595953062,-86.81269486665839
964.35546875,0.7339025541945546,-2.6872320165301007,-86.8671459116928
964.9658203125,0.7334464725646606,-2.6926315155702567,-86.92157107000999
965.576171875,0.7329902663606989,-2.6980358494395116,-86.9759703028338
966.1865234375,0.7325339367823611,-2.703445010851686,-87.03034357153425
966.796875,0.732077485028478,-2.7088589925107787,-87.08469083762733
967.4072265625,0.7316209122970084,-2.7142777871110386,-87.13901206277517
968.017578125,0.7311642197850287,-2.719701387337035,-87.19330720878615
968.6279296875,0.73070740868872,-2.7251297858637518,-87.24757623761495
969.23828125,0.7302504802033568,-2.7305629753566683,-87.30181911136248
969.8486328125,0.7297934355232957,-2.736000948471839,-87.35603579227617
970.458984375,0.7293362758419631,-2.7414436978559795,-87.41022624274983
971.0693359375,0.7288790023518465,-2.7468912161465235,-87.46439042532383
971.6796875,0.7284216162444791,-2.7523434959717448,-87.51852830268501
972.2900390625,0.727964118710432,-2.7578005299507993,-87.57263983766697
972.900390625,0.7275065109393003,-2.763262310693837,-87.62672499324985
973.5107421875,0.7270487941196939,-2.768728830802061,-87.6807837325605
974.12109375,0.7265909694392259,-2.77420008286781,-87.73481601887266
974.7314453125,0.7261330380845,-2.779676059474655,-87.78882181560672
975.341796875,0.7256750012411006,-2.785156753197475,-87.84280108632997
975.9521484375,0.7252168600935825,-2.7906421566025164,-87.89675379475653
976.5625,0.7247586158254591,-2.796132262247493,-87.95067990474755
977.1728515625,0.7243002696191903,-2.801627062681674,-88.00457938031091
977.783203125,0.7238418226561728,-2.807126550445952,-88.05845218560175
978.3935546875,0.7233832761167305,-2.8126307180729118,-88.11229828492193
979.00390625,0.7229246311801011,-2.8181395580869344,-88.16611764272058
979.6142578125,0.7224658890244272,-2.8236530630042616,-88.21991022359369
980.224609375,0.7220070508267442,-2.829171225333089,-88.27367599228451
980.8349609375,0.7215481177629719,-2.8346940375736205,-88.3274149136832
981.4453125,0.721089091007901,-2.8402214922181805,-88.38112695282722
982.0556640625,0.7206299717351844,-2.8457535817512736,-88.43481207490107
982.666015625,0.7201707611173266,-2.851290298649664,-88.48847024523646
983.2763671875,0.7197114603256722,-2.8568316353824668,-88.54210142931217
983.88671875,0.7192520705303966,-2.8623775844112167,-88.59570559275426
984.4970703125,0.7187925929004957,-2.867928138189944,-88.64928270133592
985.107421875,0.7183330286037731,-2.8734832891652813,-88.7028327209775
985.7177734375,0.7178733788068341,-2.879043029776498,-88.7563556177466
986.328125,0.7174136446750714,-2.884607352455622,-88.80985135785808
986.9384765625,0.7169538273726578,-2.890176249627487,-88.8633199076738
987.548828125,0.7164939280625335,-2.89574971370984,-88.91676123370301
988.1591796875,0.7160339479063992,-2.901327737113386,-88.97017530260202
988.76953125,0.7155738880647029,-2.906910312241899,-89.0235620811744
989.3798828125,0.7151137496966329,-2.912497431492269,-89.07692153637086
989.990234375,0.714653533960103,-2.918089087254638,-89.13025363528932
990.6005859375,0.7141932420117505,-2.9236852719123814,-89.18355834517482
991.2109375,0.7137328750069177,-2.9292859778422913,-89.2368356334195
991.8212890625,0.7132724340996482,-2.934891197414584,-89.29008546756276
992.431640625,0.7128119204426743,-2.94050092299301,-89.34330781529096
993.0419921875,0.7123513351874093,-2.946115146934904,-89.39650264443762
993.65234375,0.7118906794839353,-2.9517338615913036,-89.4496699229833
994.2626953125,0.7114299544809959,-2.957357059306987,-89.50280961905563
994.873046875,0.7109691613259848,-2.962984732420584,-89.55592170092922
995.4833984375,0.7105083011649389,-2.968616873264613,-89.6090061370257
996.09375,0.7100473751425247,-2.974253474165616,-89.66206289591369
996.7041015625,0.7095863844020341,-2.979894527444168,-89.71509194630866
997.314453125,0.7091253300853705,-2.985540025415011,-89.76809325707299
997.9248046875,0.7086642133330425,-2.991189960387093,-89.82106679721592
998.53515625,0.7082030352841524,-2.9968443246636745,-89.87401253589358
999.1455078125,0.7077417970763893,-3.0025031105423765,-89.9269304424088
999.755859375,0.7072804998460184,-3.0081663103152745,-89.97982048621117
1000.3662109375,0.7068191447278719,-3.013833916268976,-90.03268263689696
1000.9765625,0.7063577328553403,-3.019505920684693,-90.08551686420913
1001.5869140625,0.7058962653603645,-3.0251823158383044,-90.13832313803722
1002.197265625,0.7054347433734252,-3.0308630940004537,-90.19110142841734
1002.8076171875,0.704973168023534,-3.0365482474366177,-90.24385170553208
1003.41796875,0.7045115404382264,-3.0422377684071735,-90.29657393971051
1004.0283203125,0.7040498617435503,-3.0479316491674906,-90.34926810142805
1004.638671875,0.7035881330640603,-3.053629881967985,-90.40193416130649
1005.2490234375,0.7031263555228071,-3.059332459054205,-90.45457209011394
1005.859375,0.7026645302413278,-3.0650393726669263,-90.50718185876474
1006.4697265625,0.7022026583396407,-3.0707506150421855,-90.55976343831927
1007.080078125,0.7017407409362333,-3.0764661784113927,-90.6123167999841
1007.6904296875,0.701278779148057,-3.0821860550013724,-90.66484191511181
1008.30078125,0.7008167740905143,-3.0879102370344897,-90.71733875520103
1008.9111328125,0.7003547268774564,-3.0936387167286505,-90.76980729189611
1009.521484375,0.699892638621169,-3.0993714862974446,-90.82224749698739
1010.1318359375,0.6994305104323669,-3.1051085379501937,-90.87465934241082
1010.7421875,0.6989683434201863,-3.1108498638920095,-90.92704280024823
1011.3525390625,0.6985061386921755,-3.116595456323887,-90.97939784272683
1011.962890625,0.6980438973542871,-3.1223453074427687,-91.03172444221947
1012.5732421875,0.6975816205108684,-3.1280994094416426,-91.08402257124442
1013.18359375,0.6971193092646567,-3.133857754509571,-91.13629220246528
1013.7939453125,0.696656964716769,-3.139620334831796,-91.18853330869102
1014.404296875,0.6961945879666925,-3.145387142589824,-91.24074586287574
1015.0146484375,0.6957321801122822,-3.151158169961441,-91.29292983811862
1015.625,0.6952697422497461,-3.1569334091208647,-91.34508520766393
1016.2353515625,0.6948072754736428,-3.1627128522387524,-91.3972119449008
1016.845703125,0.6943447808768717,-3.1684964914823017,-91.44931002336325
1017.4560546875,0.6938822595506647,-3.1742843190153236,-91.50137941673002
1018.06640625,0.6934197125845802,-3.1800763269983037,-91.5534200988245
1018.6767578125,0.6929571410664943,-3.1858725075884826,-91.60543204361466
1019.287109375,0.6924945460825933,-3.19167285293993,-91.65741522521286
1019.8974609375,0.6920319287173672,-3.1974773552036035,-91.7093696178759
1020.5078125,0.6915692900536008,-3.203286006527439,-91.7612951960047
1021.1181640625,0.6911066311723684,-3.209098799056397,-91.81319193414448
1021.728515625,0.6906439531530236,-3.2149157249325655,-91.86505980698442
1022.3388671875,0.6901812570731956,-3.2207367762951966,-91.91689878935762
1022.94921875,0.6897185440087783,-3.2265619452808076,-91.96870885624108
1023.5595703125,0.6892558150339259,-3.2323912240232326,-92.02048998275542
1024.169921875,0.6887930712210444,-3.2382246046537007,-92.07224214416497
1024.7802734375,0.6883303136407853,-3.2440620793008983,-92.12396531587751
1025.390625,0.6878675433620377,-3.249903640091057,-92.17565947344414
1026.0009765625,0.6874047614519213,-3.255749279148012,-92.22732459255927
1026.611328125,0.6869419689757813,-3.26159898859326,-92.27896064906052
1027.2216796875,0.6864791669971795,-3.2674527605460497,-92.33056761892841
1027.83203125,0.6860163565778885,-3.2733105871234365,-92.38214547828645
1028.4423828125,0.6855535387778833,-3.279172460440379,-92.43369420340086
1029.052734375,0.6850907146553383,-3.285038372609754,-92.48521377068063
1029.6630859375,0.6846278852666162,-3.2909083157424863,-92.53670415667719
1030.2734375,0.6841650516662647,-3.296782281947573,-92.5881653380843
1030.8837890625,0.6837022149070078,-3.3026602633321844,-92.6395972917382
1031.494140625,0.6832393760397408,-3.308542252001701,-92.69099999461712
1032.1044921875,0.6827765361135228,-3.3144282400598115,-92.74237342384131
1032.71484375,0.6823136961755714,-3.3203182196085548,-92.793717556673
1033.3251953125,0.6818508572712539,-3.3262121827484186,-92.84503237051604
1033.935546875,0.6813880204440852,-3.3321101215783666,-92.89631784291593
1034.5458984375,0.6809251867357173,-3.338012028195942,-92.94757395155972
1035.15625,0.6804623571859354,-3.34391789469732,-92.99880067427566
1035.7666015625,0.6799995328326506,-3.349827713177382,-93.04999798903323
1036.376953125,0.6795367147118957,-3.355741475729758,-93.10116587394307
1036.9873046875,0.6790739038578163,-3.361659174446934,-93.15230430725659
1037.59765625,0.6786111013026673,-3.367580801420285,-93.20341326736597
1038.2080078125,0.6781483080768055,-3.3735063487401584,-93.25449273280408
1038.818359375,0.6776855252086842,-3.3794358084959333,-93.30554268224421
1039.4287109375,0.6772227537248473,-3.3853691727760893,-93.35656309449996
1040.0390625,0.6767599946499235,-3.391306433668271,-93.40755394852505
1040.6494140625,0.6762972490066207,-3.3972475832593534,-93.45851522341337
1041.259765625,0.6758345178157195,-3.4031926136355137,-93.50944689839845
1041.8701171875,0.6753718020960681,-3.409141516882293,-93.56034895285372
1042.48046875,0.6749091028645775,-3.415094285084649,-93.61122136629201
1043.0908203125,0.6744464211362142,-3.4210509103270454,-93.66206411836566
1043.701171875,0.6739837579239967,-3.4270113846934898,-93.7128771888662
1044.3115234375,0.6735211142389879,-3.432975700267622,-93.76366055772418
1044.921875,0.6730584910902908,-3.4389438491327704,-93.81441420500911
1045.5322265625,0.6725958894850439,-3.444915823372005,-93.86513811092925
1046.142578125,0.6721333104284146,-3.450891615068212,-93.91583225583135
1046.7529296875,0.6716707549235936,-3.456871216304168,-93.9664966202008
1047.36328125,0.671208223971792,-3.4628546191625738,-94.01713118466098
1047.9736328125,0.6707457185722331,-3.4688418157261536,-94.06773592997355
1048.583984375,0.6702832397221501,-3.4748327980776814,-94.11831083703792
1049.1943359375,0.6698207884167782,-3.4808275583000863,-94.16885588689142
1049.8046875,0.6693583656493524,-3.4868260884764717,-94.21937106070871
1050.4150390625,0.6688959724111008,-3.4928283806902054,-94.26985633980212
1051.025390625,0.6684336096912397,-3.49883442702498,-94.32031170562098
1051.6357421875,0.6679712784769687,-3.5048442195648737,-94.37073713975182
1052.24609375,0.6675089797534681,-3.510857750394387,-94.42113262391794
1052.8564453125,0.6670467145038897,-3.5168750115985596,-94.4714981399794
1053.466796875,0.6665844837093572,-3.5228959952629664,-94.52183366993268
1054.0771484375,0.6661222883489565,-3.5289206934738404,-94.5721391959107
1054.6875,0.6656601293997355,-3.5349490983180827,-94.62241470018243
1055.2978515625,0.6651980078366965,-3.5409812018833597,-94.67266016515285
1055.908203125,0.664735924632793,-3.5470169962581437,-94.72287557336276
1056.5185546875,0.6642738807589247,-3.5530564735317856,-94.77306090748849
1057.12890625,0.6638118771839328,-3.559099625794575,-94.8232161503418
1057.7392578125,0.6633499148745972,-3.5651464451377795,-94.87334128486971
1058.349609375,0.6628879947956303,-3.57119692365373,-94.92343629415419
1058.9599609375,0.662426117909673,-3.57725105343588,-94.9735011614121
1059.5703125,0.6619642851772916,-3.5833088265788433,-95.02353586999496
1060.1806640625,0.6615024975569724,-3.589370235178471,-95.07354040338876
1060.791015625,0.6610407560051177,-3.5954352713319175,-95.12351474521368
1061.4013671875,0.6605790614760423,-3.601503927137676,-95.17345887922407
1062.01171875,0.6601174149219691,-3.6075761946956546,-95.22337278930807
1062.6220703125,0.6596558172930249,-3.613652066107231,-95.27325645948754
1063.232421875,0.6591942695372368,-3.619731533475308,-95.32310987391777
1063.8427734375,0.6587327726005278,-3.625814588904381,-95.37293301688742
1064.453125,0.6582713274267127,-3.631901224500589,-95.42272587281813
1065.0634765625,0.6578099349574956,-3.6379914323717664,-95.4724884262645
1065.673828125,0.6573485961324654,-3.644085204627505,-95.52222066191374
1066.2841796875,0.6568873118890904,-3.6501825333792324,-95.57192256458559
1066.89453125,0.6564260831627174,-3.656283410740234,-95.621594119232
1067.5048828125,0.655964910886567,-3.662387828825722,-95.671235310937
1068.115234375,0.6555037959917286,-3.6684957797529147,-95.7208461249165
1068.7255859375,0.6550427394071585,-3.6746072556410647,-95.77042654651807
1069.3359375,0.6545817420596762,-3.6807222486115254,-95.81997656122066
1069.9462890625,0.6541208048739603,-3.6868407507878103,-95.86949615463446
1070.556640625,0.6536599287725449,-3.6929627542956527,-95.91898531250072
1071.1669921875,0.6531991146758181,-3.6990882512630363,-95.96844402069149
1071.77734375,0.6527383635020156,-3.7052172338202944,-96.01787226520942
1072.3876953125,0.6522776761672207,-3.7113496941001185,-96.06727003218747
1072.998046875,0.6518170535853579,-3.7174856242376517,-96.11663730788888
1073.6083984375,0.6513564966681925,-3.72362501637052,-96.16597407870675
1074.21875,0.6508960063253255,-3.7297678626388953,-96.21528033116394
1074.8291015625,0.6504355834641917,-3.7359141551855486,-96.26455605191282
1075.439453125,0.6499752289900559,-3.7420638861559063,-96.31380122773517
1076.0498046875,0.6495149438060094,-3.748217047698112,-96.36301584554161
1076.66015625,0.6490547288129697,-3.7543736319630456,-96.41219989237186
1077.2705078125,0.6485945849096729,-3.7605336311044404,-96.46135335539417
1077.880859375,0.6481345129926759,-3.7666970372788677,-96.51047622190518
1078.4912109375,0.6476745139563508,-3.7728638426458256,-96.55956847932977
1079.1015625,0.6472145886928811,-3.7790340393678075,-96.60863011522083
1079.7119140625,0.6467547380922617,-3.7852076196103175,-96.65766111725887
1080.322265625,0.6462949630422944,-3.7913845755419473,-96.70666147325205
1080.9326171875,0.6458352644285854,-3.7975648993344246,-96.75563117113576
1081.54296875,0.6453756431345442,-3.8037485831626494,-96.80457019897247
1082.1533203125,0.6449161000413782,-3.809935619204778,-96.85347854495147
1082.763671875,0.6444566360280927,-3.816125999642246,-96.90235619738866
1083.3740234375,0.6439972519714868,-3.8223197166598357,-96.95120314472632
1083.984375,0.643537948746152,-3.828516762445722,-97.00001937553294
1084.5947265625,0.6430787272244699,-3.8347171291915143,-97.04880487850282
1085.205078125,0.6426195882766085,-3.8409208090923275,-97.097559642456
1085.8154296875,0.6421605327705208,-3.847127794346823,-97.14628365633804
1086.42578125,0.6417015615719432,-3.853338077157246,-97.19497690921956
1087.0361328125,0.641242675544392,-3.8595516497294993,-97.24363939029628
1087.646484375,0.640783875549161,-3.865768504273185,-97.29227108888865
1088.2568359375,0.6403251624453216,-3.87198863300164,-97.34087199444157
1088.8671875,0.6398665370897176,-3.878212028132009,-97.38944209652435
1089.4775390625,0.6394080003369658,-3.8844386818852765,-97.43798138483012
1090.087890625,0.6389495530394521,-3.890668586486324,-97.48648984917604
1090.6982421875,0.6384911960473314,-3.8969017341639685,-97.53496747950264
1091.30859375,0.6380329302085228,-3.903138117151039,-97.58341426587391
1091.9189453125,0.6375747563687107,-3.9093777276843893,-97.63183019847679
1092.529296875,0.6371166753713414,-3.9156205580049708,-97.68021526762121
1093.1396484375,0.6366586880576213,-3.9218666003578715,-97.72856946373952
1093.75,0.6362007952665157,-3.928115846992362,-97.77689277738654
1094.3603515625,0.6357429978347463,-3.934368290161956,-97.82518519923913
1094.970703125,0.6352852965967899,-3.940623922124445,-97.8734467200961
1095.5810546875,0.6348276923848777,-3.946882735141939,-97.92167733087777
1096.19140625,0.6343701860289915,-3.95314472148094,-97.96987702262588
1096.8017578125,0.6339127783568645,-3.959409873412359,-98.01804578650331
1097.412109375,0.6334554701939773,-3.9656781832115944,-98.0661836137938
1098.0224609375,0.632998262363559,-3.971949643158542,-98.11429049590171
1098.6328125,0.6325411556865836,-3.9782242455376755,-98.16236642435184
1099.2431640625,0.6320841509817703,-3.9845019826380628,-98.21041139078902
1099.853515625,0.6316272490655798,-3.990782846753447,-98.25842538697806
1100.4638671875,0.6311704507522168,-3.997066830182239,-98.30640840480332
1101.07421875,0.6307137568536236,-4.003353925227635,-98.35436043626862
1101.6845703125,0.6302571681794837,-4.00964412419759,-98.40228147349687
1102.294921875,0.6298006855372177,-4.015937419404908,-98.45017150872987
1102.9052734375,0.629344309731983,-4.0222338031672695,-98.49803053432801
1103.515625,0.6288880415666712,-4.0285332678072985,-98.5458585427701
1104.1259765625,0.6284318818419103,-4.034835805652563,-98.59365552665305
1104.736328125,0.627975831356061,-4.041141409035654,-98.64142147869165
1105.3466796875,0.627519890905216,-4.047450070294224,-98.68915639171821
1105.95703125,0.6270640612831988,-4.0537617817710325,-98.73686025868255
1106.5673828125,0.6266083432815649,-4.060076535813963,-98.78453307265146
1107.177734375,0.6261527376895974,-4.066394324776114,-98.8321748268086
1107.7880859375,0.6256972452943095,-4.072715141015795,-98.8797855144542
1108.3984375,0.6252418668804403,-4.07903897689661,-98.92736512900488
1109.0087890625,0.6247866032304581,-4.085365824787455,-98.9749136639933
1109.619140625,0.6243314551245558,-4.091695677062604,-99.02243111306788
1110.2294921875,0.623876423340652,-4.098028526101729,-99.0699174699926
1110.83984375,0.6234215086543904,-4.104364364289942,-99.11737272864676
1111.4501953125,0.6229667118391384,-4.1107031840178445,-99.16479688302469
1112.060546875,0.6225120336659866,-4.117044977681571,-99.21218992723546
1112.6708984375,0.6220574749037489,-4.123389737682818,-99.25955185550261
1113.28125,0.6216030363189619,-4.1297374564288845,-99.30688266216406
1113.8916015625,0.6211487186758831,-4.136088126332735,-99.35418234167153
1114.501953125,0.6206945227364915,-4.142441739813025,-99.40145088859059
1115.1123046875,0.6202404492604882,-4.148798289294123,-99.44868829760019
1115.72265625,0.6197864990052926,-4.155157767206202,-99.49589456349256
1116.3330078125,0.6193326727260464,-4.161520165985216,-99.54306968117271
1116.943359375,0.6188789711756092,-4.167885478073003,-99.5902136456585
1117.5537109375,0.6184253951045615,-4.174253695917266,-99.63732645207999
1118.1640625,0.6179719452612021,-4.18062481197166,-99.68440809567953
1118.7744140625,0.6175186223915498,-4.186998818695794,-99.73145857181125
1119.384765625,0.6170654272393404,-4.193375708555312,-99.77847787594091
1119.9951171875,0.6166123605460305,-4.199755474021879,-99.82546600364556
1120.60546875,0.6161594230507933,-4.206138107573277,-99.8724229506134
1121.2158203125,0.6157066154905219,-4.2125236016933885,-99.91934871264331
1121.826171875,0.6152539385998266,-4.21891194887228,-99.96624328564481
1122.4365234375,0.6148013931110365,-4.225303141606215,-100.01310666563761
1123.046875,0.6143489797541996,-4.231697172397692,-100.05993884875146
1123.6572265625,0.6138966992570812,-4.238094033755497,-100.10673983122578
1124.267578125,0.6134445523451656,-4.244493718194733,-100.15350960940948
1124.8779296875,0.6129925397416558,-4.250896218236849,-100.20024817976065
1125.48828125,0.6125406621674729,-4.257301526409693,-100.24695553884631
1126.0986328125,0.6120889203412584,-4.263709635247522,-100.29363168334204
1126.708984375,0.6116373149793704,-4.27012053729109,-100.34027661003188
1127.3193359375,0.6111858467958886,-4.276534225087619,-100.38689031580792
1127.9296875,0.610734516502611,-4.282950691190888,-100.43347279767016
1128.5400390625,0.6102833248090569,-4.289369928161229,-100.48002405272605
1129.150390625,0.6098322724224639,-4.29579192856561,-100.5265440781904
1129.7607421875,0.6093813600477919,-4.3022166849776164,-100.57303287138495
1130.37109375,0.6089305883877206,-4.308644189977533,-100.61949042973828
1130.9814453125,0.6084799581426524,-4.315074436152344,-100.66591675078539
1131.591796875,0.608029470010711,-4.321507416095789,-100.71231183216743
1132.2021484375,0.6075791246877422,-4.327943122408395,-100.75867567163156
1132.8125,0.607128922867315,-4.334381547697511,-100.80500826703052
1133.4228515625,0.6066788652407223,-4.340822684577327,-100.85130961632242
1134.033203125,0.606228952496981,-4.3472665256689265,-100.89757971757045
1134.6435546875,0.6057791853228325,-4.353713063600319,-100.94381856894275
1135.25390625,0.6053295644027432,-4.360162291006469,-100.99002616871181
1135.8642578125,0.6048800904189071,-4.3666142005293125,-101.03620251525459
1136.474609375,0.6044307640512427,-4.373068784817839,-101.08234760705186
1137.0849609375,0.6039815859773977,-4.3795260365280715,-101.12846144268826
1137.6953125,0.6035325568727484,-4.385985948323114,-101.17454402085174
1138.3056640625,0.6030836774103988,-4.392448512873214,-101.22059534033357
1138.916015625,0.6026349482611836,-4.39891372285576,-101.26661540002777
1139.5263671875,0.6021863700936684,-4.405381570955328,-101.31260419893108
1140.13671875,0.6017379435741503,-4.41185204986371,-101.35856173614249
1140.7470703125,0.6012896693666593,-4.418325152279951,-101.4044880108631
1141.357421875,0.6008415481329588,-4.424800870910374,-101.45038302239581
1141.9677734375,0.6003935805325462,-4.431279198468627,-101.49624677014504
1142.578125,0.5999457672226556,-4.437760127675686,-101.5420792536163
1143.1884765625,0.599498108858257,-4.444243651259911,-101.58788047241622
1143.798828125,0.5990506060920584,-4.450729761957068,-101.633650426252
1144.4091796875,0.5986032595745057,-4.457218452510369,-101.67938911493131
1145.01953125,0.5981560699537858,-4.46370971567048,-101.72509653836185
1145.6298828125,0.5977090378758261,-4.470203544195574,-101.77077269655123
1146.240234375,0.5972621639842964,-4.476699930851346,-101.8164175896066
1146.8505859375,0.5968154489206097,-4.483198868411062,-101.86203121773438
1147.4609375,0.5963688933239241,-4.48970034965556,-101.90761358123994
1148.0712890625,0.5959224978311435,-4.496204367373302,-101.9531646805275
1148.681640625,0.5954762630769187,-4.502710914360405,-101.99868451609956
1149.2919921875,0.5950301896936485,-4.509219983420664,-102.04417308855695
1149.90234375,0.5945842783114831,-4.515731567365564,-102.08963039859825
1150.5126953125,0.5941385295583229,-4.522245659014334,-102.13505644701978
1151.123046875,0.5936929440598211,-4.5287622511939665,-102.18045123471502
1151.7333984375,0.5932475224393854,-4.535281336739238,-102.22581476267462
1152.34375,0.5928022653181784,-4.5418029084927545,-102.27114703198596
1152.9541015625,0.5923571733151193,-4.548326959304974,-102.3164480438329
1153.564453125,0.5919122470468877,-4.554853482034203,-102.36171779949548
1154.1748046875,0.5914674871279211,-4.5613824695466825,-102.40695630034972
1154.78515625,0.5910228941704195,-4.567913914716567,-102.45216354786727
1155.3955078125,0.5905784687843465,-4.574447810425969,-102.49733954361514
1156.005859375,0.5901342115774291,-4.580984149565,-102.54248428925538
1156.6162109375,0.589690123155162,-4.587522925031763,-102.58759778654492
1157.2265625,0.5892462041208081,-4.594064129732403,-102.63268003733513
1157.8369140625,0.5888024550753983,-4.600607756581149,-102.67773104357175
1158.447265625,0.5883588766177371,-4.607153798500293,-102.72275080729429
1159.0576171875,0.5879154693444001,-4.613702248420274,-102.76773933063619
1159.66796875,0.5874722338497392,-4.620253099279651,-102.81269661582404
1160.2783203125,0.5870291707258828,-4.62680634402516,-102.85762266517776
1160.888671875,0.5865862805627374,-4.63336197561173,-102.90251748110994
1161.4990234375,0.58614356394799,-4.639919987002513,-102.9473810661259
1162.109375,0.5857010214671099,-4.646480371168905,-102.99221342282307
1162.7197265625,0.5852586537033501,-4.653043121090569,-103.03701455389096
1163.330078125,0.5848164612377497,-4.6596082297554675,-103.08178446211087
1163.9404296875,0.584374444649136,-4.666175690159874,-103.12652315035538
1164.55078125,0.5839326045141259,-4.672745495308413,-103.17123062158834
1165.1611328125,0.5834909414071272,-4.679317638214084,-103.21590687886447
1165.771484375,0.5830494559003434,-4.685892111898255,-103.26055192532901
1166.3818359375,0.5826081485637715,-4.69246890939074,-103.3051657642176
1166.9921875,0.5821670199652083,-4.699048023729768,-103.34974839885584
1167.6025390625,0.581726070670249,-4.705629447962046,-103.39429983265916
1168.212890625,0.5812853012422919,-4.712213175142754,-103.43882006913238
1168.8232421875,0.5808447122425386,-4.718799198335596,-103.48330911186957
1169.43359375,0.5804043042299967,-4.725387510612807,-103.52776696455373
1170.0439453125,0.5799640777614827,-4.731978105055168,-103.57219363095642
1170.654296875,0.5795240333916241,-4.738570974752036,-103.61658911493757
1171.2646484375,0.5790841716728595,-4.7451661128013845,-103.66095342044521
1171.875,0.5786444931554442,-4.7517635123097905,-103.70528655151514
1172.4853515625,0.5782049983874487,-4.7583631663925,-103.74958851227068
1173.095703125,0.5777656879147645,-4.7649650681733995,-103.79385930692237
1173.7060546875,0.5773265622811042,-4.771569210785075,-103.83809893976772
1174.31640625,0.5768876220280043,-4.7781755873688265,-103.88230741519088
1174.9267578125,0.5764488676948272,-4.784784191074684,-103.92648473766235
1175.537109375,0.5760102998187648,-4.791395015061418,-103.97063091173887
1176.1474609375,0.5755719189348396,-4.798008052496584,-104.01474594206287
1176.7578125,0.5751337255759071,-4.804623296556528,-104.0588298333624
1177.3681640625,0.5746957202726588,-4.811240740426413,-104.1028825904508
1177.978515625,0.5742579035536244,-4.817860377300233,-104.1469042182263
1178.5888671875,0.5738202759451739,-4.824482200380845,-104.19089472167197
1179.19921875,0.5733828379715208,-4.8311062028799725,-104.23485410585525
1179.8095703125,0.5729455901547243,-4.837732378018233,-104.27878237592772
1180.419921875,0.5725085330146912,-4.8443607190251665,-104.32267953712478
1181.0302734375,0.5720716670691788,-4.850991219139249,-104.36654559476563
1181.640625,0.5716349928337973,-4.85762387160791,-104.41038055425253
1182.2509765625,0.571198510822014,-4.864258669687534,-104.45418442107093
1182.861328125,0.5707622215451522,-4.870895606643532,-104.49795720078905
1183.4716796875,0.5703261255123978,-4.877534675750297,-104.54169889905745
1184.08203125,0.5698902232307993,-4.884175870291266,-104.58540952160911
1184.6923828125,0.5694545152052715,-4.890819183558921,-104.62908907425869
1185.302734375,0.5690190019385974,-4.897464608854816,-104.67273756290267
1185.9130859375,0.5685836839314323,-4.904112139489581,-104.71635499351886
1186.5234375,0.568148561682305,-4.910761768782955,-104.75994137216613
1187.1337890625,0.5677136356876208,-4.917413490063799,-104.80349670498414
1187.744140625,0.5672789064416651,-4.92406729667011,-104.84702099819317
1188.3544921875,0.566844374436605,-4.930723181949045,-104.89051425809369
1188.96484375,0.5664100401624926,-4.937381139256931,-104.93397649106623
1189.5751953125,0.5659759041072687,-4.944041161959279,-104.97740770357088
1190.185546875,0.5655419667567622,-4.9507032434308424,-105.0208079021473
1190.7958984375,0.5651082285946986,-4.957367377055545,-105.06417709341426
1191.40625,0.564674690102697,-4.964033556226595,-105.10751528406932
1192.0166015625,0.5642413517602769,-4.970701774346439,-105.15082248088879
1192.626953125,0.5638082140448585,-4.9773720248268125,-105.19409869072726
1193.2373046875,0.5633752774317675,-4.984044301088731,-105.23734392051723
1193.84765625,0.5629425423942374,-4.990718596562515,-105.28055817726916
1194.4580078125,0.5625100094034118,-4.997394904687812,-105.32374146807088
1195.068359375,0.5620776789283476,-5.004073218913611,-105.36689380008747
1195.6787109375,0.5616455514360185,-5.010753532698249,-105.41001518056105
1196.2890625,0.5612136273913173,-5.017435839509435,-105.45310561681028
1196.8994140625,0.5607819072570588,-5.024120132824271,-105.49616511623027
1197.509765625,0.5603503914939837,-5.0308064061292415,-105.53919368629235
1198.1201171875,0.5599190805607607,-5.037494652920257,-105.58219133454351
1198.73046875,0.5594879749139896,-5.044184866702657,-105.62515806860648
1199.3408203125,0.5590570750082048,-5.050877040991223,-105.66809389617919
1199.951171875,0.5586263812958778,-5.057571169310196,-105.71099882503465
1200.5615234375,0.558195894227421,-5.064267245193287,-105.75387286302063
1201.171875,0.5577656142511895,-5.070965262183701,-105.79671601805939
1201.7822265625,0.5573355418134858,-5.077665213834136,-105.83952829814737
1202.392578125,0.5569056773585621,-5.084367093706801,-105.88230971135495
1203.0029296875,0.5564760213286224,-5.091070895373453,-105.92506026582622
1203.61328125,0.5560465741638279,-5.097776612415369,-105.96777996977862
1204.2236328125,0.5556173363022978,-5.104484238423397,-106.01046883150272
1204.833984375,0.5551883081801147,-5.111193766997939,-106.053126859362
1205.4443359375,0.5547594902313252,-5.117905191748996,-106.09575406179243
1206.0546875,0.5543308828879462,-5.124618506296143,-106.13835044730237
1206.6650390625,0.5539024865799648,-5.131333704268583,-106.18091602447218
1207.275390625,0.553474301735344,-5.138050779305125,-106.22345080195402
1207.8857421875,0.553046328780025,-5.144769725054213,-106.2659547884715
1208.49609375,0.5526185681379306,-5.151490535173934,-106.30842799281949
1209.1064453125,0.5521910202309679,-5.158213203332041,-106.3508704238639
1209.716796875,0.5517636854790321,-5.164937723205943,-106.39328209054116
1210.3271484375,0.5513365643000102,-5.171664088482736,-106.4356630018583
1210.9375,0.5509096571097832,-5.178392292859208,-106.47801316689242
1211.5478515625,0.5504829643222299,-5.185122330041856,-106.52033259479052
1212.158203125,0.5500564863492312,-5.191854193746874,-106.56262129476917
1212.7685546875,0.5496302236006718,-5.198587877700201,-106.6048792761144
1213.37890625,0.5492041764844442,-5.2053233756375095,-106.64710654818123
1213.9892578125,0.5487783454064525,-5.212060681304212,-106.68930312039357
1214.599609375,0.5483527307706154,-5.218799788455489,-106.73146900224387
1215.2099609375,0.5479273329788695,-5.225540690856282,-106.77360420329279
1215.8203125,0.5475021524311723,-5.232283382281326,-106.81570873316909
1216.4306640625,0.5470771895255067,-5.239027856515137,-106.85778260156923
1217.041015625,0.5466524446578833,-5.245774107352032,-106.89982581825728
1217.6513671875,0.546227918222345,-5.252522128596141,-106.94183839306434
1218.26171875,0.5458036106109685,-5.259271914061422,-106.98382033588862
1218.8720703125,0.5453795222138704,-5.266023457571646,-107.02577165669497
1219.482421875,0.5449556534192082,-5.272776752960443,-107.06769236551469
1220.0927734375,0.5445320046131852,-5.279531794071283,-107.10958247244523
1220.703125,0.5441085761800536,-5.286288574757496,-107.15144198764996
1221.3134765625,0.5436853685021176,-5.293047088882287,-107.19327092135788
1221.923828125,0.5432623819597376,-5.299807330318731,-107.23506928386334
1222.5341796875,0.5428396169313338,-5.3065692929497885,-107.27683708552587
1223.14453125,0.542417073793388,-5.313332970668327,-107.31857433676979
1223.7548828125,0.5419947529204497,-5.320098357377105,-107.36028104808408
1224.365234375,0.5415726546851376,-5.326865446988802,-107.40195723002198
1224.9755859375,0.5411507794581439,-5.33363423342602,-107.44360289320085
1225.5859375,0.5407291276082385,-5.3404047106212795,-107.48521804830186
1226.1962890625,0.5403076995022719,-5.347176872517041,-107.5268027060697
1226.806640625,0.5398864955051776,-5.353950713065724,-107.56835687731237
1227.4169921875,0.5394655159799778,-5.360726226229695,-107.60988057290089
1228.02734375,0.5390447612877867,-5.367503405981264,-107.65137380376905
1228.6376953125,0.5386242317878118,-5.374282246302742,-107.69283658091318
1229.248046875,0.538203927837361,-5.381062741186383,-107.73426891539182
1229.8583984375,0.5377838497918431,-5.387844884634453,-107.77567081832555
1230.46875,0.537363998004774,-5.39462867065918,-107.81704230089667
1231.0791015625,0.5369443728277773,-5.401414093282824,-107.85838337434895
1231.689453125,0.5365249746105915,-5.408201146537619,-107.89969404998742
1232.2998046875,0.5361058037010714,-5.414989824465821,-107.94097433917803
1232.91015625,0.5356868604451915,-5.421780121119716,-107.98222425334745
1233.5205078125,0.5352681451870515,-5.4285720305615985,-108.02344380398287
1234.130859375,0.5348496582688782,-5.435365546863799,-108.0646330026316
1234.7412109375,0.5344314000310303,-5.442160664108691,-108.10579186090096
1235.3515625,0.5340133708120016,-5.448957376388682,-108.1469203904579
1235.9619140625,0.5335955709484251,-5.455755677806234,-108.18801860302887
1236.572265625,0.5331780007750758,-5.46255556247387,-108.22908651039945
1237.1826171875,0.5327606606248754,-5.469357024514169,-108.2701241244142
1237.79296875,0.5323435508288962,-5.476160058059768,-108.31113145697633
1238.4033203125,0.5319266717163634,-5.482964657253392,-108.35210852004747
1239.013671875,0.53151002361466,-5.489770816247842,-108.39305532564741
1239.6240234375,0.5310936068493308,-5.496578529205994,-108.43397188585398
1240.234375,0.5306774217440857,-5.50338779030081,-108.47485821280247
1240.8447265625,0.5302614686208025,-5.5101985937153595,-108.51571431868575
1241.455078125,0.529845747799533,-5.517010933642792,-108.55654021575383
1242.0654296875,0.5294302595985039,-5.52382480428638,-108.59733591631363
1242.67578125,0.5290150043341232,-5.530640199859488,-108.63810143272867
1243.2861328125,0.5285999823209823,-5.537457114585601,-108.67883677741901
1243.896484375,0.5281851938718604,-5.544275542698319,-108.71954196286083
1244.5068359375,0.5277706392977285,-5.551095478441362,-108.76021700158621
1245.1171875,0.5273563189077533,-5.557916916068568,-108.80086190618289
1245.7275390625,0.5269422330092993,-5.564739849843926,-108.84147668929411
1246.337890625,0.5265283819079359,-5.571564274041529,-108.8820613636182
1246.9482421875,0.5261147659074381,-5.578390182945628,-108.92261594190856
1247.55859375,0.5257013853097919,-5.585217570850607,-108.96314043697309
1248.1689453125,0.5252882404151973,-5.5920464320610055,-109.00363486167431
1248.779296875,0.5248753315220741,-5.598876760891484,-109.04409922892884
1249.3896484375,0.5244626589270626,-5.6057085516668845,-109.08453355170725
1250.0,0.5240502229250308,-5.612541798722177,-109.12493784303386
1250.6103515625,0.5236380238090749,-5.619376496402517,-109.1653121159864
1251.220703125,0.5232260618705263,-5.626212639063195,-109.20565638369584
1251.8310546875,0.5228143373989533,-5.633050221069683,-109.24597065934623
1252.44140625,0.5224028506821666,-5.6398892367976,-109.28625495617415
1253.0517578125,0.521991602006221,-5.6467296806327605,-109.32650928746882
1253.662109375,0.5215805916554218,-5.653571546971125,-109.36673366657169
1254.2724609375,0.5211698199123269,-5.660414830218842,-109.40692810687615
1254.8828125,0.5207592870577519,-5.66725952479223,-109.44709262182747
1255.4931640625,0.5203489933707722,-5.674105625117796,-109.4872272249223
1256.103515625,0.5199389391287296,-5.680953125632212,-109.52733192970867
1256.7138671875,0.5195291246072342,-5.687802020782337,-109.56740674978572
1257.32421875,0.5191195500801677,-5.694652305025237,-109.60745169880325
1257.9345703125,0.5187102158196905,-5.701503972828126,-109.6474667904617
1258.544921875,0.5183011220962418,-5.708357018668436,-109.68745203851188
1259.1552734375,0.5178922691785464,-5.7152114370337745,-109.72740745675463
1259.765625,0.517483657333617,-5.722067222421944,-109.76733305904065
1260.3759765625,0.5170752868267591,-5.728924369340936,-109.8072288592703
1260.986328125,0.5166671579215737,-5.7357828723089455,-109.84709487139327
1261.5966796875,0.5162592708799627,-5.742642725854355,-109.88693110940848
1262.20703125,0.5158516259621329,-5.7495039245157304,-109.92673758736368
1262.8173828125,0.5154442234265972,-5.756366462841864,-109.96651431935527
1263.427734375,0.5150370635301825,-5.7632303353917225,-110.0062613195282
1264.0380859375,0.5146301465280314,-5.770095536734469,-110.0459786020756
1264.6484375,0.5142234726736057,-5.776962061449479,-110.08566618123844
1265.2587890625,0.5138170422186915,-5.783829904126331,-110.12532407130566
1265.869140625,0.5134108554134035,-5.790699059364782,-110.16495228661351
1266.4794921875,0.5130049125061875,-5.797569521774805,-110.2045508415456
1267.08984375,0.5125992137438257,-5.804441285976571,-110.24411975053256
1267.7001953125,0.5121937593714393,-5.811314346600458,-110.2836590280519
1268.310546875,0.5117885496324949,-5.818188698287022,-110.32316868862762
1268.9208984375,0.5113835847688053,-5.8250643356870455,-110.36264874683006
1269.53125,0.5109788650205361,-5.831941253461494,-110.40209921727585
1270.1416015625,0.5105743906262081,-5.838819446281544,-110.4415201146273
1270.751953125,0.5101701618227019,-5.84569890882857,-110.48091145359253
1271.3623046875,0.5097661788452627,-5.852579635794131,-110.52027324892501
1271.97265625,0.5093624419275019,-5.859461621880006,-110.5596055154235
1272.5830078125,0.508958951301404,-5.866344861798157,-110.59890826793168
1273.193359375,0.5085557071973285,-5.873229350270752,-110.63818152133796
1273.8037109375,0.508152709844015,-5.880115082030145,-110.67742529057534
1274.4140625,0.5077499594685865,-5.887002051818896,-110.71663959062109
1275.0244140625,0.5073474562965539,-5.893890254389752,-110.75582443649661
1275.634765625,0.5069452005518196,-5.90077968450566,-110.79497984326703
1276.2451171875,0.5065431924566823,-5.907670336939747,-110.83410582604122
1276.85546875,0.5061414322318394,-5.914562206475349,-110.87320239997143
1277.4658203125,0.5057399200963929,-5.9214552879059745,-110.91226958025304
1278.076171875,0.5053386562678526,-5.928349576035322,-110.95130738212443
1278.6865234375,0.5049376409621396,-5.935245065677281,-110.9903158208667
1279.296875,0.5045368743935906,-5.9421417516559245,-111.02929491180346
1279.9072265625,0.5041363567749625,-5.9490396288055125,-111.06824467030061
1280.517578125,0.5037360883174364,-5.955938691970463,-111.10716511176615
1281.1279296875,0.5033360692306201,-5.9628389360054035,-111.14605625164984
1281.73828125,0.5029362997225539,-5.969740355775119,-111.1849181054432
1282.3486328125,0.5025367799997139,-5.976642946154575,-111.22375068867906
1282.958984375,0.5021375102670158,-5.98354670202891,-111.26255401693145
1283.5693359375,0.5017384907278196,-5.990451618293423,-111.30132810581543
1284.1796875,0.5013397215839325,-5.9973576898535965,-111.34007297098675
1284.7900390625,0.5009412030356144,-6.00426491162506,-111.37878862814172
1285.400390625,0.5005429352815806,-6.011173278533618,-111.41747509301696
1286.0107421875,0.5001449185190066,-6.018082785515228,-111.45613238138922
1286.62109375,0.49974715294353156,-6.024993427516007,-111.4947605090751
1287.2314453125,0.4993496387492631,-6.031905199492224,-111.53335949193095
1287.841796875,0.49895237612878013,-6.038818096410305,-111.57192934585245
1288.4521484375,0.4985553652731383,-6.045732113246815,-111.61047008677457
1289.0625,0.49815860637187276,-6.052647244988472,-111.64898173067142
1289.6728515625,0.4977620996130032,-6.059563486632128,-111.6874642935557
1290.283203125,0.49736584518303706,-6.066480833184778,-111.72591779147899
1290.8935546875,0.49696984326697397,-6.073399279663554,-111.764342240531
1291.50390625,0.4965740940483097,-6.080318821095714,-111.80273765683977
1292.1142578125,0.49617859770904027,-6.087239452518645,-111.84110405657121
1292.724609375,0.49578335442966537,-6.094161168979868,-111.87944145592914
1293.3349609375,0.4953883643891937,-6.1010839655370095,-111.91774987115468
1293.9453125,0.4949936277651454,-6.108007837257826,-111.95602931852655
1294.5556640625,0.4945991447335576,-6.114932779220173,-111.99427981436037
1295.166015625,0.4942049154689868,-6.121858786512034,-112.03250137500882
1295.7763671875,0.49381094014451427,-6.1287858542314835,-112.07069401686125
1296.38671875,0.4934172189317492,-6.135713977486706,-112.10885775634348
1296.9970703125,0.4930237520008339,-6.142643151395969,-112.14699260991762
1297.607421875,0.49263053952044616,-6.149573371087649,-112.18509859408196
1298.2177734375,0.4922375816578045,-6.156504631700197,-112.2231757253705
1298.828125,0.4918448785786709,-6.163436928382172,-112.2612240203531
1299.4384765625,0.49145243044735715,-6.170370256292178,-112.29924349563491
1300.048828125,0.49106023742672583,-6.177304610598931,-112.33723416785648
1300.6591796875,0.4906682996781979,-6.184239986481172,-112.37519605369333
1301.26953125,0.4902766173617525,-6.191176379127755,-112.41312916985592
1301.8798828125,0.4898851906359342,-6.198113783737572,-112.45103353308927
1302.490234375,0.4894940196578562,-6.205052195519567,-112.48890916017294
1303.1005859375,0.48910310458320366,-6.211991609692743,-112.52675606792057
1303.7109375,0.4887124455662378,-6.218932021486157,-112.5645742731801
1304.3212890625,0.4883220427598014,-6.225873426138884,-112.6023637928331
1304.931640625,0.48793189631532013,-6.232815818900061,-112.64012464379486
1305.5419921875,0.48754200638280953,-6.239759195028835,-112.67785684301408
1306.15234375,0.48715237311087595,-6.246703549794401,-112.71556040747285
1306.7626953125,0.4867629966467238,-6.253648878475947,-112.75323535418603
1307.373046875,0.4863738771361566,-6.260595176362696,-112.79088170020161
1307.9833984375,0.48598501472358246,-6.26754243875388,-112.8284994626
1308.59375,0.4855964095520186,-6.274490660958718,-112.86608865849422
1309.2041015625,0.4852080617630936,-6.281439838296446,-112.90364930502945
1309.814453125,0.48481997149705336,-6.288389966096277,-112.94118141938291
1310.4248046875,0.48443213889276243,-6.295341039697435,-112.97868501876381
1311.03515625,0.484044564087712,-6.3022930544490885,-113.01616012041285
1311.6455078125,0.48365724721801956,-6.3092460057104125,-113.05360674160235
1312.255859375,0.48327018841843544,-6.316199888850543,-113.09102489963583
1312.8662109375,0.4828833878223467,-6.323154699248566,-113.12841461184786
1313.4765625,0.4824968455617803,-6.3301104322935355,-113.16577589560399
1314.0869140625,0.48211056176740685,-6.337067083384459,-113.20310876830032
1314.697265625,0.4817245365685457,-6.344024647930282,-113.24041324736362
1315.3076171875,0.481338770093168,-6.350983121349892,-113.27768935025085
1315.91796875,0.48095326246790093,-6.35794249907211,-113.31493709444919
1316.5283203125,0.48056801381803216,-6.364902776535671,-113.35215649747562
1317.138671875,0.4801830242675127,-6.371863949189242,-113.38934757687694
1317.7490234375,0.4797982939389618,-6.3788260124914,-113.42651035022949
1318.359375,0.4794138229536706,-6.38578896191062,-113.46364483513891
1318.9697265625,0.4790296114316058,-6.392752792925287,-113.50075104924011
1319.580078125,0.47864565949141435,-6.399717501023669,-113.53782901019692
1320.1904296875,0.47826196725042597,-6.406683081703932,-113.57487873570196
1320.80078125,0.4778785348246598,-6.413649530474097,-113.61190024347644
1321.4111328125,0.4774953623288243,-6.42061684285209,-113.64889355127004
1322.021484375,0.47711244987632506,-6.427585014365675,-113.68585867686065
1322.6318359375,0.47672979757926703,-6.434554040552479,-113.72279563805412
1323.2421875,0.47634740554845756,-6.4415239169599925,-113.75970445268439
1323.8525390625,0.47596527389341226,-6.448494639145536,-113.79658513861281
1324.462890625,0.47558340272235716,-6.455466202676275,-113.83343771372839
1325.0732421875,0.47520179214223457,-6.4624386031291925,-113.87026219594739
1325.68359375,0.4748204422587047,-6.469411836091107,-113.90705860321319
1326.2939453125,0.4744393531761511,-6.476385897158645,-113.94382695349617
1326.904296875,0.4740585249976846,-6.483360781938236,-113.98056726479342
1327.5146484375,0.47367795782514593,-6.490336486046122,-114.0172795551286
1328.125,0.47329765175911187,-6.497313005108314,-114.05396384255177
1328.7353515625,0.47291760689889606,-6.5042903347606345,-114.09062014513931
1329.345703125,0.4725378233425561,-6.511268470648658,-114.12724848099346
1329.9560546875,0.47215830118689517,-6.518247408427743,-114.1638488682425
1330.56640625,0.47177904052746666,-6.525227143763007,-114.20042132504027
1331.1767578125,0.4714000414585783,-6.53220767232932,-114.23696586956609
1331.787109375,0.471021304073296,-6.539188989811287,-114.27348252002473
1332.3974609375,0.47064282846344707,-6.546171091903268,-114.30997129464599
1333.0078125,0.470264614719625,-6.553153974309339,-114.34643221168473
1333.6181640625,0.46988666293119297,-6.560137632743296,-114.38286528942051
1334.228515625,0.46950897318628665,-6.567122062928666,-114.41927054615756
1334.8388671875,0.4691315455718204,-6.57410726059866,-114.45564800022456
1335.44921875,0.4687543801734889,-6.581093221496196,-114.49199766997442
1336.0595703125,0.468377477075772,-6.588079941373883,-114.52831957378416
1336.669921875,0.46800083636193884,-6.595067415994,-114.56461373005473
1337.2802734375,0.4676244581140508,-6.602055641128507,-114.60088015721082
1337.890625,0.46724834241296587,-6.6090446125590265,-114.63711887370063
1338.5009765625,0.4668724893383427,-6.616034326076833,-114.6733298979959
1339.111328125,0.4664968989686446,-6.6230247774828355,-114.70951324859143
1339.7216796875,0.46612157138114113,-6.63001596258762,-114.74566894400523
1340.33203125,0.4657465066519159,-6.637007877211355,-114.78179700277805
1340.9423828125,0.46537170485586726,-6.644000517183853,-114.81789744347348
1341.552734375,0.4649971660667128,-6.650993878344541,-114.8539702846776
1342.1630859375,0.4646228903569938,-6.65798795654244,-114.89001554499882
1342.7734375,0.4642488777980785,-6.664982747636171,-114.92603324306788
1343.3837890625,0.4638751284601664,-6.671978247493932,-114.96202339753745
1343.994140625,0.46350164241229075,-6.678974451993518,-114.9979860270821
1344.6044921875,0.4631284197223246,-6.6859713570222645,-115.03392115039817
1345.21484375,0.46275546045698257,-6.692968958477081,-115.06982878620339
1345.8251953125,0.46238276468182504,-6.699967252264431,-115.10570895323708
1346.435546875,0.4620103324612631,-6.706966234300302,-115.14156167025952
1347.0458984375,0.4616381638585602,-6.713965900510238,-115.17738695605223
1347.65625,0.4612662589358391,-6.720966246829269,-115.21318482941746
1348.2666015625,0.46089461775408114,-6.727967269201981,-115.2489553091783
1348.876953125,0.46052324037313513,-6.734968963582423,-115.28469841417834
1349.4873046875,0.4601521268517165,-6.74197132593417,-115.32041416328144
1350.09765625,0.4597812772474142,-6.748974352230266,-115.35610257537192
1350.7080078125,0.4594106916166931,-6.755978038453229,-115.39176366935392
1351.318359375,0.4590403700148978,-6.7629823805950515,-115.42739746415164
1351.9287109375,0.4586703124962562,-6.769987374657184,-115.46300397870901
1352.5390625,0.45830051911388425,-6.776993016650516,-115.49858323198939
1353.1494140625,0.4579309899197884,-6.783999302595378,-115.53413524297571
1353.759765625,0.45756172496487035,-6.7910062285215265,-115.56966003067011
1354.3701171875,0.45719272429892927,-6.7980137904681515,-115.60515761409383
1354.98046875,0.45682398797066803,-6.8050219844838225,-115.64062801228704
1355.5908203125,0.45645551602769363,-6.812030806626543,-115.6760712443087
1356.201171875,0.4560873085165246,-6.819040252963671,-115.71148732923638
1356.8115234375,0.45571936548259107,-6.826050319571971,-115.74687628616614
1357.421875,0.4553516869702411,-6.833061002537564,-115.7822381342123
1358.0322265625,0.45498427302274275,-6.8400722979559365,-115.81757289250747
1358.642578125,0.45461712368228896,-6.847084201931921,-115.8528805802021
1359.2529296875,0.45425023899000055,-6.854096710579688,-115.88816121646452
1359.86328125,0.45388361898592966,-6.861109820022744,-115.92341482048084
1360.4736328125,0.4535172637090638,-6.868123526393916,-115.95864141145462
1361.083984375,0.45315117319732984,-6.875137825835332,-115.99384100860684
1361.6943359375,0.452785347487597,-6.882152714498425,-116.02901363117564
1362.3046875,0.45241978661568055,-6.8891681885439215,-116.06415929841636
1362.9150390625,0.4520544906163457,-6.896184244141827,-116.09927802960111
1363.525390625,0.45168945952331174,-6.903200877471405,-116.13436984401893
1364.1357421875,0.4513246933692542,-6.910218084721195,-116.1694347609754
1364.74609375,0.4509601921858106,-6.91723586208896,-116.20447279979253
1365.3564453125,0.4505959560035815,-6.924254205781732,-116.23948397980875
1365.966796875,0.45023198485213617,-6.931273112015751,-116.2744683203786
1366.5771484375,0.44986827876001517,-6.938292577016487,-116.30942584087265
1367.1875,0.44950483775473504,-6.945312597018598,-116.3443565606773
1367.7978515625,0.44914166186279,-6.952333168265961,-116.37926049919476
1368.408203125,0.44877875110965726,-6.959354287011623,-116.41413767584278
1369.0185546875,0.4484161055198001,-6.966375949517813,-116.44898811005456
1369.62890625,0.4480537251166705,-6.973398152055935,-116.48381182127847
1370.2392578125,0.447691609922715,-6.9804208909065215,-116.5186088289782
1370.849609375,0.4473297599593752,-6.987444162359279,-116.5533791526323
1371.4599609375,0.4469681752470941,-6.994467962713022,-116.58812281173422
1372.0703125,0.44660685580531756,-7.001492288275712,-116.62283982579208
1372.6806640625,0.4462458016524994,-7.008517135364403,-116.65753021432865
1373.291015625,0.4458850128061048,-7.0155425003052425,-116.6921939968809
1373.9013671875,0.4455244892826114,-7.022568379433509,-116.72683119300035
1374.51171875,0.4451642310975168,-7.029594769093517,-116.76144182225238
1375.1220703125,0.444804238265339,-7.036621665638671,-116.79602590421658
1375.732421875,0.4444445107996213,-7.043649065431426,-116.83058345848625
1376.3427734375,0.4440850487129352,-7.050676964843289,-116.86511450466843
1376.953125,0.44372585201688447,-7.057705360254799,-116.8996190623837
1377.5634765625,0.44336692072210776,-7.064734248055531,-116.93409715126612
1378.173828125,0.44300825483828354,-7.071763624644056,-116.96854879096297
1378.7841796875,0.4426498543741321,-7.078793486427962,-117.0029740011347
1379.39453125,0.44229171933741984,-7.085823829823824,-117.03737280145475
1380.0048828125,0.44193384973496286,-7.092854651257192,-117.0717452116094
1380.615234375,0.4415762455726293,-7.099885947162601,-117.10609125129774
1381.2255859375,0.44121890685534443,-7.106917713983533,-117.14041094023139
1381.8359375,0.4408618335870931,-7.113949948172418,-117.17470429813437
1382.4462890625,0.44050502577092276,-7.120982646190635,-117.20897134474316
1383.056640625,0.440148483408949,-7.128015804508459,-117.24321209980626
1383.6669921875,0.4397922065023557,-7.135049419605121,-117.27742658308429
1384.27734375,0.43943619505140186,-7.142083487968712,-117.3116148143498
1384.8876953125,0.4390804490554222,-7.14911800609625,-117.34577681338706
1385.498046875,0.4387249685128327,-7.156152970493609,-117.37991259999204
1386.1083984375,0.43836975342113277,-7.163188377675542,-117.41402219397214
1386.71875,0.4380148037769087,-7.170224224165665,-117.44810561514623
1387.3291015625,0.43766011957583834,-7.177260506496421,-117.4821628833443
1387.939453125,0.43730570081269227,-7.184297221209111,-117.51619401840757
1388.5498046875,0.4369515474813396,-7.191334364853841,-117.55019904018813
1389.16015625,0.43659765957474944,-7.198371933989538,-117.584177968549
1389.7705078125,0.4362440370849953,-7.205409925183926,-117.61813082336384
1390.380859375,0.435890680003258,-7.2124483350135264,-117.652057624517
1390.9912109375,0.43553758831982936,-7.219487160063625,-117.68595839190309
1391.6015625,0.43518476202411566,-7.226526396928277,-117.71983314542726
1392.2119140625,0.4348322011046404,-7.2335660422102945,-117.7536819050047
1392.822265625,0.4344799055490479,-7.240606092521235,-117.78750469056077
1393.4326171875,0.43412787534410696,-7.247646544481382,-117.8213015220307
1394.04296875,0.43377611047571407,-7.254687394719735,-117.85507241935954
1394.6533203125,0.4334246109288959,-7.261728639874016,-117.88881740250208
1395.263671875,0.4330733766878141,-7.268770276590625,-117.92253649142259
1395.8740234375,0.43272240773576737,-7.27581230152466,-117.95622970609479
1396.484375,0.4323717040551955,-7.282854711339883,-117.98989706650173
1397.0947265625,0.43202126562768206,-7.2898975027087225,-118.0235385926356
1397.705078125,0.4316710924339581,-7.296940672312255,-118.0571543044977
1398.3154296875,0.43132118445390616,-7.303984216840183,-118.09074422209818
1398.92578125,0.43097154166656104,-7.311028132990858,-118.1243083654561
1399.5361328125,0.43062216405011633,-7.318072417471223,-118.15784675459913
1400.146484375,0.43027305158192497,-7.3251170669968415,-118.19135940956349
1400.7568359375,0.4299242042385045,-7.33216207829185,-118.22484635039385
1401.3671875,0.4295756219955393,-7.339207448088968,-118.25830759714317
1401.9775390625,0.42922730482788335,-7.34625317312949,-118.29174316987273
1402.587890625,0.42887925270956484,-7.353299250163254,-118.3251530886517
1403.1982421875,0.4285314656137878,-7.360345675948656,-118.35853737355733
1403.80859375,0.4281839435129373,-7.367392447252601,-118.39189604467461
1404.4189453125,0.42783668637858074,-7.374439560850526,-118.42522912209633
1405.029296875,0.42748969418147176,-7.381487013526376,-118.45853662592279
1405.6396484375,0.4271429668915543,-7.3885348020725825,-118.49181857626176
1406.25,0.42679650447796413,-7.39558292329007,-118.5250749932285
1406.8603515625,0.42645030690903396,-7.402631373988217,-118.5583058969453
1407.470703125,0.42610437415229424,-7.409680150984887,-118.5915113075417
1408.0810546875,0.4257587061744795,-7.416729251106354,-118.62469124515417
1408.69140625,0.4254133029415277,-7.423778671187366,-118.65784572992621
1409.3017578125,0.4250681644185873,-7.430828408071056,-118.69097478200781
1409.912109375,0.4247232905700172,-7.437878458608998,-118.72407842155593
1410.5224609375,0.4243786813593917,-7.444928819661149,-118.75715666873381
1411.1328125,0.4240343367495035,-7.451979488095847,-118.7902095437112
1411.7431640625,0.42369025670236593,-7.459030460789816,-118.8232370666642
1412.353515625,0.4233464411792169,-7.466081734628135,-118.8562392577751
1412.9638671875,0.4230028901405216,-7.473133306504236,-118.88921613723211
1413.57421875,0.42265960354597626,-7.48018517331988,-118.92216772522966
1414.1845703125,0.4223165813545101,-7.487237331985165,-118.95509404196777
1414.794921875,0.42197382352428947,-7.494289779418497,-118.98799510765241
1415.4052734375,0.42163133001272085,-7.501342512546573,-119.02087094249502
1416.015625,0.4212891007764528,-7.508395528304401,-119.0537215667127
1416.6259765625,0.42094713577138143,-7.515448823635231,-119.08654700052779
1417.236328125,0.4206054349526499,-7.522502395490617,-119.11934726416804
1417.8466796875,0.4202639982746557,-7.529556240830328,-119.15212237786635
1418.45703125,0.4199228256910496,-7.536610356622402,-119.18487236186068
1419.0673828125,0.41958191715474213,-7.54366473984308,-119.21759723639398
1419.677734375,0.4192412726179045,-7.550719387476831,-119.25029702171403
1420.2880859375,0.4189008920319721,-7.557774296516327,-119.28297173807337
1420.8984375,0.4185607753476485,-7.5648294639624165,-119.31562140572913
1421.5087890625,0.41822092251490667,-7.571884886824146,-119.34824604494305
1422.119140625,0.4178813334829935,-7.578940562118715,-119.3808456759812
1422.7294921875,0.41754200820043275,-7.585996486871473,-119.41342031911408
1423.33984375,0.4172029466150271,-7.593052658115914,-119.4459699946163
1423.9501953125,0.41686414867386196,-7.6001090728936616,-119.47849472276658
1424.560546875,0.4165256143233077,-7.607165728254458,-119.5109945238477
1425.1708984375,0.41618734350902425,-7.614222621256132,-119.54346941814623
1425.78125,0.41584933617596115,-7.621279748964635,-119.57591942595266
1426.3916015625,0.41551159226836454,-7.628337108453954,-119.60834456756106
1427.001953125,0.41517411172977603,-7.6353946968061805,-119.6407448632691
1427.6123046875,0.4148368945030383,-7.642452511111442,-119.67312033337791
1428.22265625,0.41449994053029726,-7.64951054846791,-119.70547099819206
1428.8330078125,0.4141632497530053,-7.656568805981774,-119.73779687801934
1429.443359375,0.4138268221119232,-7.663627280767259,-119.77009799317068
1430.0537109375,0.41349065754712444,-7.670685969946579,-119.80237436396008
1430.6640625,0.41315475599799717,-7.677744870649946,-119.8346260107046
1431.2744140625,0.41281911740324745,-7.684803980015547,-119.86685295372402
1431.884765625,0.4124837417009025,-7.691863295189534,-119.89905521334097
1432.4951171875,0.41214862882831244,-7.698922813326021,-119.93123280988071
1433.10546875,0.4118137787221549,-7.7059825315870505,-119.9633857636711
1433.7158203125,0.4114791913184363,-7.713042447142605,-119.99551409504237
1434.326171875,0.4111448665524961,-7.720102557170568,-120.02761782432718
1434.9365234375,0.41081080435900846,-7.72716285885674,-120.0596969718605
1435.546875,0.4104770046719854,-7.7342233493948145,-120.09175155797934
1436.1572265625,0.4101434674247806,-7.74128402598635,-120.12378160302286
1436.767578125,0.40981019255009116,-7.7483448858407815,-120.15578712733226
1437.3779296875,0.4094771799799611,-7.755405926175385,-120.1877681512504
1437.98828125,0.40914442964578335,-7.762467144215295,-120.21972469512212
1438.5986328125,0.408811941478304,-7.769528537193454,-120.25165677929381
1439.208984375,0.4084797154076234,-7.7765901023506405,-120.28356442411355
1439.8193359375,0.4081477513632006,-7.783651836935417,-120.31544764993085
1440.4296875,0.40781604927385523,-7.7907137382041425,-120.34730647709655
1441.0400390625,0.4074846090677699,-7.797775803420965,-120.37914092596291
1441.650390625,0.40715343067249476,-7.804838029857776,-120.41095101688333
1442.2607421875,0.40682251401494796,-7.811900414794239,-120.44273677021236
1442.87109375,0.4064918590214204,-7.818962955517742,-120.47449820630544
1443.4814453125,0.40616146561757727,-7.8260256493234115,-120.5062353455191
1444.091796875,0.4058313337284617,-7.833088493514077,-120.53794820821065
1444.7021484375,0.4055014632784964,-7.840151485400283,-120.56963681473806
1445.3125,0.4051718541914876,-7.847214622300255,-120.60130118546
1445.9228515625,0.4048425063906274,-7.85427790153989,-120.63294134073574
1446.533203125,0.40451341979849564,-7.861341320452767,-120.66455730092493
1447.1435546875,0.4041845943370644,-7.868404876380094,-120.69614908638766
1447.75390625,0.40385602992769887,-7.875468566670732,-120.72771671748428
1448.3642578125,0.40352772649116136,-7.882532388681165,-120.75926021457528
1448.974609375,0.40319968394761374,-7.889596339775481,-120.79077959802132
1449.5849609375,0.40287190221661917,-7.896660417325388,-120.82227488818309
1450.1953125,0.40254438121714675,-7.903724618710158,-120.85374610542111
1450.8056640625,0.40221712086757183,-7.910788941316666,-120.88519327009581
1451.416015625,0.4018901210856813,-7.917853382539313,-120.91661640256731
1452.0263671875,0.4015633817886736,-7.924917939780086,-120.94801552319552
1452.63671875,0.4012369028931635,-7.93198261044849,-120.97939065233977
1453.2470703125,0.4009106843151837,-7.939047391961554,-121.01074181035887
1453.857421875,0.4005847259701876,-7.94611228174383,-121.04206901761124
1454.4677734375,0.4002590277730524,-7.9531772772273595,-121.07337229445433
1455.078125,0.39993358963808134,-7.960242375851669,-121.104651661245
1455.6884765625,0.3996084114790061,-7.967307575063771,-121.13590713833919
1456.298828125,0.39928349320899037,-7.974372872318124,-121.16713874609192
1456.9091796875,0.39895883474063143,-7.981438265076644,-121.19834650485718
1457.51953125,0.39863443598596315,-7.9885037508086825,-121.2295304349878
1458.1298828125,0.3983102968564589,-7.995569326991012,-121.26069055683546
1458.740234375,0.39798641726303424,-8.002634991107806,-121.2918268907505
1459.3505859375,0.39766279711604796,-8.009700740650661,-121.32293945708203
1459.9609375,0.3973394363253072,-8.016766573118531,-121.35402827617752
1460.5712890625,0.3970163348000678,-8.023832486017765,-121.38509336838307
1461.181640625,0.3966934924490386,-8.030898476862047,-121.41613475404307
1461.7919921875,0.39637090918038287,-8.037964543172423,-121.44715245350027
1462.40234375,0.39604858490172046,-8.045030682477284,-121.47814648709563
1463.0126953125,0.39572651952013216,-8.05209689231232,-121.50911687516822
1463.623046875,0.39540471294216084,-8.059163170220542,-121.54006363805519
1464.2333984375,0.3950831650738139,-8.066229513752257,-121.57098679609173
1464.84375,0.3947618758205666,-8.073295920465055,-121.60188636961085
1465.4541015625,0.3944408450873646,-8.080362387923788,-121.6327623789434
1466.064453125,0.3941200727786254,-8.087428913700577,-121.66361484441802
1466.6748046875,0.39379955879824136,-8.094495495374797,-121.69444378636092
1467.28515625,0.39347930304958384,-8.101562130533024,-121.72524922509598
1467.8955078125,0.3931593054355023,-8.108628816769093,-121.75603118094455
1468.505859375,0.3928395658583306,-8.115695551684007,-121.78678967422542
1469.1162109375,0.39252008421988577,-8.122762332886008,-121.81752472525477
1469.7265625,0.3922008604214741,-8.129829157990477,-121.84823635434593
1470.3369140625,0.39188189436389076,-8.136896024619992,-121.87892458180953
1470.947265625,0.39156318594742373,-8.143962930404278,-121.90958942795328
1471.5576171875,0.391244735071856,-8.151029872980203,-121.94023091308195
1472.16796875,0.3909265416364673,-8.158096849991775,-121.9708490574973
1472.7783203125,0.39060860554003823,-8.165163859090107,-122.00144388149793
1473.388671875,0.39029092668085047,-8.172230897933431,-122.0320154053793
1473.9990234375,0.389973504956691,-8.179297964187072,-122.06256364943356
1474.609375,0.38965634026485385,-8.18636505552342,-122.0930886339496
1475.2197265625,0.3893394325021423,-8.193432169621957,-122.12359037921284
1475.830078125,0.3890227815648723,-8.200499304169192,-122.15406890550521
1476.4404296875,0.3887063873488727,-8.207566456858709,-122.18452423310517
1477.05078125,0.3883902497494905,-8.214633625391096,-122.21495638228748
1477.6611328125,0.38807436866159073,-8.221700807473976,-122.24536537332322
1478.271484375,0.38775874397956095,-8.228768000821958,-122.27575122647971
1478.8818359375,0.3874433755973115,-8.235835203156666,-122.30611396202039
1479.4921875,0.38712826340827955,-8.242902412206693,-122.33645360020478
1480.1025390625,0.38681340730543085,-8.249969625707593,-122.36677016128853
1480.712890625,0.386498807181262,-8.25703684140188,-122.39706366552304
1481.3232421875,0.3861844629278031,-8.264104057039013,-122.42733413315568
1481.93359375,0.38587037443661903,-8.271171270375387,-122.45758158442969
1482.5439453125,0.385556541598814,-8.27823847917429,-122.4878060395839
1483.154296875,0.3852429643050317,-8.285305681205934,-122.51800751885288
1483.7646484375,0.38492964244545824,-8.29237287424742,-122.5481860424668
1484.375,0.38461657590982545,-8.299440056082721,-122.57834163065128
1484.9853515625,0.3843037645874115,-8.30650722450269,-122.6084743036275
1485.595703125,0.38399120836704514,-8.31357437730501,-122.63858408161187
1486.2060546875,0.3836789071371061,-8.320641512294229,-122.66867098481627
1486.81640625,0.3833668607855288,-8.327708627281707,-122.69873503344772
1487.4267578125,0.38305506919980326,-8.334775720085643,-122.72877624770855
1488.037109375,0.38274353226697977,-8.341842788531004,-122.75879464779595
1488.6474609375,0.3824322498736676,-8.348909830449585,-122.78879025390249
1489.2578125,0.38212122190604075,-8.355976843679937,-122.81876308621544
1489.8681640625,0.3818104482498384,-8.363043826067376,-122.84871316491713
1490.478515625,0.38149992879036676,-8.370110775463989,-122.87864051018464
1491.0888671875,0.38118966341250315,-8.37717768972858,-122.90854514218998
1491.69921875,0.3808796520006959,-8.384244566726709,-122.93842708109969
1492.3095703125,0.38056989443896844,-8.391311404330633,-122.96828634707514
1492.919921875,0.380260390610921,-8.398378200419312,-122.99812296027214
1493.5302734375,0.3799511403997329,-8.405444952878396,-123.02793694084104
1494.140625,0.3796421436881631,-8.412511659600236,-123.05772830892677
1494.7509765625,0.3793334003585557,-8.41957831848382,-123.08749708466856
1495.361328125,0.37902491029283913,-8.426644927434804,-123.11724328819992
1495.9716796875,0.3787166733725297,-8.433711484365489,-123.14696693964876
1496.58203125,0.378408689478734,-8.440777987194787,-123.17666805913704
1497.1923828125,0.3781009584921505,-8.447844433848243,-123.20634666678104
1497.802734375,0.3777934802930715,-8.454910822257995,-123.23600278269096
1498.4130859375,0.37748625476138586,-8.461977150362788,-123.26563642697108
1499.0234375,0.3771792817765813,-8.469043416107924,-123.29524761971965
1499.6337890625,0.37687256121774587,-8.476109617445285,-123.32483638102879
1500.244140625,0.37656609296357024,-8.483175752333311,-123.3544027309845
1500.8544921875,0.3762598768923509,-8.490241818736967,-123.38394668966644
1501.46484375,0.3759539128819904,-8.497307814627762,-123.41346827714811
1502.0751953125,0.3756482008100016,-8.504373737983709,-123.44296751349664
1502.685546875,0.37534274055350725,-8.511439586789349,-123.47244441877267
1503.2958984375,0.37503753198924505,-8.518505359035682,-123.50189901303045
1503.90625,0.37473257499356755,-8.52557105272021,-123.53133131631766
1504.5166015625,0.37442786944244477,-8.5326366658469,-123.56074134867546
1505.126953125,0.37412341521146686,-8.539702196426166,-123.59012913013825
1505.7373046875,0.3738192121758456,-8.546767642474872,-123.61949468073387
1506.34765625,0.3735152602104169,-8.553833002016306,-123.64883802048328
1506.9580078125,0.3732115591896424,-8.560898273080182,-123.67815916940069
1507.568359375,0.37290810898761195,-8.56796345370261,-123.7074581474934
1508.1787109375,0.3726049094780452,-8.575028541926107,-123.73673497476184
1508.7890625,0.37230196053429465,-8.582093535799553,-123.76598967119935
1509.3994140625,0.37199926202934663,-8.589158433378204,-123.79522225679227
1510.009765625,0.37169681383582326,-8.596223232723686,-123.82443275151995
1510.6201171875,0.37139461582598604,-8.603287931903944,-123.85362117535432
1511.23046875,0.3710926678717356,-8.610352528993278,-123.88278754826041
1511.8408203125,0.370790969844616,-8.617417022072292,-123.91193189019569
1512.451171875,0.37048952161581494,-8.624481409227903,-123.9410542211105
1513.0615234375,0.37018832305616645,-8.631545688553334,-123.97015456094775
1513.671875,0.369887374036154,-8.638609858148058,-123.99923292964289
1514.2822265625,0.3695866744259097,-8.645673916117866,-124.02828934712393
1514.892578125,0.3692862240952198,-8.652737860574765,-124.05732383331126
1515.5029296875,0.3689860229135234,-8.659801689637037,-124.08633640811772
1516.11328125,0.36868607074991716,-8.66686540142918,-124.11532709144849
1516.7236328125,0.36838636747315506,-8.673928994081926,-124.14429590320111
1517.333984375,0.36808691295165225,-8.680992465732206,-124.17324286326532
1517.9443359375,0.3677877070534856,-8.688055814523153,-124.20216799152296
1518.5546875,0.36748874964639594,-8.695119038604094,-124.23107130784818
1519.1650390625,0.367190040597791,-8.702182136130515,-124.25995283210707
1519.775390625,0.3668915797747455,-8.709245105264081,-124.28881258415787
1520.3857421875,0.3665933670440055,-8.71630794417258,-124.31765058385066
1520.99609375,0.3662954022719876,-8.72337065102997,-124.34646685102767
1521.6064453125,0.3659976853247836,-8.730433224016302,-124.37526140552278
1522.216796875,0.36570021606816006,-8.73749566131776,-124.40403426716185
1522.8271484375,0.3654029943675619,-8.744557961126622,-124.4327854557625
1523.4375,0.3651060200881131,-8.75162012164126,-124.46151499113401
1524.0478515625,0.3648092930946197,-8.75868214106611,-124.49022289307742
1524.658203125,0.36451281325157053,-8.765744017611688,-124.51890918138538
1525.2685546875,0.3642165804231403,-8.772805749494552,-124.54757387584205
1525.87890625,0.36392059447319053,-8.779867334937304,-124.57621699622327
1526.4892578125,0.3636248552652715,-8.786928772168581,-124.60483856229622
1527.099609375,0.36332936266262505,-8.793990059423024,-124.63343859381959
1527.7099609375,0.3630341165281855,-8.801051194941286,-124.66201711054345
1528.3203125,0.36273911672458165,-8.80811217697001,-124.69057413220918
1528.9306640625,0.3624443631141389,-8.815173003761823,-124.71910967854947
1529.541015625,0.36214985555888074,-8.822233673575322,-124.74762376928828
1530.1513671875,0.36185559392053146,-8.829294184675048,-124.77611642414071
1530.76171875,0.3615615780605165,-8.836354535331505,-124.80458766281306
1531.3720703125,0.3612678078399656,-8.84341472382112,-124.83303750500272
1531.982421875,0.3609742831197142,-8.850474748426238,-124.86146597039809
1532.5927734375,0.36068100376030465,-8.857534607435126,-124.88987307867865
1533.203125,0.36038796962198916,-8.864594299141933,-124.91825884951477
1533.8134765625,0.3600951805647307,-8.871653821846705,-124.94662330256786
1534.423828125,0.35980263644820537,-8.878713173855349,-124.97496645749005
1535.0341796875,0.3595103371318035,-8.885772353479648,-125.0032883339244
1535.64453125,0.359218282474632,-8.89283135903723,-125.03158895150472
1536.2548828125,0.3589264723355161,-8.899890188851556,-125.05986832985555
1536.865234375,0.3586349065730012,-8.90694884125191,-125.08812648859215
1537.4755859375,0.35834358504535385,-8.91400731457341,-125.11636344732035
1538.0859375,0.35805250761056456,-8.92106560715696,-125.14457922563675
1538.6962890625,0.3577616741263493,-8.928123717349248,-125.17277384312837
1539.306640625,0.3574710844501503,-8.935181643502766,-125.20094731937273
1539.9169921875,0.35718073843913944,-8.942239383975751,-125.22909967393794
1540.52734375,0.3568906359502184,-8.949296937132207,-125.25723092638246
1541.1376953125,0.35660077684002167,-8.956354301341873,-125.28534109625518
1541.748046875,0.3563111609649172,-8.96341147498023,-125.31343020309531
1542.3583984375,0.3560217881810086,-8.970468456428485,-125.34149826643235
1542.96875,0.3557326583441375,-8.977525244073528,-125.3695453057861
1543.5791015625,0.3554437713098839,-8.984581836307973,-125.39757134066664
1544.189453125,0.35515512693356915,-8.991638231530102,-125.425576390574
1544.7998046875,0.35486672507025674,-8.998694428143885,-125.45356047499862
1545.41015625,0.3545785655747545,-9.005750424558945,-125.48152361342089
1546.0205078125,0.3542906483016161,-9.012806219190557,-125.50946582531128
1546.630859375,0.3540029731051431,-9.01986181045963,-125.53738713013023
1547.2412109375,0.35371553983938564,-9.026917196792716,-125.5652875473283
1547.8515625,0.35342834835814524,-9.03397237662197,-125.59316709634581
1548.4619140625,0.35314139851497595,-9.04102734838515,-125.62102579661307
1549.072265625,0.3528546901631858,-9.048082110525618,-125.64886366755023
1549.6826171875,0.352568223155839,-9.055136661492307,-125.67668072856732
1550.29296875,0.35228199734575716,-9.062190999739723,-125.70447699906401
1550.9033203125,0.3519960125855207,-9.069245123727937,-125.73225249842977
1551.513671875,0.35171026872747196,-9.076299031922542,-125.76000724604378
1552.1240234375,0.3514247656237142,-9.083352722794704,-125.78774126127496
1552.734375,0.3511395031261158,-9.090406194821083,-125.81545456348165
1553.3447265625,0.35085448108631034,-9.097459446483866,-125.84314717201202
1553.955078125,0.35056969935569915,-9.104512476270727,-125.87081910620356
1554.5654296875,0.35028515778545183,-9.111565282674848,-125.89847038538336
1555.17578125,0.35000085622650884,-9.118617864194876,-125.92610102886813
1555.7861328125,0.3497167945295828,-9.125670219334925,-125.95371105596374
1556.396484375,0.34943297254515976,-9.132722346604572,-125.98130048596563
1557.0068359375,0.3491493901235013,-9.13977424451883,-126.00886933815856
1557.6171875,0.3488660471146456,-9.14682591159815,-126.03641763181669
1558.2275390625,0.34858294336840956,-9.153877346368393,-126.0639453862033
1558.837890625,0.34830007873438984,-9.160928547360847,-126.09145262057105
1559.4482421875,0.34801745306196424,-9.167979513112194,-126.11893935416184
1560.05859375,0.34773506620029504,-9.175030242164482,-126.1464056062066
1560.6689453125,0.34745291799832767,-9.182080733065165,-126.17385139592558
1561.279296875,0.34717100830479475,-9.189130984367042,-126.20127674252804
1561.8896484375,0.3468893369682157,-9.196180994628282,-126.22868166521235
1562.5,0.3466079038369008,-9.203230762412364,-126.25606618316586
1563.1103515625,0.34632670875894916,-9.210280286288148,-126.28343031556503
1563.720703125,0.34604575158225404,-9.21732956482976,-126.31077408157523
1564.3310546875,0.3457650321545014,-9.224378596616674,-126.33809750035076
1564.94140625,0.3454845503231731,-9.231427380233638,-126.36540059103486
1565.5517578125,0.34520430593554785,-9.238475914270701,-126.39268337275958
1566.162109375,0.3449242988387027,-9.245524197323174,-126.41994586464587
1566.7724609375,0.34464452887951447,-9.252572227991642,-126.44718808580348
1567.3828125,0.34436499590466146,-9.259620004881942,-126.4744100553309
1567.9931640625,0.344085699760625,-9.266667526605142,-126.50161179231534
1568.603515625,0.3438066402936905,-9.273714791777554,-126.52879331583283
1569.2138671875,0.34352781734994936,-9.280761799020702,-126.55595464494789
1569.82421875,0.3432492307753008,-9.287808546961307,-126.58309579871386
1570.4345703125,0.34297088041545143,-9.294855034231322,-126.61021679617255
1571.044921875,0.3426927661159198,-9.30190125946784,-126.63731765635445
1571.6552734375,0.3424148877220349,-9.308947221313169,-126.66439839827855
1572.265625,0.34213724507893944,-9.315992918414754,-126.69145904095234
1572.8759765625,0.34185983803159076,-9.323038349425206,-126.71849960337184
1573.486328125,0.34158266642476176,-9.330083513002279,-126.74552010452146
1574.0966796875,0.34130573010304366,-9.337128407808846,-126.77252056337406
1574.70703125,0.34102902891084547,-9.34417303251292,-126.79950099889096
1575.3173828125,0.34075256269239745,-9.351217385787603,-126.82646143002171
1575.927734375,0.34047633129175137,-9.358261466311104,-126.8534018757043
1576.5380859375,0.340200334552782,-9.365305272766722,-126.88032235486494
1577.1484375,0.33992457231918877,-9.372348803842828,-126.9072228864182
1577.7587890625,0.33964904443449684,-9.379392058232868,-126.93410348926687
1578.369140625,0.33937375074205967,-9.38643503463532,-126.9609641823018
1578.9794921875,0.3390986910850581,-9.393477731753737,-126.9878049844023
1579.58984375,0.3388238653065045,-9.400520148296673,-127.01462591443558
1580.2001953125,0.3385492732492418,-9.407562282977732,-127.04142699125715
1580.810546875,0.3382749147559467,-9.414604134515505,-127.06820823371046
1581.4208984375,0.33800078966912916,-9.421645701633608,-127.0949696606272
1582.03125,0.33772689783113574,-9.428686983060633,-127.12171129082695
1582.6416015625,0.3374532390841498,-9.435727977530142,-127.14843314311744
1583.251953125,0.3371798132701929,-9.442768683780688,-127.17513523629425
1583.8623046875,0.3369066202311267,-9.449809100555758,-127.20181758914097
1584.47265625,0.3366336598086535,-9.456849226603806,-127.22848022042923
1585.0830078125,0.3363609318443184,-9.463889060678213,-127.25512314891834
1585.693359375,0.3360884361795101,-9.470928601537285,-127.2817463933557
1586.3037109375,0.33581617265546304,-9.477967847944234,-127.30834997247645
1586.9140625,0.3355441411132572,-9.485006798667193,-127.33493390500351
1587.5244140625,0.3352723413938206,-9.492045452479191,-127.36149820964772
1588.134765625,0.335000773337931,-9.499083808158115,-127.38804290510762
1588.7451171875,0.3347294367862161,-9.50612186448674,-127.41456801006947
1589.35546875,0.3344583315791552,-9.513159620252706,-127.44107354320728
1589.9658203125,0.33418745755708074,-9.520197074248504,-127.46755952318274
1590.576171875,0.33391681456017974,-9.527234225271453,-127.49402596864525
1591.1865234375,0.33364640242849447,-9.53427107212372,-127.52047289823177
1591.796875,0.3333762210019243,-9.541307613612279,-127.54690033056697
1592.4072265625,0.3331062701202276,-9.548343848548901,-127.57330828426302
1593.017578125,0.33283654962302067,-9.55537977575019,-127.5996967779197
1593.6279296875,0.33256705934978176,-9.562415394037506,-127.62606583012435
1594.23828125,0.33229779913985075,-9.569450702237006,-127.65241545945179
1594.8486328125,0.332028768832431,-9.576485699179601,-127.67874568446435
1595.458984375,0.3317599682665902,-9.583520383700968,-127.70505652371183
1596.0693359375,0.3314913972812623,-9.59055475464152,-127.73134799573147
1596.6796875,0.3312230557152477,-9.597588810846423,-127.75762011904793
1597.2900390625,0.33095494340721593,-9.604622551165543,-127.78387291217327
1597.900390625,0.33068706019570543,-9.611655974453486,-127.81010639360693
1598.5107421875,0.3304194059191256,-9.618689079569553,-127.83632058183565
1599.12109375,0.3301519804157585,-9.625721865377727,-127.86251549533358
1599.7314453125,0.3298847835237585,-9.632754330746698,-127.88869115256215
1600.341796875,0.3296178150811553,-9.639786474549808,-127.91484757197001
1600.9521484375,0.3293510749258536,-9.646818295665087,-127.94098477199316
1601.5625,0.32908456289563587,-9.653849792975187,-127.96710277105477
1602.1728515625,0.3288182788281623,-9.660880965367424,-127.99320158756525
1602.783203125,0.32855222256097233,-9.667911811733742,-128.0192812399222
1603.3935546875,0.3282863939314859,-9.674942330970714,-128.04534174651042
1604.00390625,0.32802079277700535,-9.681972521979507,-128.0713831257018
1604.6142578125,0.32775541893471544,-9.689002383665903,-128.0974053958554
1605.224609375,0.3274902722416848,-9.696031914940287,-128.1234085753174
1605.8349609375,0.32722535253486823,-9.703061114717595,-128.14939268242102
1606.4453125,0.3269606596511065,-9.71008998191736,-128.17535773548656
1607.0556640625,0.3266961934271279,-9.71711851546367,-128.20130375282136
1607.666015625,0.3264319536995503,-9.724146714285151,-128.2272307527198
1608.2763671875,0.3261679403048807,-9.731174577314995,-128.2531387534633
1608.88671875,0.32590415307951787,-9.738202103490906,-128.27902777332017
1609.4970703125,0.32564059185975297,-9.745229291755104,-128.3048978305458
1610.107421875,0.3253772564817703,-9.752256141054339,-128.33074894338228
1610.7177734375,0.32511414678164846,-9.759282650339863,-128.35658113005897
1611.328125,0.3248512625953629,-9.766308818567394,-128.3823944087919
1611.9384765625,0.32458860375878534,-9.773334644697147,-128.40818879778402
1612.548828125,0.3243261701076855,-9.780360127693807,-128.43396431522515
1613.1591796875,0.3240639614777325,-9.78738526652652,-128.45972097929197
1613.76953125,0.3238019777044956,-9.794410060168882,-128.48545880814802
1614.3798828125,0.3235402186234458,-9.801434507598923,-128.51117781994358
1614.990234375,0.323278684069956,-9.808458607799125,-128.53687803281576
1615.6005859375,0.32301737387930346,-9.815482359756368,-128.56255946488838
1616.2109375,0.3227562878866703,-9.822505762461942,-128.58822213427203
1616.8212890625,0.32249542592714364,-9.829528814911562,-128.61386605906415
1617.431640625,0.3222347878357184,-9.836551516105315,-128.6394912573487
1618.0419921875,0.3219743734472971,-9.843573865047677,-128.66509774719648
1618.65234375,0.321714182596692,-9.85059586074749,-128.69068554666495
1619.2626953125,0.32145421511862476,-9.857617502217963,-128.7162546737981
1619.873046875,0.3211944708477292,-9.864638788476656,-128.74180514662675
1620.4833984375,0.3209349496185509,-9.871659718545473,-128.76733698316824
1621.09375,0.3206756512655495,-9.878680291450646,-128.79285020142655
1621.7041015625,0.32041657562309883,-9.88570050622273,-128.81834481939217
1622.314453125,0.3201577225254883,-9.8927203618966,-128.8438208550423
1622.9248046875,0.3198990918069241,-9.899739857511435,-128.8692783263407
1623.53515625,0.3196406833015304,-9.906758992110694,-128.89471725123738
1624.1455078125,0.31938249684335,-9.913777764742125,-128.92013764766926
1624.755859375,0.31912453226634524,-9.920796174457767,-128.94553953355955
1625.3662109375,0.31886678940439955,-9.927814220313907,-128.9709229268181
1625.9765625,0.31860926809131884,-9.93483190137108,-128.99628784534096
1626.5869140625,0.31835196816083106,-9.94184921669409,-129.02163430701097
1627.197265625,0.31809488944658887,-9.948866165351953,-129.04696232969715
1627.8076171875,0.3178380317821691,-9.95588274641794,-129.07227193125513
1628.41796875,0.31758139500107596,-9.9628989589695,-129.09756312952692
1629.0283203125,0.3173249789367395,-9.96991480208832,-129.1228359423408
1629.638671875,0.31706878342251843,-9.976930274860276,-129.14809038751156
1630.2490234375,0.3168128082917005,-9.983945376375427,-129.1733264828403
1630.859375,0.3165570533775035,-9.990960105728014,-129.19854424611455
1631.4697265625,0.31630151851307636,-9.99797446201645,-129.22374369510806
1632.080078125,0.31604620353150004,-10.0049884443433,-129.248924847581
1632.6904296875,0.3157911082657886,-10.012002051815292,-129.2740877212798
1633.30078125,0.31553623254889024,-10.019015283543284,-129.29923233393717
1633.9111328125,0.31528157621368846,-10.026028138642262,-129.32435870327217
1634.521484375,0.31502713909300256,-10.033040616231343,-129.34946684699005
1635.1318359375,0.3147729210195886,-10.040052715433763,-129.3745567827824
1635.7421875,0.3145189218261416,-10.047064435376834,-129.39962852832687
1636.3525390625,0.3142651413452945,-10.054075775191988,-129.42468210128757
1636.962890625,0.31401157940962077,-10.061086734014737,-129.44971751931467
1637.5732421875,0.3137582358516348,-10.068097310984657,-129.47473480004456
1638.18359375,0.31350511050379304,-10.075107505245388,-129.49973396109985
1638.7939453125,0.31325220319849384,-10.082117315944657,-129.5247150200893
1639.404296875,0.31299951376808044,-10.0891267422342,-129.5496779946078
1640.0146484375,0.31274704204484033,-10.09613578326981,-129.57462290223643
1640.625,0.31249478786100665,-10.10314443821131,-129.59954976054246
1641.2353515625,0.31224275104875965,-10.110152706222522,-129.62445858707903
1641.845703125,0.31199093144022605,-10.117160586471316,-129.64934939938573
1642.4560546875,0.31173932886748223,-10.124168078129527,-129.67422221498802
1643.06640625,0.3114879431625533,-10.131175180373006,-129.6990770513975
1643.6767578125,0.3112367741574149,-10.138181892381573,-129.72391392611183
1644.287109375,0.31098582168399425,-10.145188213339019,-129.74873285661477
1644.8974609375,0.3107350855741702,-10.152194142433114,-129.7735338603761
1645.5078125,0.31048456565977534,-10.15919967885556,-129.79831695485157
1646.1181640625,0.31023426177259517,-10.166204821802046,-129.8230821574831
1646.728515625,0.3099841737443713,-10.173209570472155,-129.84782948569853
1647.3388671875,0.30973430140680075,-10.180213924069415,-129.87255895691166
1647.94921875,0.30948464459153685,-10.187217881801285,-129.89727058852236
1648.5595703125,0.30923520313019137,-10.194221442879103,-129.92196439791647
1649.169921875,0.3089859768543334,-10.201224606518151,-129.94664040246576
1649.7802734375,0.3087369655954926,-10.20822737193756,-129.971298619528
1650.390625,0.3084881691851579,-10.215229738360383,-129.99593906644685
1651.0009765625,0.3082395874547805,-10.222231705013506,-130.02056176055194
1651.611328125,0.30799122023577236,-10.22923327112772,-130.0451667191589
1652.2216796875,0.3077430673595094,-10.236234435937641,-130.06975395956908
1652.83203125,0.30749512865733053,-10.243235198681752,-130.09432349906996
1653.4423828125,0.30724740396054,-10.25023555860236,-130.11887535493474
1654.052734375,0.3069998931004069,-10.25723551494562,-130.14340954442264
1654.6630859375,0.30675259590816695,-10.264235066961485,-130.16792608477857
1655.2734375,0.3065055122150233,-10.271234213903732,-130.1924249932336
1655.8837890625,0.30625864185214663,-10.278232955029951,-130.21690628700435
1656.494140625,0.3060119846506771,-10.2852312896015,-130.24136998329345
1657.1044921875,0.30576554044172394,-10.29222921688355,-130.26581609928937
1657.71484375,0.3055193090563678,-10.299226736145027,-130.2902446521663
1658.3251953125,0.3052732903256602,-10.30622384665863,-130.31465565908437
1658.935546875,0.30502748408062463,-10.313220547700833,-130.33904913718956
1659.5458984375,0.3047818901522585,-10.32021683855184,-130.36342510361337
1660.15625,0.3045365083715326,-10.327212718495598,-130.38778357547343
1660.7666015625,0.30429133856939244,-10.3342081868198,-130.41212456987293
1661.376953125,0.3040463805767589,-10.34120324281586,-130.43644810390094
1661.9873046875,0.30380163422453005,-10.348197885778891,-130.4607541946323
1662.59765625,0.3035570993435804,-10.355192115007728,-130.48504285912753
1663.2080078125,0.3033127757647623,-10.362185929804905,-130.50931411443295
1663.818359375,0.3030686633189076,-10.369179329476637,-130.53356797758065
1664.4287109375,0.302824761836827,-10.376172313332827,-130.5578044655884
1665.0390625,0.30258107114931226,-10.383164880687046,-130.58202359545967
1665.6494140625,0.3023375910871358,-10.390157030856528,-130.6062253841838
1666.259765625,0.30209432148105214,-10.397148763162171,-130.63040984873564
1666.8701171875,0.3018512621617988,-10.404140076928503,-130.6545770060759
1667.48046875,0.3016084129600965,-10.411130971483708,-130.6787268731509
1668.0908203125,0.30136577370665074,-10.418121446159583,-130.70285946689265
1668.701171875,0.30112334423215137,-10.425111500291562,-130.7269748042189
1669.3115234375,0.3008811243672751,-10.432101133218675,-130.751072902033
1669.921875,0.30063911394268433,-10.439090344283573,-130.77515377722403
1670.5322265625,0.3003973127890296,-10.446079132832487,-130.7992174466667
1671.142578125,0.30015572073694896,-10.453067498215251,-130.82326392722135
1671.7529296875,0.2999143376170701,-10.460055439785265,-130.847293235734
1672.36328125,0.29967316326001003,-10.4670429568995,-130.8713053890363
1672.9736328125,0.2994321974963761,-10.474030048918495,-130.89530040394558
1673.583984375,0.29919144015676696,-10.481016715206348,-130.91927829726473
1674.1943359375,0.29895089107177353,-10.48800295513068,-130.9432390857822
1674.8046875,0.2987105500719789,-10.494988768062674,-130.96718278627225
1675.4150390625,0.29847041698795973,-10.501974153377029,-130.9911094154946
1676.025390625,0.29823049165028703,-10.50895911045197,-131.01501899019462
1676.6357421875,0.2979907738895269,-10.515943638669219,-131.03891152710318
1677.24609375,0.29775126353624043,-10.52292773741402,-131.06278704293692
1677.8564453125,0.2975119604209856,-10.529911406075104,-131.08664555439793
1678.466796875,0.29727286437431694,-10.536894644044704,-131.11048707817395
1679.0771484375,0.2970339752267877,-10.543877450718497,-131.1343116309382
1679.6875,0.29679529280894884,-10.550859825495664,-131.15811922934958
1680.2978515625,0.29655681695135067,-10.557841767778838,-131.18190989005254
1680.908203125,0.2963185474845437,-10.564823276974103,-131.20568362967697
1681.5185546875,0.296080484239079,-10.571804352490995,-131.22944046483846
1682.12890625,0.2958426270455092,-10.578784993742476,-131.25318041213802
1682.7392578125,0.2956049757343883,-10.585765200144959,-131.27690348816233
1683.349609375,0.29536753013627387,-10.592744971118261,-131.3006097094836
1683.9599609375,0.29513029008172653,-10.599724306085621,-131.32429909265943
1684.5703125,0.29489325540131134,-10.606703204473673,-131.34797165423305
1685.1806640625,0.2946564259255976,-10.61368166571247,-131.3716274107332
1685.791015625,0.29441980148516056,-10.620659689235442,-131.39526637867422
1686.4013671875,0.2941833819105822,-10.62763727447938,-131.41888857455584
1687.01171875,0.2939471670324503,-10.634614420884487,-131.44249401486337
1687.6220703125,0.2937111566813609,-10.64159112789431,-131.4660827160676
1688.232421875,0.29347535068791814,-10.648567394955755,-131.48965469462487
1688.8427734375,0.29323974888273524,-10.655543221519075,-131.51320996697694
1689.453125,0.29300435109643447,-10.662518607037878,-131.53674854955116
1690.0634765625,0.29276915715964896,-10.669493550969092,-131.56027045876033
1690.673828125,0.2925341669030224,-10.676468052772975,-131.5837757110027
1691.2841796875,0.2922993801572102,-10.683442111913104,-131.60726432266205
1691.89453125,0.29206479675288,-10.690415727856362,-131.63073631010764
1692.5048828125,0.291830416520712,-10.69738890007294,-131.65419168969424
1693.115234375,0.2915962392914003,-10.704361628036326,-131.67763047776202
1693.7255859375,0.2913622648956531,-10.711333911223281,-131.70105269063663
1694.3359375,0.29112849316419354,-10.718305749113847,-131.7244583446293
1694.9462890625,0.29089492392775945,-10.725277141191363,-131.74784745603665
1695.556640625,0.29066155701710605,-10.732248086942384,-131.77122004114062
1696.1669921875,0.29042839226300415,-10.739218585856765,-131.7945761162089
1696.77734375,0.2901954294962425,-10.746188637427583,-131.8179156974944
1697.3876953125,0.2899626685476277,-10.753158241151157,-131.84123880123565
1697.998046875,0.289730109247985,-10.760127396527048,-131.86454544365648
1698.6083984375,0.2894977514281588,-10.767096103058034,-131.8878356409663
1699.21875,0.28926559491901344,-10.774064360250112,-131.91110940935988
1699.8291015625,0.28903363955143385,-10.781032167612477,-131.9343667650175
1700.439453125,0.28880188515632577,-10.787999524657545,-131.95760772410478
1701.0498046875,0.2885703315646168,-10.794966430900917,-131.98083230277294
1701.66015625,0.2883389786072573,-10.801932885861358,-132.0040405171585
1702.2705078125,0.28810782611521946,-10.808898889060858,-132.0272323833835
1702.880859375,0.28787687391950023,-10.815864440024527,-132.05040791755536
1703.4912109375,0.28764612185111993,-10.822829538280674,-132.07356713576698
1704.1015625,0.2874155697411236,-10.82979418336075,-132.09671005409663
1704.7119140625,0.28718521742058206,-10.836758374799349,-132.11983668860807
1705.322265625,0.28695506472059157,-10.843722112134218,-132.14294705535045
1705.9326171875,0.28672511147227536,-10.850685394906222,-132.1660411703584
1706.54296875,0.2864953575067834,-10.857648222659357,-132.18911904965194
1707.1533203125,0.28626580265529317,-10.864610594940752,-132.21218070923652
1707.763671875,0.2860364467490109,-10.87157251130062,-132.23522616510292
1708.3740234375,0.2858072896191715,-10.87853397129229,-132.25825543322753
1708.984375,0.28557833109703895,-10.885494974472191,-132.281268529572
1709.5947265625,0.2853495710139074,-10.892455520399839,-132.30426547008352
1710.205078125,0.2851210092011023,-10.899415608637801,-132.32724627069456
1710.8154296875,0.2848926454899786,-10.906375238751771,-132.35021094732315
1711.42578125,0.28466447971192443,-10.913334410310462,-132.37315951587263
1712.0361328125,0.28443651169835926,-10.92029312288567,-132.39609199223185
1712.646484375,0.284208741280736,-10.927251376052233,-132.419008392275
1713.2568359375,0.2839811682905406,-10.934209169388025,-132.44190873186167
1713.8671875,0.28375379255929256,-10.941166502473983,-132.46479302683701
1714.4775390625,0.28352661391854656,-10.948123374894042,-132.4876612930314
1715.087890625,0.2832996321998919,-10.955079786235174,-132.51051354626077
1715.6982421875,0.28307284723495363,-10.962035736087357,-132.53334980232634
1716.30859375,0.2828462588553926,-10.968991224043588,-132.55617007701488
1716.9189453125,0.28261986689290636,-10.975946249699861,-132.5789743860985
1717.529296875,0.2823936711792302,-10.982900812655148,-132.60176274533475
1718.1396484375,0.2821676715461363,-10.989854912511422,-132.62453517046652
1718.75,0.2819418678254357,-10.996808548873634,-132.6472916772222
1719.3603515625,0.2817162598489777,-11.003761721349697,-132.6700322813156
1719.970703125,0.2814908474486518,-11.010714429550479,-132.69275699844584
1720.5810546875,0.2812656304563861,-11.017666673089842,-132.71546584429768
1721.19140625,0.28104060870415026,-11.024618451584544,-132.73815883454094
1721.8017578125,0.28081578202395363,-11.031569764654343,-132.76083598483123
1722.412109375,0.2805911502478482,-11.038520611921879,-132.7834973108093
1723.0224609375,0.2803667132079271,-11.045470993012747,-132.80614282810149
1723.6328125,0.28014247073632575,-11.052420907555469,-132.8287725523195
1724.2431640625,0.27991842266522327,-11.059370355181457,-132.85138649906037
1724.853515625,0.2796945688268414,-11.066319335525055,-132.87398468390668
1725.4638671875,0.2794709090534463,-11.07326784822349,-132.89656712242643
1726.07421875,0.27924744317734845,-11.080215892916883,-132.9191338301729
1726.6845703125,0.279024171030903,-11.087163469248257,-132.94168482268495
1727.294921875,0.2788010924465113,-11.094110576863482,-132.96422011548677
1727.9052734375,0.2785782072566198,-11.101057215411334,-132.98673972408804
1728.515625,0.27835551529372193,-11.10800338454343,-133.00924366398382
1729.1259765625,0.2781330163903576,-11.114949083914258,-133.0317319506547
1729.736328125,0.2779107103791148,-11.12189431318114,-133.05420459956645
1730.3466796875,0.27768859709262855,-11.128839072004268,-133.07666162617053
1730.95703125,0.27746667636358313,-11.135783360046641,-133.09910304590377
1731.5673828125,0.2772449480247107,-11.142727176974116,-133.1215288741883
1732.177734375,0.2770234119087937,-11.149670522455352,-133.1439391264319
1732.7880859375,0.27680206784866407,-11.156613396161827,-133.1663338180276
1733.3984375,0.27658091567720355,-11.163555797767845,-133.18871296435398
1734.0087890625,0.2763599552273452,-11.170497726950499,-133.21107658077503
1734.619140625,0.2761391863320731,-11.177439183389673,-133.2334246826402
1735.2294921875,0.27591860882442326,-11.184380166768044,-133.25575728528426
1735.83984375,0.2756982225374833,-11.191320676771085,-133.27807440402765
1736.4501953125,0.2754780273043939,-11.198260713087024,-133.3003760541761
1737.060546875,0.2752580229583489,-11.205200275406861,-133.32266225102083
1737.6708984375,0.2750382093325952,-11.212139363424372,-133.34493300983857
1738.28125,0.2748185862604341,-11.219077976836074,-133.36718834589144
1738.8916015625,0.2745991535752211,-11.226016115341238,-133.38942827442696
1739.501953125,0.27437991111036686,-11.232953778641868,-133.41165281067825
1740.1123046875,0.2741608586993369,-11.239890966442722,-133.43386196986384
1740.72265625,0.27394199617565285,-11.24682767845127,-133.4560557671877
1741.3330078125,0.2737233233728927,-11.253763914377705,-133.4782342178393
1741.943359375,0.2735048401246906,-11.260699673934942,-133.50039733699356
1742.5537109375,0.2732865462647386,-11.26763495683859,-133.52254513981086
1743.1640625,0.2730684416267853,-11.27456976280698,-133.54467764143712
1743.7744140625,0.27285052604463783,-11.281504091561125,-133.5667948570037
1744.384765625,0.27263279935216195,-11.288437942824723,-133.58889680162744
1744.9951171875,0.27241526138328187,-11.29537131632416,-133.61098349041066
1745.60546875,0.2721979119719806,-11.302304211788508,-133.63305493844123
1746.2158203125,0.27198075095230206,-11.30923662894948,-133.65511116079242
1746.826171875,0.27176377815834946,-11.31616856754147,-133.677152172523
1747.4365234375,0.2715469934242863,-11.323100027301532,-133.69917798867735
1748.046875,0.2713303965843376,-11.330031007969357,-133.7211886242853
1748.6572265625,0.2711139874727895,-11.336961509287281,-133.74318409436208
1749.267578125,0.27089776592398984,-11.343891531000285,-133.76516441390856
1749.8779296875,0.2706817317723488,-11.350821072855968,-133.78712959791116
1750.48828125,0.2704658848523389,-11.357750134604558,-133.80907966134157
1751.0986328125,0.27025022499849605,-11.364678715998899,-133.83101461915732
1751.708984375,0.27003475204541916,-11.371606816794447,-133.85293448630125
1752.3193359375,0.26981946582777144,-11.378534436749245,-133.87483927770174
1752.9296875,0.26960436618027933,-11.385461575623976,-133.8967290082729
1753.5400390625,0.2693894529377353,-11.39238823318186,-133.91860369291405
1754.150390625,0.2691747259349956,-11.399314409188744,-133.94046334651028
1754.7607421875,0.26896018500698254,-11.406240103413026,-133.96230798393216
1755.37109375,0.2687458299886837,-11.4131653156257,-133.9841376200359
1755.9814453125,0.2685316607151535,-11.4200900456003,-134.00595226966306
1756.591796875,0.26831767702151244,-11.427014293112938,-134.0277519476409
1757.2021484375,0.2681038787429481,-11.433938057942274,-134.0495366687822
1757.8125,0.26789026571471547,-11.44086133986951,-134.07130644788532
1758.4228515625,0.267676837772137,-11.4477841386784,-134.09306129973422
1759.033203125,0.26746359475060366,-11.454706454155216,-134.11480123909826
1759.6435546875,0.26725053648557456,-11.461628286088771,-134.13652628073262
1760.25390625,0.26703766281257746,-11.468549634270406,-134.15823643937793
1760.8642578125,0.26682497356721024,-11.475470498493948,-134.17993172976034
1761.474609375,0.26661246858513943,-11.482390878555757,-134.20161216659173
1762.0849609375,0.26640014770210196,-11.489310774254696,-134.22327776456953
1762.6953125,0.2661880107539047,-11.496230185392127,-134.2449285383767
1763.3056640625,0.2659760575764261,-11.503149111771878,-134.26656450268186
1763.916015625,0.26576428800561464,-11.510067553200294,-134.2881856721393
1764.5263671875,0.26555270187749075,-11.516985509486183,-134.3097920613887
1765.13671875,0.2653412990281466,-11.523902980440823,-134.33138368505567
1765.7470703125,0.26513007929374666,-11.530819965877958,-134.3529605577512
1766.357421875,0.26491904251052756,-11.5377364656138,-134.37452269407197
1766.9677734375,0.2647081885147989,-11.544652479467015,-134.39607010860038
1767.578125,0.26449751714294334,-11.55156800725871,-134.4176028159044
1768.1884765625,0.2642870282314176,-11.55848304881243,-134.43912083053755
1768.798828125,0.26407672161675166,-11.565397603954175,-134.46062416703913
1769.4091796875,0.26386659713555016,-11.572311672512356,-134.4821128399341
1770.01953125,0.2636566546244919,-11.579225254317825,-134.503586863733
1770.6298828125,0.26344689392033144,-11.586138349203821,-134.52504625293201
1771.240234375,0.26323731485989776,-11.59305095700603,-134.5464910220131
1771.8505859375,0.2630279172800958,-11.599963077562524,-134.56792118544382
1772.4609375,0.2628187010179061,-11.606874710713793,-134.5893367576774
1773.0712890625,0.26260966591038637,-11.613785856302687,-134.61073775315276
1773.681640625,0.26240081179466995,-11.62069651417448,-134.63212418629456
1774.2919921875,0.26219213850796746,-11.627606684176811,-134.6534960715132
1774.90234375,0.26198364588756684,-11.634516366159701,-134.6748534232045
1775.5126953125,0.26177533377083384,-11.641425559975529,-134.69619625575035
1776.123046875,0.26156720199521183,-11.64833426547905,-134.71752458351813
1776.7333984375,0.2613592503982222,-11.655242482527386,-134.73883842086101
1777.34375,0.26115147881746553,-11.662150210979988,-134.76013778211788
1777.9541015625,0.2609438870906208,-11.669057450698672,-134.78142268161332
1778.564453125,0.26073647505544617,-11.675964201547595,-134.80269313365773
1779.1748046875,0.2605292425497798,-11.682870463393233,-134.82394915254707
1779.78515625,0.260322189411539,-11.689776236104416,-134.84519075256335
1780.3955078125,0.2601153154787221,-11.69668151955227,-134.866417947974
1781.005859375,0.25990862058940684,-11.703586313610261,-134.8876307530325
1781.6162109375,0.25970210458175225,-11.710490618154168,-134.90882918197792
1782.2265625,0.25949576729399876,-11.71739443306205,-134.93001324903503
1782.8369140625,0.25928960856446764,-11.724297758214295,-134.9511829684146
1783.447265625,0.2590836282315619,-11.731200593493575,-134.97233835431305
1784.0576171875,0.2588778261337667,-11.738102938784852,-134.9934794209126
1784.66796875,0.2586722021096493,-11.74500479397537,-135.01460618238133
1785.2783203125,0.2584667559978599,-11.751906158954652,-135.035718652873
1785.888671875,0.2582614876371312,-11.758807033614488,-135.0568168465272
1786.4990234375,0.258056396866279,-11.76570741784895,-135.0779007774695
1787.109375,0.25785148352420273,-11.772607311554355,-135.0989704598111
1787.7197265625,0.2576467474498857,-11.779506714629282,-135.1200259076492
1788.330078125,0.25744218848239486,-11.786405626974561,-135.1410671350666
1788.9404296875,0.2572378064608821,-11.793304048493251,-135.16209415613216
1789.55078125,0.2570336012245831,-11.80020197909068,-135.18310698490046
1790.1611328125,0.25682957261281925,-11.807099418674376,-135.20410563541202
1790.771484375,0.2566257204649964,-11.813996367154118,-135.22509012169314
1791.3818359375,0.25642204462060625,-11.820892824441893,-135.24606045775607
1791.9921875,0.25621854491922613,-11.827788790451914,-135.26701665759887
1792.6025390625,0.25601522120051934,-11.834684265100599,-135.2879587352055
1793.212890625,0.2558120733042359,-11.841579248306559,-135.30888670454576
1793.8232421875,0.25560910107021145,-11.848473739990638,-135.32980057957548
1794.43359375,0.25540630433836925,-11.855367740075838,-135.35070037423625
1795.0439453125,0.25520368294871937,-11.862261248487373,-135.3715861024556
1795.654296875,0.2550012367413594,-11.869154265152627,-135.39245777814708
1796.2646484375,0.2547989655564741,-11.876046790001176,-135.41331541521004
1796.875,0.2545968692343369,-11.882938822964748,-135.43415902752974
1797.4853515625,0.25439494761530873,-11.889830363977254,-135.4549886289775
1798.095703125,0.2541932005398392,-11.896721412974765,-135.47580423341057
1798.7060546875,0.2539916278484665,-11.903611969895502,-135.496605854672
1799.31640625,0.2537902293818179,-11.910502034679842,-135.51739350659093
1799.9267578125,0.25358900498060993,-11.917391607270297,-135.53816720298244
1800.537109375,0.2533879544856481,-11.924280687611542,-135.5589269576476
1801.1474609375,0.2531870777378283,-11.931169275650358,-135.5796727843734
1801.7578125,0.25298637457813594,-11.938057371335669,-135.60040469693288
1802.3681640625,0.25278584484764677,-11.94494497461853,-135.621122709085
1802.978515625,0.25258548838752715,-11.951832085452095,-135.6418268345748
1803.5888671875,0.25238530503903356,-11.95871870379166,-135.6625170871333
1804.19921875,0.2521852946435142,-11.9656048295946,-135.68319348047757
1804.8095703125,0.2519854570424081,-11.972490462820408,-135.70385602831058
1805.419921875,0.25178579207724566,-11.979375603430674,-135.7245047443215
1806.0302734375,0.2515862995896488,-11.986260251389083,-135.74513964218542
1806.640625,0.2513869794213322,-11.993144406661385,-135.76576073556353
1807.2509765625,0.2511878314141019,-12.000028069215436,-135.78636803810303
1807.861328125,0.2509888554098563,-12.00691123902117,-135.80696156343726
1808.4716796875,0.25079005125058695,-12.013793916050572,-135.82754132518554
1809.08203125,0.2505914187783778,-12.020676100277715,-135.84810733695335
1809.6923828125,0.2503929578354065,-12.027557791678705,-135.86865961233212
1810.302734375,0.25019466826394315,-12.034438990231738,-135.8891981648996
1810.9130859375,0.249996549906352,-12.041319695917041,-135.9097230082195
1811.5234375,0.24979860260509115,-12.048199908716883,-135.9302341558415
1812.1337890625,0.24960082620271254,-12.05507962861558,-135.95073162130168
1812.744140625,0.2494032205418623,-12.061958855599482,-135.97121541812209
1813.3544921875,0.24920578546528077,-12.06883758965698,-135.99168555981086
1813.96484375,0.24900852081580388,-12.07571583077846,-136.01214205986238
1814.5751953125,0.24881142643636117,-12.08259357895637,-136.03258493175716
1815.185546875,0.2486145021699785,-12.089470834185132,-136.0530141889618
1815.7958984375,0.24841774785977602,-12.096347596461214,-136.0734298449292
1816.40625,0.2482211633489703,-12.103223865783061,-136.09383191309817
1817.0166015625,0.24802474848087347,-12.11009964215112,-136.11422040689408
1817.626953125,0.24782850309889312,-12.116974925567854,-136.13459533972815
1818.2373046875,0.2476324270465336,-12.123849716037698,-136.15495672499796
1818.84765625,0.24743652016739542,-12.130724013567075,-136.17530457608726
1819.4580078125,0.247240782305176,-12.13759781816438,-136.19563890636607
1820.068359375,0.24704521330366888,-12.144471129840008,-136.2159597291905
1820.6787109375,0.2468498130067652,-12.151343948606302,-136.23626705790304
1821.2890625,0.2466545812584536,-12.15821627447756,-136.25656090583232
1821.8994140625,0.2464595179028193,-12.16508810747007,-136.27684128629323
1822.509765625,0.24626462278404576,-12.171959447602056,-136.29710821258695
1823.1201171875,0.24606989574641405,-12.178830294893697,-136.31736169800095
1823.73046875,0.24587533663430358,-12.185700649367103,-136.33760175580878
1824.3408203125,0.2456809452921914,-12.192570511046355,-136.35782839927063
1824.951171875,0.2454867215646536,-12.199439879957437,-136.37804164163262
1825.5615234375,0.2452926652963643,-12.20630875612829,-136.39824149612735
1826.171875,0.24509877633209695,-12.213177139588762,-136.4184279759737
1826.7822265625,0.244905054516724,-12.220045030370619,-136.43860109437685
1827.392578125,0.24471149969521655,-12.226912428507566,-136.4587608645283
1828.0029296875,0.24451811171264567,-12.233779334035194,-136.47890729960594
1828.61328125,0.24432489041418154,-12.240645746991024,-136.4990404127739
1829.2236328125,0.24413183564509466,-12.247511667414447,-136.5191602171827
1829.833984375,0.24393894725075485,-12.254377095346783,-136.53926672596927
1830.4443359375,0.2437462250766324,-12.261242030831225,-136.55935995225687
1831.0546875,0.24355366896829797,-12.26810647391286,-136.57943990915507
1831.6650390625,0.24336127877142247,-12.274970424638656,-136.59950660975994
1832.275390625,0.24316905433177782,-12.281833883057452,-136.61956006715388
1832.8857421875,0.24297699549523608,-12.288696849219981,-136.63960029440574
1833.49609375,0.2427851021077716,-12.295559323178807,-136.65962730457065
1834.1064453125,0.24259337401545852,-12.302421304988398,-136.6796411106903
1834.716796875,0.2424018110644733,-12.309282794705055,-136.69964172579282
1835.3271484375,0.24221041310109365,-12.316143792386939,-136.71962916289263
1835.9375,0.24201917997169886,-12.323004298094066,-136.7396034349907
1836.5478515625,0.24182811152277048,-12.329864311888292,-136.75956455507446
1837.158203125,0.2416372076008919,-12.336723833833306,-136.7795125361178
1837.7685546875,0.24144646805274853,-12.343582863994653,-136.79944739108106
1838.37890625,0.24125589272512862,-12.350441402439687,-136.81936913291102
1838.9892578125,0.24106548146492293,-12.35729944923759,-136.83927777454107
1839.599609375,0.24087523411912437,-12.364157004459388,-136.859173328891
1840.2099609375,0.2406851505348294,-12.371014068177903,-136.87905580886718
1840.8203125,0.24049523055923738,-12.37787064046777,-136.89892522736238
1841.4306640625,0.2403054740396506,-12.384726721405443,-136.91878159725607
1842.041015625,0.24011588082347518,-12.391582311069167,-136.93862493141413
1842.6513671875,0.23992645075822033,-12.398437409538996,-136.958455242689
1843.26171875,0.23973718369149943,-12.405292016896768,-136.97827254391976
1843.8720703125,0.2395480794710292,-12.412146133226118,-136.99807684793197
1844.482421875,0.23935913794463057,-12.41899975861247,-137.01786816753778
1845.0927734375,0.23917035896022873,-12.425852893143022,-137.0376465155359
1845.703125,0.2389817423658531,-12.432705536906743,-137.05741190471173
1846.3134765625,0.23879328800963778,-12.439557689994373,-137.0771643478372
1846.923828125,0.2386049957398209,-12.446409352498442,-137.09690385767084
1847.5341796875,0.23841686540474585,-12.45326052451322,-137.11663044695783
1848.14453125,0.23822889685286083,-12.46011120613474,-137.13634412842998
1848.7548828125,0.238041089932719,-12.466961397460793,-137.15604491480573
1849.365234375,0.2378534444929788,-12.473811098590907,-137.17573281879015
1849.9755859375,0.2376659603824041,-12.480660309626373,-137.19540785307504
1850.5859375,0.23747863744986392,-12.48750903067021,-137.21507003033872
1851.1962890625,0.23729147554433325,-12.49435726182718,-137.23471936324646
1851.806640625,0.23710447451489267,-12.50120500320377,-137.25435586444988
1852.4169921875,0.23691763421072867,-12.508052254908204,-137.27397954658758
1853.02734375,0.23673095448113404,-12.51489901705041,-137.29359042228464
1853.6376953125,0.23654443517550738,-12.521745289742059,-137.31318850415306
1854.248046875,0.2363580761433537,-12.528591073096521,-137.3327738047914
1854.8583984375,0.23617187723428468,-12.535436367228879,-137.35234633678508
1855.46875,0.2359858382980183,-12.542281172255922,-137.3719061127062
1856.0791015625,0.23579995918437968,-12.549125488296136,-137.39145314511356
1856.689453125,0.23561423974330017,-12.555969315469715,-137.41098744655292
1857.2998046875,0.23542867982481872,-12.56281265389853,-137.43050902955656
1857.91015625,0.23524327927908095,-12.569655503706157,-137.45001790664375
1858.5205078125,0.23505803795634,-12.576497865017842,-137.46951409032042
1859.130859375,0.23487295570695618,-12.58333973796052,-137.48899759307938
1859.7412109375,0.23468803238139727,-12.590181122662802,-137.50846842740023
1860.3515625,0.23450326783023914,-12.597022019254954,-137.52792660574934
1860.9619140625,0.23431866190416464,-12.603862427868933,-137.54737214058008
1861.572265625,0.23413421445396507,-12.610702348638345,-137.56680504433243
1862.1826171875,0.23394992533053946,-12.617541781698456,-137.58622532943338
1862.79296875,0.23376579438489492,-12.624380727186193,-137.60563300829676
1863.4033203125,0.2335818214681473,-12.63121918524011,-137.62502809332324
1864.013671875,0.23339800643151967,-12.638057156000453,-137.64441059690037
1864.6240234375,0.23321434912634495,-12.644894639609054,-137.6637805314026
1865.234375,0.2330308494040636,-12.651731636209425,-137.68313790919132
1865.8447265625,0.23284750711622515,-12.658568145946695,-137.70248274261476
1866.455078125,0.23266432211448787,-12.665404168967626,-137.72181504400817
1867.0654296875,0.23248129425061914,-12.672239705420601,-137.74113482569365
1867.67578125,0.23229842337649517,-12.679074755455627,-137.7604420999802
1868.2861328125,0.23211570934410117,-12.685909319224333,-137.77973687916395
1868.896484375,0.23193315200553208,-12.692743396879951,-137.79901917552777
1869.5068359375,0.23175075121299188,-12.699576988577324,-137.8182890013417
1870.1171875,0.23156850681879398,-12.706410094472908,-137.8375463688626
1870.7275390625,0.23138641867536153,-12.713242714724753,-137.85679129033446
1871.337890625,0.23120448663522716,-12.72007484949251,-137.8760237779881
1871.9482421875,0.23102271055103352,-12.72690649893742,-137.8952438440416
1872.55859375,0.23084109027553312,-12.733737663222307,-137.9144515006998
1873.1689453125,0.2306596256615884,-12.740568342511585,-137.93364676015477
1873.779296875,0.23047831656217171,-12.747398536971255,-137.95282963458553
1874.3896484375,0.23029716283036614,-12.754228246768879,-137.97200013615813
1875.0,0.23011616431936446,-12.76105747207361,-137.99115827702573
1875.6103515625,0.22993532088247012,-12.767886213056158,-138.01030406932853
1876.220703125,0.2297546323730971,-12.774714469888801,-138.02943752519397
1876.8310546875,0.22957409864477007,-12.78154224274537,-138.04855865673625
1877.44140625,0.2293937195511242,-12.788369531801262,-138.06766747605704
1878.0517578125,0.2292134949459054,-12.795196337233428,-138.08676399524484
1878.662109375,0.22903342468297064,-12.802022659220357,-138.10584822637546
1879.2724609375,0.22885350861628775,-12.808848497942098,-138.12492018151175
1879.8828125,0.22867374659993583,-12.815673853580222,-138.14397987270374
1880.4931640625,0.22849413848810485,-12.822498726317855,-138.16302731198863
1881.103515625,0.22831468413509595,-12.829323116339651,-138.1820625113907
1881.7138671875,0.22813538339532224,-12.836147023831778,-138.2010854829215
1882.32421875,0.22795623612330754,-12.842970448981955,-138.22009623857977
1882.9345703125,0.2277772421736876,-12.8497933919794,-138.2390947903513
1883.544921875,0.2275984014012094,-12.856615853014874,-138.25808115020928
1884.1552734375,0.22741971366073224,-12.863437832280615,-138.27705533011405
1884.765625,0.22724117880722655,-12.870259329970404,-138.29601734201307
1885.3759765625,0.22706279669577495,-12.877080346279513,-138.31496719784124
1885.986328125,0.2268845671815718,-12.883900881404722,-138.3339049095205
1886.5966796875,0.22670649011992375,-12.890720935544305,-138.35283048896017
1887.20703125,0.22652856536624946,-12.897540508898025,-138.37174394805683
1887.8173828125,0.22635079277607936,-12.90435960166716,-138.39064529869435
1888.427734375,0.22617317220505687,-12.911178214054445,-138.40953455274376
1889.0380859375,0.22599570350893722,-12.917996346264111,-138.4284117220636
1889.6484375,0.2258183865435882,-12.924813998501879,-138.44727681849957
1890.2587890625,0.22564122116499027,-12.931631170974923,-138.46612985388475
1890.869140625,0.22546420722923588,-12.938447863891922,-138.48497084003952
1891.4794921875,0.22528734459253122,-12.945264077462975,-138.50379978877163
1892.08984375,0.2251106331111939,-12.952079811899697,-138.52261671187614
1892.7001953125,0.22493407264165516,-12.958895067415135,-138.54142162113556
1893.310546875,0.22475766304045902,-12.965709844223793,-138.56021452831968
1893.9208984375,0.22458140416426237,-12.972524142541635,-138.5789954451857
1894.53125,0.2244052958698347,-12.979337962586083,-138.5977643834784
1895.1416015625,0.224229338014059,-12.986151304576,-138.61652135492952
1895.751953125,0.22405353045393178,-12.99296416873166,-138.63526637125867
1896.3623046875,0.22387787304656184,-12.999776555274831,-138.65399944417263
1896.97265625,0.22370236564917204,-13.006588464428674,-138.67272058536577
1897.5830078125,0.22352700811909806,-13.013399896417805,-138.6914298065198
1898.193359375,0.22335180031378937,-13.020210851468255,-138.71012711930393
1898.8037109375,0.22317674209080868,-13.027021329807484,-138.72881253537483
1899.4140625,0.22300183330783252,-13.033831331664365,-138.74748606637667
1900.0244140625,0.22282707382265055,-13.040640857269207,-138.76614772394103
1900.634765625,0.2226524634931666,-13.04744990685371,-138.78479751968712
1901.2451171875,0.2224780021773982,-13.05425848065099,-138.80343546522158
1901.85546875,0.22230368973347603,-13.061066578895591,-138.82206157213858
1902.4658203125,0.22212952601964547,-13.067874201823422,-138.84067585201987
1903.076171875,0.22195551089426524,-13.074681349671822,-138.85927831643465
1903.6865234375,0.22178164421580837,-13.081488022679508,-138.8778689769398
1904.296875,0.22160792584286165,-13.0882942210866,-138.89644784507965
1904.9072265625,0.22143435563412595,-13.095099945134601,-138.91501493238616
1905.517578125,0.22126093344841657,-13.101905195066399,-138.93357025037892
1906.1279296875,0.22108765914466277,-13.108709971126263,-138.95211381056498
1906.73828125,0.22091453258190819,-13.115514273559839,-138.9706456244392
1907.3486328125,0.2207415536193104,-13.12231810261416,-138.98916570348385
1907.958984375,0.22056872211614198,-13.129121458537604,-139.00767405916898
1908.5693359375,0.22039603793178927,-13.135924341579946,-139.02617070295221
1909.1796875,0.22022350092575357,-13.142726751992297,-139.04465564627887
1909.7900390625,0.22005111095765018,-13.14952869002716,-139.06312890058186
1910.400390625,0.21987886788720953,-13.15633015593836,-139.08159047728188
1911.0107421875,0.21970677157427626,-13.163131149981101,-139.10004038778715
1911.62109375,0.21953482187880968,-13.169931672411932,-139.11847864349375
1912.2314453125,0.21936301866088398,-13.176731723488741,-139.1369052557853
1912.841796875,0.21919136178068788,-13.18353130347077,-139.15532023603336
1913.4521484375,0.2190198510985253,-13.190330412618586,-139.173723595597
1914.0625,0.21884848647481442,-13.19712905119411,-139.19211534582314
1914.6728515625,0.21867726777008856,-13.203927219460592,-139.21049549804644
1915.283203125,0.2185061948449964,-13.210724917682592,-139.22886406358924
1915.8935546875,0.2183352675603008,-13.217522146126031,-139.24722105376176
1916.50390625,0.21816448577688033,-13.224318905058116,-139.26556647986197
1917.1142578125,0.2179938493557279,-13.231115194747414,-139.28390035317562
1917.724609375,0.2178233581579525,-13.237911015463762,-139.30222268497621
1918.3349609375,0.21765301204477716,-13.24470636747835,-139.32053348652516
1918.9453125,0.21748281087754076,-13.251501251063665,-139.33883276907167
1919.5556640625,0.2173127545176973,-13.258295666493487,-139.35712054385274
1920.166015625,0.21714284282681592,-13.265089614042914,-139.37539682209325
1920.7763671875,0.2169730756665812,-13.271883093988334,-139.39366161500595
1921.38671875,0.21680345289879263,-13.278676106607447,-139.41191493379145
1921.9970703125,0.21663397438536564,-13.28546865217923,-139.43015678963815
1922.607421875,0.21646463998833054,-13.292260730983955,-139.44838719372254
1923.2177734375,0.21629544956983351,-13.299052343303181,-139.46660615720882
1923.828125,0.21612640299213592,-13.305843489419754,-139.48481369124923
1924.4384765625,0.2159575001176145,-13.312634169617796,-139.5030098069839
1925.048828125,0.21578874080876206,-13.3194243841827,-139.52119451554077
1925.6591796875,0.21562012492818627,-13.326214133401146,-139.53936782803592
1926.26953125,0.21545165233861094,-13.333003417561073,-139.55752975557328
1926.8798828125,0.21528332290287502,-13.339792236951702,-139.5756803092448
1927.490234375,0.21511513648393377,-13.346580591863493,-139.59381950013034
1928.1005859375,0.21494709294485734,-13.353368482588193,-139.61194733929779
1928.7109375,0.21477919214883212,-13.360155909418792,-139.63006383780305
1929.3212890625,0.21461143395916013,-13.366942872649535,-139.64816900669
1929.931640625,0.2144438182392591,-13.37372937257592,-139.66626285699058
1930.5419921875,0.21427634485266248,-13.380515409494695,-139.6843453997247
1931.15234375,0.21410901366301974,-13.387300983703849,-139.70241664590046
1931.7626953125,0.2139418245340958,-13.394086095502626,-139.72047660651378
1932.373046875,0.21377477732977188,-13.400870745191487,-139.73852529254896
1932.9833984375,0.21360787191404482,-13.407654933072141,-139.756562714978
1933.59375,0.21344110815102757,-13.414438659447525,-139.77458888476133
1934.2041015625,0.21327448590494857,-13.42122192462182,-139.7926038128473
1934.814453125,0.21310800504015295,-13.428004728900403,-139.81060751017233
1935.4248046875,0.212941665421101,-13.434787072589904,-139.8285999876612
1936.03515625,0.21277546691236962,-13.441568955998155,-139.8465812562265
1936.6455078125,0.21260940937865125,-13.44835037943422,-139.86455132676926
1937.255859375,0.21244349268475482,-13.455131343208354,-139.88251021017842
1937.8662109375,0.2122777166956051,-13.461911847632038,-139.9004579173313
1938.4765625,0.21211208127624268,-13.468691893017965,-139.91839445909326
1939.0869140625,0.2119465862918246,-13.475471479680024,-139.93631984631784
1939.697265625,0.2117812316076239,-13.482250607933304,-139.95423408984692
1940.3076171875,0.2116160170890297,-13.489029278094096,-139.9721372005104
1940.91796875,0.21145094260154715,-13.495807490479887,-139.99002918912655
1941.5283203125,0.2112860080107977,-13.50258524540936,-140.00791006650175
1942.138671875,0.2111212131825189,-13.509362543202379,-140.02577984343077
1942.7490234375,0.2109565579825646,-13.516139384179995,-140.04363853069654
1943.359375,0.21079204227690448,-13.522915768664454,-140.0614861390702
1943.9697265625,0.210627665931625,-13.529691696979162,-140.0793226793114
1944.580078125,0.21046342881292834,-13.53646716944872,-140.09714816216774
1945.1904296875,0.21029933078713295,-13.543242186398905,-140.11496259837537
1945.80078125,0.2101353717206737,-13.55001674815665,-140.13276599865867
1946.4111328125,0.2099715514801017,-13.556790855050068,-140.1505583737304
1947.021484375,0.20980786993208417,-13.56356450740843,-140.16833973429155
1947.6318359375,0.20964432694340474,-13.570337705562176,-140.18611009103148
1948.2421875,0.20948092238096314,-13.577110449842905,-140.20386945462795
1948.8525390625,0.2093176561117755,-13.583882740583373,-140.22161783574705
1949.462890625,0.20915452800297432,-13.590654578117478,-140.2393552450433
1950.0732421875,0.20899153792180816,-13.597425962780287,-140.25708169315953
1950.68359375,0.2088286857356419,-13.604196894908014,-140.27479719072707
1951.2939453125,0.20866597131195702,-13.610967374837998,-140.2925017483655
1951.904296875,0.20850339451835107,-13.617737402908736,-140.31019537668297
1952.5146484375,0.20834095522253787,-13.624506979459863,-140.32787808627603
1953.125,0.20817865329234764,-13.631276104832153,-140.34554988772965
1953.7353515625,0.20801648859572702,-13.638044779367505,-140.36321079161718
1954.345703125,0.20785446100073895,-13.644813003408945,-140.38086080850061
1954.9560546875,0.20769257037556238,-13.651580777300648,-140.39849994893024
1955.56640625,0.20753081658849282,-13.658348101387901,-140.416128223445
1956.1767578125,0.2073691995079423,-13.665114976017104,-140.43374564257223
1956.787109375,0.2072077190024389,-13.671881401535792,-140.45135221682776
1957.3974609375,0.2070463749406271,-13.678647378292608,-140.468947956716
1958.0078125,0.2068851671912677,-13.68541290663731,-140.48653287272987
1958.6181640625,0.20672409562323796,-13.692177986920768,-140.50410697535082
1959.228515625,0.2065631601055313,-13.698942619494957,-140.52167027504896
1959.8388671875,0.20640236050725744,-13.705706804712968,-140.53922278228274
1960.44921875,0.20624169669764245,-13.712470542928983,-140.55676450749945
1961.0595703125,0.2060811685460288,-13.71923383449829,-140.57429546113477
1961.669921875,0.2059207759218754,-13.725996679777259,-140.59181565361303
1962.2802734375,0.20576051869475714,-13.73275907912338,-140.60932509534726
1962.890625,0.2056003967343653,-13.739521032895219,-140.62682379673902
1963.5009765625,0.20544040991050772,-13.746282541452427,-140.6443117681785
1964.111328125,0.2052805580931083,-13.753043605155748,-140.66178902004464
1964.7216796875,0.20512084115220708,-13.759804224367013,-140.67925556270484
1965.33203125,0.20496125895796066,-13.766564399449132,-140.69671140651536
1965.9423828125,0.204801811380642,-13.773324130766076,-140.71415656182106
1966.552734375,0.20464249829063993,-13.780083418682914,-140.73159103895543
1967.1630859375,0.20448331955846,-13.786842263565768,-140.74901484824076
1967.7734375,0.20432427505472328,-13.79360066578186,-140.76642799998805
1968.3837890625,0.20416536465016807,-13.800358625699436,-140.78383050449688
1968.994140625,0.20400658821564802,-13.807116143687846,-140.80122237205575
1969.6044921875,0.20384794562213365,-13.81387322011747,-140.81860361294176
1970.21484375,0.20368943674071105,-13.820629855359778,-140.8359742374209
1970.8251953125,0.20353106144258312,-13.827386049787266,-140.85333425574777
1971.435546875,0.20337281959906867,-13.834141803773504,-140.87068367816588
1972.0458984375,0.2032147110816026,-13.840897117693103,-140.88802251490745
1972.65625,0.20305673576173605,-13.84765199192173,-140.9053507761935
1973.2666015625,0.2028988935111363,-13.854406426836094,-140.92266847223394
1973.876953125,0.20274118420158693,-13.86116042281394,-140.93997561322743
1974.4873046875,0.2025836077049873,-13.867913980234071,-140.95727220936146
1975.09765625,0.20242616389335302,-13.874667099476316,-140.97455827081245
1975.7080078125,0.20226885263881617,-13.881419780921526,-140.99183380774556
1976.318359375,0.2021116738136241,-13.888172024951622,-141.0090988303149
1976.9287109375,0.20195462729014113,-13.894923831949509,-141.0263533486634
1977.5390625,0.20179771294084672,-13.901675202299167,-141.04359737292296
1978.1494140625,0.20164093063833716,-13.90842613638556,-141.06083091321426
1978.759765625,0.20148428025532428,-13.915176634594692,-141.07805397964702
1979.3701171875,0.20132776166463587,-13.9219266973136,-141.09526658231974
1979.98046875,0.20117137473921604,-13.928676324930313,-141.11246873132004
1980.5908203125,0.2010151193521245,-13.93542551783389,-141.12966043672432
1981.201171875,0.20085899537653717,-13.942174276414397,-141.14684170859798
1981.8115234375,0.20070300268574567,-13.94892260106291,-141.16401255699546
1982.421875,0.20054714115315755,-13.95567049217152,-141.18117299196007
1983.0322265625,0.20039141065229632,-13.962417950133313,-141.19832302352424
1983.642578125,0.20023581105680147,-13.969164975342371,-141.2154626617092
1984.2529296875,0.2000803422404279,-13.975911568193801,-141.23259191652542
1984.86328125,0.19992500407704655,-13.982657729083686,-141.24971079797226
1985.4736328125,0.19976979644064446,-13.9894034584091,-141.26681931603812
1986.083984375,0.19961471920532395,-13.996148756568125,-141.28391748070044
1986.6943359375,0.19945977224530334,-14.002893623959823,-141.3010053019258
1987.3046875,0.1993049554349165,-14.009638060984251,-141.31808278966977
1987.9150390625,0.19915026864861332,-14.016382068042434,-141.33514995387702
1988.525390625,0.198995711760959,-14.0231256455364,-141.35220680448128
1989.1357421875,0.19884128464663448,-14.029868793869147,-141.3692533514055
1989.74609375,0.19868698718043645,-14.036611513444651,-141.38628960456148
1990.3564453125,0.19853281923727714,-14.043353804667857,-141.40331557385045
1990.966796875,0.1983787806921844,-14.050095667944689,-141.42033126916257
1991.5771484375,0.1982248714203013,-14.05683710368205,-141.43733670037727
1992.1875,0.198071091296887,-14.063578112287786,-141.45433187736302
1992.7978515625,0.1979174401973156,-14.070318694170735,-141.47131680997754
1993.408203125,0.19776391799707688,-14.077058849740691,-141.48829150806773
1994.0185546875,0.19761052457177622,-14.083798579408388,-141.50525598146962
1994.62890625,0.19745725979713424,-14.09053788358554,-141.52221024000846
1995.2392578125,0.197304123548987,-14.09727676268481,-141.53915429349874
1995.849609375,0.19715111570328564,-14.104015217119816,-141.55608815174415
1996.4599609375,0.196998236136097,-14.11075324730513,-141.57301182453764
1997.0703125,0.19684548472360303,-14.11749085365626,-141.58992532166138
1997.6806640625,0.19669286134210104,-14.124228036589667,-141.6068286528868
1998.291015625,0.19654036586800333,-14.130964796522768,-141.62372182797463
1998.9013671875,0.1963879981778376,-14.137701133873906,-141.64060485667474
1999.51171875,0.19623575814824679,-14.144437049062365,-141.65747774872656
2000.1220703125,0.19608364565598868,-14.151172542508373,-141.6743405138585
2000.732421875,0.1959316605779366,-14.157907614633078,-141.69119316178856
2001.3427734375,0.19577980279107843,-14.164642265858582,-141.70803570222387
2001.953125,0.19562807217251743,-14.171376496607902,-141.72486814486098
2002.5634765625,0.1954764685994717,-14.178110307304987,-141.74169049938578
2003.173828125,0.19532499194927452,-14.184843698374706,-141.7585027754735
2003.7841796875,0.1951736420993739,-14.19157667024286,-141.77530498278875
2004.39453125,0.1950224189273329,-14.19830922333616,-141.7920971309855
2005.0048828125,0.19487132231082938,-14.205041358082243,-141.8088792297071
2005.615234375,0.19472035212765576,-14.211773074909669,-141.82565128858636
2006.2255859375,0.19456950825571984,-14.218504374247889,-141.84241331724542
2006.8359375,0.19441879057304368,-14.225235256527293,-141.85916532529592
2007.4462890625,0.1942681989577642,-14.231965722179165,-141.87590732233883
2008.056640625,0.19411773328813337,-14.238695771635685,-141.8926393179647
2008.6669921875,0.1939673934425172,-14.245425405329968,-141.90936132175344
2009.27734375,0.1938171792993967,-14.252154623696008,-141.92607334327442
2009.8876953125,0.19366709073736738,-14.258883427168705,-141.9427753920866
2010.498046875,0.19351712763513934,-14.265611816183858,-141.9594674777382
2011.1083984375,0.19336728987153695,-14.27233979117817,-141.97614960976722
2011.71875,0.19321757732549943,-14.27906735258922,-141.9928217977009
2012.3291015625,0.19306798987608,-14.285794500855499,-142.00948405105635
2012.939453125,0.19291852740244672,-14.292521236416363,-142.02613637933982
2013.5498046875,0.19276918978388152,-14.299247559712082,-142.04277879204727
2014.16015625,0.19261997689978105,-14.305973471183792,-142.05941129866434
2014.7705078125,0.192470888629656,-14.312698971273516,-142.07603390866603
2015.380859375,0.1923219248531311,-14.319424060424172,-142.09264663151706
2015.9912109375,0.19217308544994577,-14.32614873907953,-142.1092494766716
2016.6015625,0.19202437029995323,-14.332873007684254,-142.12584245357363
2017.2119140625,0.19187577928312072,-14.339596866683884,-142.1424255716565
2017.822265625,0.19172731227952997,-14.346320316524814,-142.15899884034334
2018.4326171875,0.19157896916937606,-14.353043357654336,-142.17556226904688
2019.04296875,0.19143074983296873,-14.35976599052058,-142.19211586716943
2019.6533203125,0.19128265415073115,-14.366488215572568,-142.20865964410302
2020.263671875,0.19113468200320083,-14.373210033260158,-142.22519360922928
2020.8740234375,0.19098683327102844,-14.379931444034103,-142.2417177719196
2021.484375,0.19083910783497926,-14.38665244834598,-142.25823214153507
2022.0947265625,0.19069150557593195,-14.39337304664824,-142.27473672742627
2022.705078125,0.19054402637487872,-14.400093239394193,-142.29123153893372
2023.3154296875,0.19039667011292555,-14.406813027038005,-142.3077165853876
2023.92578125,0.19024943667129227,-14.413532410034673,-142.3241918761078
2024.5361328125,0.1901023259313121,-14.42025138884006,-142.34065742040386
2025.146484375,0.1899553377744317,-14.426969963910869,-142.3571132275752
2025.7568359375,0.1898084720822115,-14.433688135704648,-142.373559306911
2026.3671875,0.189661728736325,-14.440405904679794,-142.38999566769013
2026.9775390625,0.18951510761855944,-14.447123271295531,-142.4064223191813
2027.587890625,0.18936860861081525,-14.453840236011935,-142.42283927064298
2028.1982421875,0.1892222315951061,-14.46055679928991,-142.4392465313235
2028.80859375,0.1890759764535591,-14.467272961591195,-142.45564411046098
2029.4189453125,0.18892984306841443,-14.473988723378366,-142.4720320172833
2030.029296875,0.18878383132202534,-14.480704085114827,-142.48841026100828
2030.6396484375,0.18863794109685825,-14.487419047264812,-142.5047788508436
2031.25,0.18849217227549292,-14.49413361029337,-142.52113779598668
2031.8603515625,0.18834652474062186,-14.500847774666381,-142.5374871056249
2032.470703125,0.18820099837505036,-14.507561540850563,-142.55382678893554
2033.0810546875,0.18805559306169692,-14.514274909313436,-142.57015685508566
2033.69140625,0.18791030868359293,-14.520987880523332,-142.58647731323236
2034.3017578125,0.18776514512388254,-14.527700454949413,-142.60278817252268
2034.912109375,0.1876201022658223,-14.534412633061661,-142.61908944209333
2035.5224609375,0.18747517999278188,-14.541124415330858,-142.63538113107123
2036.1328125,0.18733037818824383,-14.547835802228583,-142.6516632485731
2036.7431640625,0.18718569673580265,-14.554546794227257,-142.66793580370572
2037.353515625,0.18704113551916599,-14.561257391800078,-142.68419880556576
2037.9638671875,0.18689669442215334,-14.567967595421077,-142.70045226323987
2038.57421875,0.1867523733286976,-14.574677405565046,-142.71669618580472
2039.1845703125,0.18660817212284317,-14.581386822707618,-142.73293058232701
2039.794921875,0.18646409068874728,-14.588095847325208,-142.74915546186338
2040.4052734375,0.18632012891067945,-14.594804479895018,-142.76537083346054
2041.015625,0.1861762866730212,-14.601512720895064,-142.78157670615525
2041.6259765625,0.1860325638602666,-14.608220570804134,-142.79777308897425
2042.236328125,0.18588896035702146,-14.614928030101826,-142.8139599909344
2042.8466796875,0.18574547604800395,-14.621635099268515,-142.83013742104256
2043.45703125,0.18560211081804423,-14.62834177878537,-142.8463053882958
2044.0673828125,0.18545886455208432,-14.635048069134339,-142.86246390168108
2044.677734375,0.18531573713517818,-14.64175397079816,-142.8786129701756
2045.2880859375,0.185172728452492,-14.648459484260334,-142.8947526027467
2045.8984375,0.1850298383893033,-14.65516461000517,-142.9108828083517
2046.5087890625,0.18488706683100153,-14.661869348517733,-142.9270035959381
2047.119140625,0.18474441366308791,-14.668573700283872,-142.9431149744436
2047.7294921875,0.18460187877117526,-14.67527766579021,-142.95921695279608
2048.33984375,0.18445946204098806,-14.681981245524131,-142.9753095399134
2048.9501953125,0.18431716335836212,-14.688684439973814,-142.99139274470383
2049.560546875,0.184174982609245,-14.695387249628178,-143.0074665760656
2050.1708984375,0.18403291967969557,-14.702089674976921,-143.02353104288738
2050.78125,0.183890974455884,-14.708791716510508,-143.03958615404778
2051.3916015625,0.18374914682409185,-14.715493374720161,-143.0556319184158
2052.001953125,0.18360743667071183,-14.722194650097872,-143.07166834485062
2052.6123046875,0.18346584388224801,-14.728895543136382,-143.08769544220172
2053.22265625,0.18332436834531557,-14.735596054329188,-143.10371321930867
2053.8330078125,0.18318300994664052,-14.742296184170556,-143.11972168500148
2054.443359375,0.1830417685730602,-14.748995933155488,-143.13572084810028
2055.0537109375,0.18290064411152288,-14.755695301779749,-143.15171071741563
2055.6640625,0.1827596364490875,-14.762394290539852,-143.16769130174822
2056.2744140625,0.18261874547292406,-14.769092899933058,-143.18366260988918
2056.884765625,0.18247797107031327,-14.775791130457371,-143.1996246506199
2057.4951171875,0.18233731312864654,-14.78248898261155,-143.21557743271205
2058.10546875,0.1821967715354261,-14.789186456895075,-143.2315209649277
2058.7158203125,0.18205634617826452,-14.795883553808196,-143.2474552560192
2059.326171875,0.18191603694488515,-14.802580273851877,-143.26338031472935
2059.9365234375,0.18177584372312172,-14.809276617527836,-143.2792961497912
2060.546875,0.18163576640091844,-14.815972585338518,-143.29520276992827
2061.1572265625,0.1814958048663299,-14.8226681777871,-143.31110018385442
2061.767578125,0.18135595900752072,-14.829363395377511,-143.32698840027393
2062.3779296875,0.18121622871276633,-14.836058238614376,-143.34286742788146
2062.98828125,0.18107661387045174,-14.842752708003083,-143.35873727536213
2063.5986328125,0.18093711436907256,-14.84944680404972,-143.37459795139142
2064.208984375,0.18079773009723407,-14.856140527261124,-143.39044946463534
2064.8193359375,0.1806584609436519,-14.862833878144832,-143.4062918237503
2065.4296875,0.18051930679715136,-14.86952685720912,-143.42212503738313
2066.0400390625,0.1803802675466677,-14.876219464962986,-143.43794911417123
2066.650390625,0.18024134308124598,-14.88291170191613,-143.4537640627424
2067.2607421875,0.180102533290041,-14.889603568578988,-143.469569891715
2067.87109375,0.1799638380623175,-14.896295065462686,-143.4853666096978
2068.4814453125,0.17982525728744947,-14.902986193079084,-143.50115422529015
2069.091796875,0.17968679085492037,-14.909676951940764,-143.51693274708197
2069.7021484375,0.17954843865432388,-14.916367342560976,-143.53270218365358
2070.3125,0.17941020057536217,-14.923057365453726,-143.548462543576
2070.9228515625,0.17927207650784757,-14.92974702113369,-143.56421383541064
2071.533203125,0.17913406634170112,-14.936436310116276,-143.57995606770965
2072.1435546875,0.17899616996695353,-14.943125232917575,-143.5956892490156
2072.75390625,0.17885838727374448,-14.949813790054389,-143.61141338786177
2073.3642578125,0.17872071815232268,-14.956501982044227,-143.62712849277196
2073.974609375,0.17858316249304607,-14.963189809405279,-143.64283457226065
2074.5849609375,0.17844572018638158,-14.96987727265644,-143.65853163483285
2075.1953125,0.17830839112290492,-14.976564372317307,-143.6742196889842
2075.8056640625,0.17817117519330067,-14.983251108908162,-143.6898987432011
2076.416015625,0.17803407228836218,-14.989937482949983,-143.70556880596052
2077.0263671875,0.17789708229899173,-14.996623494964433,-143.72122988573003
2077.63671875,0.17776020511619997,-15.003309145473873,-143.73688199096796
2078.2470703125,0.1776234406311063,-15.009994435001339,-143.75252513012333
2078.857421875,0.17748678873493856,-15.016679364070564,-143.76815931163574
2079.4677734375,0.1773502493190333,-15.023363933205946,-143.7837845439356
2080.078125,0.17721382227483495,-15.030048142932595,-143.79940083544406
2080.6884765625,0.17707750749389678,-15.036731993776273,-143.81500819457284
2081.298828125,0.1769413048678799,-15.043415486263443,-143.83060662972454
2081.9091796875,0.17680521428855392,-15.050098620921226,-143.84619614929247
2082.51953125,0.1766692356477965,-15.05678139827743,-143.86177676166056
2083.1298828125,0.17653336883759319,-15.063463818860539,-143.87734847520377
2083.740234375,0.17639761375003765,-15.070145883199704,-143.89291129828754
2084.3505859375,0.1762619702773315,-15.076827591824744,-143.90846523926837
2084.9609375,0.17612643831178415,-15.08350894526616,-143.9240103064933
2085.5712890625,0.17599101774581283,-15.090189944055105,-143.93954650830037
2086.181640625,0.17585570847194226,-15.09687058872342,-143.95507385301832
2086.7919921875,0.17572051038280523,-15.103550879803581,-143.9705923489668
2087.40234375,0.17558542337114166,-15.110230817828763,-143.98610200445623
2088.0126953125,0.17545044732979942,-15.116910403332763,-144.00160282778788
2088.623046875,0.1753155821517333,-15.123589636850081,-144.01709482725397
2089.2333984375,0.1751808277300061,-15.13026851891583,-144.03257801113745
2089.84375,0.17504618395778726,-15.136947050065821,-144.04805238771226
2090.4541015625,0.17491165072835382,-15.143625230836504,-144.06351796524316
2091.064453125,0.17477722793509,-15.150303061764976,-144.0789747519858
2091.6748046875,0.17464291547148705,-15.156980543388991,-144.09442275618684
2092.28515625,0.17450871323114317,-15.163657676246963,-144.10986198608376
2092.8955078125,0.17437462110776342,-15.170334460877955,-144.12529244990495
2093.505859375,0.17424063899516,-15.177010897821665,-144.14071415586986
2094.1162109375,0.17410676678725193,-15.183686987618444,-144.15612711218876
2094.7265625,0.17397300437806473,-15.190362730809287,-144.17153132706298
2095.3369140625,0.1738393516617307,-15.197038127935844,-144.18692680868475
2095.947265625,0.17370580853248851,-15.203713179540408,-144.2023135652373
2096.5576171875,0.17357237488468416,-15.210387886165872,-144.21769160489487
2097.16796875,0.17343905061276907,-15.217062248355829,-144.23306093582266
2097.7783203125,0.17330583561130164,-15.223736266654468,-144.24842156617694
2098.388671875,0.17317272977494655,-15.230409941606627,-144.263773504105
2098.9990234375,0.1730397329984746,-15.237083273757776,-144.27911675774502
2099.609375,0.17290684517676266,-15.243756263654035,-144.29445133522643
2100.2197265625,0.17277406620479405,-15.250428911842132,-144.30977724466953
2100.830078125,0.17264139597765776,-15.257101218869433,-144.32509449418586
2101.4404296875,0.172508834390549,-15.263773185283942,-144.3404030918779
2102.05078125,0.17237638133876867,-15.270444811634285,-144.35570304583922
2102.6611328125,0.17224403671772356,-15.277116098469712,-144.37099436415448
2103.271484375,0.1721118004229263,-15.283787046340098,-144.38627705489952
2103.8818359375,0.17197967234999492,-15.290457655795953,-144.4015511261413
2104.4921875,0.17184765239465344,-15.297127927388384,-144.4168165859377
2105.1025390625,0.17171574045273097,-15.30379786166915,-144.432073442338
2105.712890625,0.17158393642016237,-15.310467459190606,-144.44732170338247
2106.3232421875,0.1714522401929879,-15.31713672050573,-144.46256137710247
2106.93359375,0.17132065166735277,-15.323805646168122,-144.47779247152076
2107.5439453125,0.1711891707395079,-15.330474236731993,-144.49301499465102
2108.154296875,0.1710577973058089,-15.337142492752172,-144.50822895449826
2108.7646484375,0.17092653126271687,-15.34381041478409,-144.52343435905865
2109.375,0.17079537250679763,-15.3504780033838,-144.53863121631954
2109.9853515625,0.17066432093472209,-15.357145259107961,-144.55381953425956
2110.595703125,0.17053337644326597,-15.363812182513836,-144.5689993208484
2111.2060546875,0.17040253892930976,-15.370478774159302,-144.58417058404714
2111.81640625,0.17027180828983882,-15.377145034602828,-144.5993333318081
2112.4267578125,0.17014118442194268,-15.383810964403516,-144.6144875720748
2113.037109375,0.17001066722281621,-15.390476564121027,-144.629633312782
2113.6474609375,0.16988025658975808,-15.397141834315661,-144.64477056185578
2114.2578125,0.16974995242017166,-15.403806775548306,-144.65989932721345
2114.8681640625,0.1696197546115646,-15.410471388380447,-144.67501961676373
2115.478515625,0.16948966306154892,-15.41713567337416,-144.6901314384065
2116.0888671875,0.16935967766784077,-15.423799631092127,-144.70523480003303
2116.69921875,0.1692297983282603,-15.430463262097625,-144.72032970952588
2117.3095703125,0.1691000249407319,-15.437126566954515,-144.735416174759
2117.919921875,0.16897035740328378,-15.443789546227261,-144.7504942035976
2118.5302734375,0.1688407956140482,-15.450452200480907,-144.76556380389832
2119.140625,0.168711339471261,-15.457114530281096,-144.7806249835091
2119.7509765625,0.16858198887326184,-15.463776536194057,-144.79567775026933
2120.361328125,0.16845274371849436,-15.470438218786594,-144.81072211200964
2120.9716796875,0.16832360390550527,-15.477099578626117,-144.82575807655223
2121.58203125,0.1681945693329452,-15.483760616280602,-144.84078565171055
2122.1923828125,0.16806563989956796,-15.490421332318618,-144.8558048452896
2122.802734375,0.1679368155042309,-15.497081727309311,-144.87081566508567
2123.4130859375,0.16780809604589447,-15.503741801822418,-144.88581811888656
2124.0234375,0.16767948142362255,-15.510401556428233,-144.90081221447147
2124.6337890625,0.167550971536582,-15.517060991697651,-144.9157979596111
2125.244140625,0.1674225662840427,-15.52372010820213,-144.93077536206758
2125.8544921875,0.1672942655653778,-15.530378906513702,-144.94574442959447
2126.46484375,0.16716606928006283,-15.53703738720499,-144.96070516993692
2127.0751953125,0.16703797732767664,-15.543695550849169,-144.97565759083145
2127.685546875,0.16690998960790052,-15.550353398019999,-144.99060170000618
2128.2958984375,0.16678210602051877,-15.557010929291796,-145.00553750518068
2128.90625,0.16665432646541778,-15.563668145239465,-145.02046501406602
2129.5166015625,0.1665266508425868,-15.570325046438464,-145.03538423436487
2130.126953125,0.1663990790521177,-15.576981633464817,-145.0502951737714
2130.7373046875,0.1662716109942042,-15.583637906895124,-145.0651978399713
2131.34765625,0.16614424656914276,-15.590293867306537,-145.08009224064185
2131.9580078125,0.16601698567733159,-15.59694951527679,-145.09497838345197
2132.568359375,0.16588982821927165,-15.603604851384148,-145.10985627606206
2133.1787109375,0.16576277409556534,-15.610259876207465,-145.12472592612406
2133.7890625,0.16563582320691747,-15.616914590326134,-145.13958734128164
2134.3994140625,0.1655089754541344,-15.623568994320127,-145.15444052917002
2135.009765625,0.16538223073812466,-15.63022308876995,-145.16928549741604
2135.6201171875,0.16525558895989828,-15.636876874256675,-145.18412225363815
2136.23046875,0.16512905002056702,-15.643530351361933,-145.1989508054465
2136.8408203125,0.16500261382134415,-15.650183520667904,-145.21377116044275
2137.451171875,0.16487628026354462,-15.656836382757318,-145.22858332622036
2138.0615234375,0.1647500492485846,-15.663488938213455,-145.24338731036437
2138.671875,0.16462392067798187,-15.670141187620146,-145.25818312045155
2139.2822265625,0.1644978944533551,-15.67679313156178,-145.2729707640503
2139.892578125,0.1643719704764246,-15.683444770623272,-145.28775024872076
2140.5029296875,0.16424614864901146,-15.690096105390104,-145.30252158201478
2141.11328125,0.1641204288730379,-15.696747136448291,-145.31728477147578
2141.7236328125,0.1639948110505271,-15.7033978643844,-145.33203982463917
2142.333984375,0.1638692950836033,-15.71004828978552,-145.34678674903188
2142.9443359375,0.16374388087449102,-15.716698413239321,-145.36152555217265
2143.5546875,0.1636185683255162,-15.723348235333969,-145.37625624157195
2144.1650390625,0.1634933573391048,-15.7299977566582,-145.39097882473206
2144.775390625,0.16336824781778372,-15.736646977801279,-145.40569330914704
2145.3857421875,0.1632432396641803,-15.743295899352992,-145.42039970230255
2145.99609375,0.16311833278102203,-15.749944521903691,-145.43509801167633
2146.6064453125,0.162993527071137,-15.756592846044239,-145.44978824473768
2147.216796875,0.16286882243745335,-15.763240872366044,-145.46447040894788
2147.8271484375,0.16274421878299955,-15.769888601461039,-145.4791445117599
2148.4375,0.1626197160109041,-15.776536033921689,-145.49381056061856
2149.0478515625,0.1624953140243955,-15.78318317034099,-145.5084685629606
2149.658203125,0.1623710127268021,-15.789830011312473,-145.52311852621452
2150.2685546875,0.16224681202155206,-15.796476557430195,-145.53776045780072
2150.87890625,0.16212271181217353,-15.80312280928873,-145.55239436513148
2151.4892578125,0.16199871200229407,-15.809768767483192,-145.56702025561088
2152.099609375,0.1618748124956411,-15.816414432609205,-145.58163813663498
2152.7099609375,0.16175101319604146,-15.823059805262922,-145.5962480155917
2153.3203125,0.16162731400742128,-15.829704886041029,-145.6108498998608
2153.9306640625,0.16150371483380627,-15.836349675540717,-145.62544379681404
2154.541015625,0.16138021557932136,-15.842994174359706,-145.64002971381507
2155.1513671875,0.1612568161481907,-15.849638383096229,-145.65460765821948
2155.76171875,0.1611335164447374,-15.856282302349054,-145.66917763737482
2156.3720703125,0.1610103163733839,-15.862925932717435,-145.68373965862048
2156.982421875,0.16088721583865132,-15.869569274801174,-145.69829372928797
2157.5927734375,0.1607642147451599,-15.876212329200568,-145.7128398567007
2158.203125,0.1606413129976284,-15.882855096516435,-145.72737804817402
2158.8134765625,0.1605185105008746,-15.889497577350104,-145.74190831101532
2159.423828125,0.16039580715981483,-15.89613977230341,-145.75643065252393
2160.0341796875,0.16027320287946378,-15.902781681978714,-145.77094507999135
2160.64453125,0.16015069756493483,-15.909423306978876,-145.78545160070084
2161.2548828125,0.16002829112143968,-15.916064647907259,-145.79995022192787
2161.865234375,0.15990598345428847,-15.92270570536774,-145.81444095093994
2162.4755859375,0.15978377446888942,-15.929346479964702,-145.8289237949965
2163.0859375,0.1596616640707487,-15.935986972303047,-145.8433987613492
2163.6962890625,0.15953965216547122,-15.942627182988145,-145.85786585724148
2164.306640625,0.15941773865875924,-15.949267112625904,-145.8723250899092
2164.9169921875,0.1592959234564132,-15.955906761822721,-145.88677646658002
2165.52734375,0.15917420646433114,-15.962546131185501,-145.90121999447393
2166.1376953125,0.1590525875885093,-15.969185221321636,-145.91565568080273
2166.748046875,0.15893106673504118,-15.975824032839025,-145.93008353277065
2167.3583984375,0.15880964381011806,-15.982462566346067,-145.94450355757382
2167.96875,0.15868831872002856,-15.989100822451658,-145.95891576240052
2168.5791015625,0.15856709137115882,-15.995738801765192,-145.9733201544313
2169.189453125,0.15844596166999256,-16.002376504896535,-145.98771674083864
2169.7998046875,0.15832492952311022,-16.009013932456092,-146.0021055287874
2170.41015625,0.15820399483718983,-16.015651085054724,-146.01648652543452
2171.0205078125,0.15808315751900648,-16.022287963303793,-146.030859737929
2171.630859375,0.15796241747543205,-16.028924567815167,-146.04522517341223
2172.2412109375,0.15784177461343563,-16.03556089920118,-146.0595828390176
2172.8515625,0.15772122884008294,-16.04219695807467,-146.07393274187086
2173.4619140625,0.15760078006253667,-16.048832745048966,-146.08827488908986
2174.072265625,0.1574804281880559,-16.05546826073788,-146.1026092877847
2174.6826171875,0.1573601731239967,-16.062103505755697,-146.11693594505772
2175.29296875,0.15724001477781116,-16.068738480717226,-146.13125486800348
2175.9033203125,0.15711995305704846,-16.075373186237705,-146.14556606370888
2176.513671875,0.15699998786935365,-16.082007622932903,-146.1598695392529
2177.1240234375,0.1568801191224681,-16.088641791419047,-146.17416530170692
2177.734375,0.15676034672422945,-16.095275692312857,-146.18845335813458
2178.3447265625,0.1566406705825716,-16.101909326231524,-146.20273371559176
2178.955078125,0.15652109060552435,-16.10854269379272,-146.21700638112668
2179.5654296875,0.15640160670121334,-16.115175795614608,-146.23127136177982
2180.17578125,0.15628221877786003,-16.121808632315823,-146.245528664584
2180.7861328125,0.15616292674378227,-16.128441204515447,-146.25977829656432
2181.396484375,0.15604373050739273,-16.135073512833095,-146.2740202647382
2182.0068359375,0.15592462997720025,-16.14170555788881,-146.28825457611555
2182.6171875,0.15580562506180903,-16.148337340303133,-146.30248123769846
2183.2275390625,0.15568671566991887,-16.15496886069706,-146.31670025648134
2183.837890625,0.15556790171032475,-16.161600119692082,-146.3309116394512
2184.4482421875,0.15544918309191702,-16.168231117910143,-146.34511539358718
2185.05859375,0.15533055972368132,-16.17486185597366,-146.3593115258609
2185.6689453125,0.15521203151469817,-16.181492334505528,-146.37350004323645
2186.279296875,0.15509359837414355,-16.1881225541291,-146.38768095267017
2186.8896484375,0.15497526021128785,-16.19475251546821,-146.40185426111086
2187.5,0.15485701693549678,-16.201382219147145,-146.41601997549986
2188.1103515625,0.1547388684562307,-16.208011665790664,-146.4301781027708
2188.720703125,0.15462081468304464,-16.214640856023987,-146.44432864984972
2189.3310546875,0.1545028555255882,-16.22126979047281,-146.45847162365524
2189.94140625,0.15438499089360563,-16.227898469763282,-146.4726070310984
2190.5517578125,0.1542672206969358,-16.234526894522006,-146.48673487908258
2191.162109375,0.15414954484551155,-16.241155065376066,-146.50085517450378
2191.7724609375,0.1540319632493604,-16.24778298295299,-146.51496792425036
2192.3828125,0.15391447581860365,-16.25441064788079,-146.52907313520336
2192.9931640625,0.1537970824634574,-16.261038060787893,-146.54317081423608
2193.603515625,0.15367978309423116,-16.26766522230323,-146.55726096821448
2194.2138671875,0.15356257762132863,-16.27429213305616,-146.571343603997
2194.82421875,0.15344546595524755,-16.280918793676513,-146.5854187284346
2195.4345703125,0.1533284480065792,-16.28754520479456,-146.59948634837082
2196.044921875,0.15321152368600868,-16.29417136704105,-146.6135464706416
2196.6552734375,0.15309469290431485,-16.300797281047153,-146.62759910207564
2197.265625,0.1529779555723699,-16.307422947444522,-146.64164424949408
2197.8759765625,0.1528613116011395,-16.314048366865254,-146.65568191971056
2198.486328125,0.152744760901683,-16.32067353994188,-146.66971211953148
2199.0966796875,0.15262830338515285,-16.327298467307394,-146.68373485575566
2199.70703125,0.15251193896279433,-16.333923149595257,-146.69775013517466
2200.3173828125,0.1523956675459467,-16.340547587439342,-146.7117579645725
2200.927734375,0.1522794890460416,-16.347171781473993,-146.72575835072593
2201.5380859375,0.15216340337460374,-16.353795732334003,-146.73975130040427
2202.1484375,0.1520474104432509,-16.360419440654603,-146.75373682036948
2202.7587890625,0.15193151016369372,-16.367042907071465,-146.76771491737614
2203.369140625,0.15181570244773518,-16.373666132220716,-146.78168559817152
2203.9794921875,0.1516999872072712,-16.380289116738926,-146.79564886949552
2204.58984375,0.15158436435429032,-16.38691186126309,-146.80960473808068
2205.2001953125,0.1514688338008732,-16.393534366430675,-146.8235532106523
2205.810546875,0.15135339545919327,-16.400156632879565,-146.8374942939283
2206.4208984375,0.15123804924151593,-16.406778661248094,-146.85142799461929
2207.03125,0.15112279506019902,-16.413400452175036,-146.86535431942852
2207.6416015625,0.15100763282769245,-16.4200220062996,-146.87927327505216
2208.251953125,0.15089256245653823,-16.42664332426143,-146.89318486817885
2208.8623046875,0.15077758385937018,-16.433264406700623,-146.90708910549012
2209.47265625,0.15066269694891413,-16.439885254257696,-146.92098599366014
2210.0830078125,0.1505479016379879,-16.446505867573602,-146.93487553935591
2210.693359375,0.15043319783950057,-16.45312624728974,-146.94875774923713
2211.3037109375,0.1503185854664532,-16.459746394047944,-146.96263262995626
2211.9140625,0.15020406443193823,-16.466366308490464,-146.97650018815855
2212.5244140625,0.15008963464913982,-16.472985991259996,-146.99036043048199
2213.134765625,0.14997529603133333,-16.47960544299966,-147.0042133635574
2213.7451171875,0.1498610484918853,-16.48622466435302,-147.01805899400838
2214.35546875,0.14974689194425364,-16.492843655964062,-147.03189732845132
2214.9658203125,0.14963282630198757,-16.49946241847719,-147.0457283734955
2215.576171875,0.14951885147872693,-16.506080952537268,-147.0595521357429
2216.1865234375,0.14940496738820278,-16.51269925878956,-147.07336862178838
2216.796875,0.14929117394423735,-16.519317337879748,-147.0871778382197
2217.4072265625,0.14917747106074308,-16.525935190453982,-147.10097979161733
2218.017578125,0.14906385865172356,-16.532552817158802,-147.1147744885548
2218.6279296875,0.14895033663127286,-16.539170218641182,-147.12856193559824
2219.23828125,0.14883690491357554,-16.545787395548537,-147.14234213930692
2219.8486328125,0.14872356341290688,-16.552404348528672,-147.1561151062328
2220.458984375,0.1486103120436322,-16.55902107822985,-147.16988084292078
2221.0693359375,0.1484971507202074,-16.565637585300735,-147.18363935590872
2221.6796875,0.1483840793571784,-16.572253870390416,-147.1973906517273
2222.2900390625,0.14827109786918144,-16.5788699341484,-147.21113473690022
2222.900390625,0.1481582061709428,-16.58548577722462,-147.2248716179439
2223.5107421875,0.14804540417727835,-16.592101400269435,-147.238601301368
2224.12109375,0.14793269180309443,-16.5987168039336,-147.25232379367483
2224.7314453125,0.14782006896338673,-16.60533198886831,-147.2660391013598
2225.341796875,0.14770753557324098,-16.61194695572516,-147.27974723091125
2225.9521484375,0.1475950915478321,-16.61856170515618,-147.2934481888105
2226.5625,0.14748273680242507,-16.625176237813793,-147.30714198153174
2227.1728515625,0.1473704712523741,-16.631790554350857,-147.32082861554233
2227.783203125,0.14725829481312266,-16.63840465542063,-147.33450809730243
2228.3935546875,0.1471462074002038,-16.64501854167679,-147.34818043326533
2229.00390625,0.14703420892923946,-16.65163221377344,-147.36184562987722
2229.6142578125,0.1469222993159411,-16.658245672365055,-147.37550369357746
2230.224609375,0.14681047847610884,-16.664858918106574,-147.38915463079826
2230.8349609375,0.14669874632563207,-16.671471951653306,-147.40279844796498
2231.4453125,0.1465871027804888,-16.67808477366099,-147.41643515149596
2232.0556640625,0.14647554775674618,-16.68469738478577,-147.43006474780265
2232.666015625,0.1463640811705598,-16.69130978568419,-147.44368724328945
2233.2763671875,0.14625270293817377,-16.697921977013223,-147.45730264435394
2233.88671875,0.14614141297592123,-16.704533959430226,-147.4709109573867
2234.4970703125,0.14603021120022328,-16.71114573359298,-147.48451218877145
2235.107421875,0.1459190975275898,-16.71775730015965,-147.49810634488492
2235.7177734375,0.14580807187461847,-16.724368659788848,-147.51169343209705
2236.328125,0.14569713415799582,-16.730979813139538,-147.52527345677078
2236.9384765625,0.14558628429449622,-16.737590760871115,-147.53884642526216
2237.548828125,0.14547552220098173,-16.744201503643392,-147.5524123439205
2238.1591796875,0.145364847794403,-16.750812042116557,-147.5659712190881
2238.76953125,0.1452542609917982,-16.75742237695121,-147.57952305710046
2239.3798828125,0.14514376171029336,-16.764032508808363,-147.59306786428624
2239.990234375,0.14503334986710228,-16.770642438349405,-147.6066056469672
2240.6005859375,0.1449230253795262,-16.77725216623616,-147.6201364114583
2241.2109375,0.14481278816495433,-16.783861693130806,-147.6336601640677
2241.8212890625,0.14470263814086282,-16.790471019695964,-147.64717691109666
2242.431640625,0.14459257522481564,-16.797080146594624,-147.66068665883972
2243.0419921875,0.14448259933446375,-16.803689074490187,-147.67418941358457
2243.65234375,0.1443727103875456,-16.810297804046442,-147.6876851816121
2244.2626953125,0.14426290830188654,-16.816906335927584,-147.70117396919645
2244.873046875,0.14415319299539903,-16.8235146707982,-147.71465578260492
2245.4833984375,0.14404356438608254,-16.83012280932327,-147.72813062809803
2246.09375,0.14393402239202358,-16.83673075216816,-147.7415985119297
2246.7041015625,0.14382456693139511,-16.84333849999865,-147.75505944034686
2247.314453125,0.14371519792245704,-16.849946053480902,-147.76851341958988
2247.9248046875,0.1436059152835559,-16.856553413281464,-147.78196045589232
2248.53515625,0.1434967189331248,-16.86316058006728,-147.79540055548097
2249.1455078125,0.14338760878968312,-16.869767554505696,-147.80883372457595
2249.755859375,0.14327858477183686,-16.876374337264437,-147.82225996939067
2250.3662109375,0.14316964679827818,-16.882980929011623,-147.83567929613184
2250.9765625,0.14306079478778555,-16.889587330415758,-147.84909171099937
2251.5869140625,0.1429520286592235,-16.896193542145742,-147.8624972201866
2252.197265625,0.14284334833154266,-16.902799564870858,-147.8758958298802
2252.8076171875,0.1427347537237796,-16.909405399260777,-147.88928754626002
2253.41796875,0.14262624475505695,-16.91601104598556,-147.90267237549938
2254.0283203125,0.14251782134458274,-16.92261650571566,-147.91605032376495
2254.638671875,0.14240948341165108,-16.9292217791219,-147.92942139721657
2255.2490234375,0.14230123087564167,-16.9358268668755,-147.94278560200772
2255.859375,0.14219306365601958,-16.94243176964807,-147.95614294428498
2256.4697265625,0.14208498167233563,-16.949036488111584,-147.9694934301884
2257.080078125,0.14197698484422577,-16.955641022938423,-147.98283706585156
2257.6904296875,0.1418690730914114,-16.962245374801334,-147.99617385740115
2258.30078125,0.14176124633369905,-16.96884954437346,-148.00950381095748
2258.9111328125,0.1416535044909806,-16.975453532328306,-148.0228269326342
2259.521484375,0.14154584748323265,-16.982057339339786,-148.03614322853826
2260.1318359375,0.14143827523051708,-16.98866096608217,-148.0494527047703
2260.7421875,0.14133078765298068,-16.99526441323011,-148.06275536742405
2261.3525390625,0.1412233846708547,-17.001867681458663,-148.07605122258698
2261.962890625,0.14111606620445538,-17.008470771443246,-148.0893402763398
2262.5732421875,0.1410088321741836,-17.015073683859647,-148.10262253475676
2263.18359375,0.1409016825005249,-17.02167641938404,-148.1158980039056
2263.7939453125,0.14079461710404892,-17.02827897869299,-148.12916668984744
2264.404296875,0.14068763590541014,-17.034881362463416,-148.14242859863694
2265.0146484375,0.14058073882534702,-17.04148357137263,-148.15568373632223
2265.625,0.14047392578468246,-17.04808560609831,-148.16893210894492
2266.2353515625,0.1403671967043236,-17.05468746731851,-148.18217372254009
2266.845703125,0.14026055150526107,-17.061289155711684,-148.19540858313647
2267.4560546875,0.14015399010857038,-17.067890671956604,-148.20863669675606
2268.06640625,0.14004751243541022,-17.07449201673247,-148.22185806941465
2268.6767578125,0.13994111840702336,-17.081093190718832,-148.2350727071214
2269.287109375,0.1398348079447363,-17.08769419459562,-148.24828061587897
2269.8974609375,0.13972858096995924,-17.094295029043124,-148.26148180168374
2270.5078125,0.13962243740418592,-17.100895694742015,-148.27467627052548
2271.1181640625,0.13951637716899343,-17.10749619237334,-148.28786402838762
2271.728515625,0.13941040018604245,-17.114096522618503,-148.30104508124714
2272.3388671875,0.13930450637707698,-17.12069668615929,-148.31421943507453
2272.94921875,0.13919869566392426,-17.127296683677844,-148.32738709583396
2273.5595703125,0.13909296796849446,-17.133896515856694,-148.34054806948316
2274.169921875,0.1389873232127811,-17.140496183378726,-148.3537023619734
2274.7802734375,0.13888176131886074,-17.147095686927187,-148.36684997924965
2275.390625,0.13877628220889252,-17.153695027185712,-148.37999092725045
2276.0009765625,0.13867088580511877,-17.160294204838287,-148.39312521190797
2276.611328125,0.1385655720298643,-17.16689322056927,-148.406252839148
2277.2216796875,0.13846034080553682,-17.173492075063386,-148.41937381488998
2277.83203125,0.13835519205462643,-17.18009076900572,-148.432488145047
2278.4423828125,0.13825012569970582,-17.18668930308173,-148.44559583552584
2279.052734375,0.1381451416634302,-17.19328767797723,-148.45869689222684
2279.6630859375,0.13804023986853692,-17.199885894378408,-148.47179132104412
2280.2734375,0.13793542023784577,-17.2064839529718,-148.48487912786536
2280.8837890625,0.1378306826942586,-17.213081854444326,-148.4979603185721
2281.494140625,0.13772602716075935,-17.21967959948326,-148.51103489903937
2282.1044921875,0.13762145356041405,-17.226277188776226,-148.52410287513607
2282.71484375,0.1375169618163707,-17.232874623011224,-148.53716425272466
2283.3251953125,0.13741255185185908,-17.239471902876605,-148.55021903766144
2283.935546875,0.13730822359019054,-17.2460690290611,-148.5632672357964
2284.5458984375,0.13720397695475864,-17.25266600225377,-148.57630885297317
2285.15625,0.13709981186903789,-17.25926282314407,-148.58934389502923
2285.7666015625,0.1369957282565849,-17.265859492421782,-148.60237236779577
2286.376953125,0.1368917260410373,-17.272456010777077,-148.61539427709775
2286.9873046875,0.1367878051461144,-17.279052378900452,-148.6284096287538
2287.59765625,0.1366839654956166,-17.28564859748279,-148.6414184285764
2288.2080078125,0.13658020701342546,-17.292244667215325,-148.65442068237186
2288.818359375,0.13647652962350384,-17.298840588789634,-148.66741639594014
2289.4287109375,0.13637293324989552,-17.305436362897666,-148.68040557507507
2290.0390625,0.13626941781672527,-17.312031990231713,-148.69338822556423
2290.6494140625,0.1361659832481986,-17.318627471484444,-148.70636435318912
2291.259765625,0.13606262946860195,-17.325222807348858,-148.7193339637249
2291.8701171875,0.13595935640230247,-17.331817998518332,-148.73229706294057
2292.48046875,0.13585616397374792,-17.338413045686572,-148.74525365659917
2293.0908203125,0.1357530521074667,-17.345007949547654,-148.75820375045728
2293.701171875,0.13565002072806723,-17.351602710796023,-148.77114735026547
2294.3115234375,0.13554706976023903,-17.358197330126433,-148.78408446176817
2294.921875,0.13544419912875127,-17.36479180823404,-148.79701509070367
2295.5322265625,0.1353414087584538,-17.371386145814313,-148.809939242804
2296.142578125,0.13523869857427628,-17.377980343563102,-148.82285692379526
2296.7529296875,0.1351360685012287,-17.38457440217659,-148.8357681393973
2297.36328125,0.13503351846440087,-17.391168322351312,-148.84867289532383
2297.9736328125,0.1349310483889625,-17.397762104784167,-148.8615711972826
2298.583984375,0.13482865820016315,-17.404355750172392,-148.8744630509751
2299.1943359375,0.13472634782333215,-17.410949259213577,-148.8873484620968
2299.8046875,0.1346241171838785,-17.41754263260566,-148.9002274363371
2300.4150390625,0.13452196620729068,-17.42413587104693,-148.91309997937938
2301.025390625,0.13441989481913666,-17.430728975236025,-148.9259660969008
2301.6357421875,0.13431790294506393,-17.43732194587193,-148.93882579457252
2302.24609375,0.1342159905107993,-17.443914783653977,-148.95167907805973
2302.8564453125,0.13411415744214875,-17.450507489281847,-148.96452595302148
2303.466796875,0.13401240366499742,-17.45710006345557,-148.9773664251108
2304.0771484375,0.1339107291053098,-17.463692506875503,-148.9902004999747
2304.6875,0.13380913368912897,-17.470284820242384,-149.00302818325414
2305.2978515625,0.13370761734257722,-17.476877004257275,-149.01584948058408
2305.908203125,0.1336061799918556,-17.483469059621587,-149.02866439759356
2306.5185546875,0.13350482156324403,-17.49006098703707,-149.04147293990542
2307.12890625,0.1334035419831011,-17.496652787205818,-149.05427511313664
2307.7392578125,0.13330234117786374,-17.503244460830288,-149.0670709228982
2308.349609375,0.13320121907404778,-17.50983600861327,-149.0798603747951
2308.9599609375,0.1331001755982473,-17.516427431257885,-149.09264347442627
2309.5703125,0.13299921067713483,-17.52301872946761,-149.10542022738483
2310.1806640625,0.132898324237461,-17.52960990394627,-149.1181906392578
2310.791015625,0.132797516206055,-17.53620095539801,-149.1309547156263
2311.4013671875,0.13269678650982386,-17.54279188452734,-149.14371246206554
2312.01171875,0.1325961350757527,-17.549382692039107,-149.15646388414478
2312.6220703125,0.1324955618309047,-17.555973378638484,-149.1692089874273
2313.232421875,0.1323950667024208,-17.562563945031012,-149.18194777747047
2313.8427734375,0.1322946496175199,-17.569154391922538,-149.19468025982582
2314.453125,0.13219431050349856,-17.575744720019276,-149.20740644003882
2315.0634765625,0.13209404928773089,-17.582334930027777,-149.22012632364917
2315.673828125,0.13199386589766868,-17.588925022654923,-149.2328399161906
2316.2841796875,0.1318937602608413,-17.595514998607925,-149.24554722319107
2316.89453125,0.1317937323048553,-17.60210485859436,-149.25824825017247
2317.5048828125,0.1316937819573947,-17.60869460332212,-149.2709430026509
2318.115234375,0.1315939091462208,-17.615284233499448,-149.28363148613673
2318.7255859375,0.13149411379917186,-17.621873749834926,-149.2963137061342
2319.3359375,0.13139439584416365,-17.628463153037448,-149.30898966814198
2319.9462890625,0.13129475520918837,-17.635052443816292,-149.32165937765265
2320.556640625,0.13119519182231576,-17.641641622881018,-149.3343228401531
2321.1669921875,0.13109570561169198,-17.648230690941563,-149.34698006112433
2321.77734375,0.13099629650554012,-17.654819648708184,-149.35963104604156
2322.3876953125,0.13089696443215995,-17.661408496891475,-149.37227580037415
2322.998046875,0.13079770931992782,-17.66799723620237,-149.38491432958563
2323.6083984375,0.13069853109729676,-17.67458586735213,-149.3975466391338
2324.21875,0.1305994296927961,-17.681174391052352,-149.41017273447062
2324.8291015625,0.1305004050350314,-17.68776280801498,-149.42279262104222
2325.439453125,0.13040145705268502,-17.69435111895227,-149.43540630428902
2326.0498046875,0.1303025856745151,-17.700939324576826,-149.44801378964564
2326.66015625,0.13020379082935601,-17.707527425601587,-149.46061508254093
2327.2705078125,0.13010507244611821,-17.714115422739823,-149.4732101883979
2327.880859375,0.1300064304537883,-17.720703316705123,-149.485799112634
2328.4912109375,0.12990786478142846,-17.727291108211432,-149.4983818606607
2329.1015625,0.12980937535817702,-17.733878797973006,-149.51095843788383
2329.7119140625,0.12971096211324776,-17.74046638670445,-149.52352884970358
2330.322265625,0.12961262497593035,-17.747053875120688,-149.53609310151427
2330.9326171875,0.12951436387559007,-17.753641263936974,-149.54865119870456
2331.54296875,0.12941617874166747,-17.760228553868902,-149.56120314665745
2332.1533203125,0.12931806950367875,-17.766815745632393,-149.57374895075006
2332.763671875,0.12922003609121535,-17.7734028399437,-149.58628861635404
2333.3740234375,0.12912207843394416,-17.77998983751939,-149.5988221488351
2333.984375,0.1290241964616069,-17.786576739076395,-149.61134955355354
2334.5947265625,0.12892639010402066,-17.79316354533195,-149.6238708358638
2335.205078125,0.12882865929107784,-17.799750257003602,-149.6363860011146
2335.8154296875,0.12873100395274528,-17.806336874809265,-149.6488950546492
2336.42578125,0.1286334240190649,-17.812923399467167,-149.661398001805
2337.0361328125,0.12853591942015352,-17.81950983169586,-149.67389484791386
2337.646484375,0.12843849008620278,-17.82609617221421,-149.68638559830194
2338.2568359375,0.12834113594747848,-17.832682421741453,-149.69887025828982
2338.8671875,0.12824385693432153,-17.83926858099711,-149.7113488331924
2339.4775390625,0.12814665297714714,-17.845854650701042,-149.72382132831896
2340.087890625,0.12804952400644487,-17.852440631573447,-149.73628774897324
2340.6982421875,0.12795246995277867,-17.85902652433484,-149.7487481004532
2341.30859375,0.1278554907467867,-17.865612329706067,-149.76120238805137
2341.9189453125,0.12775858631918147,-17.872198048408286,-149.7736506170546
2342.529296875,0.12766175660074935,-17.878783681163004,-149.78609279274417
2343.1396484375,0.12756500152235092,-17.885369228692035,-149.7985289203957
2343.75,0.12746832101492056,-17.89195469171753,-149.81095900527941
2344.3603515625,0.12737171500946662,-17.898540070961953,-149.82338305265978
2344.970703125,0.1272751834370714,-17.905125367148102,-149.83580106779576
2345.5810546875,0.12717872622889057,-17.911710580999088,-149.84821305594085
2346.19140625,0.12708234331615365,-17.918295713238365,-149.86061902234286
2346.8017578125,0.12698603463016364,-17.9248807645897,-149.87301897224413
2347.412109375,0.12688980010229717,-17.931465735777177,-149.88541291088146
2348.0224609375,0.1267936396640041,-17.938050627525215,-149.8978008434861
2348.6328125,0.12669755324680765,-17.944635440558546,-149.9101827752838
2349.2431640625,0.1266015407823044,-17.951220175602234,-149.92255871149476
2349.853515625,0.12650560220216406,-17.95780483338166,-149.9349286573337
2350.4638671875,0.12640973743812936,-17.96438941462252,-149.94729261800984
2351.07421875,0.12631394642201604,-17.97097392005086,-149.95965059872688
2351.6845703125,0.1262182290857129,-17.977558350393018,-149.97200260468307
2352.294921875,0.12612258536118162,-17.984142706375664,-149.98434864107108
2352.9052734375,0.12602701518045653,-17.990726988725786,-149.99668871307824
2353.515625,0.12593151847564474,-17.997311198170706,-150.0090228258863
2354.1259765625,0.125836095178926,-18.003895335438052,-150.0213509846716
2354.736328125,0.12574074522255274,-18.010479401255775,-150.03367319460503
2355.3466796875,0.1256454685388496,-18.017063396352157,-150.04598946085196
2355.95703125,0.12555026506021374,-18.023647321455794,-150.05829978857238
2356.5673828125,0.12545513471911482,-18.030231177295594,-150.07060418292093
2357.177734375,0.12536007744809463,-18.03681496460079,-150.0829026490466
2357.7880859375,0.125265093179767,-18.043398684100946,-150.09519519209303
2358.3984375,0.12517018184681813,-18.049982336525925,-150.10748181719867
2359.0087890625,0.12507534338200596,-18.05656592260593,-150.11976252949628
2359.619140625,0.12498057771816062,-18.063149443071463,-150.13203733411322
2360.2294921875,0.12488588478818398,-18.06973289865336,-150.1443062361717
2360.83984375,0.12479126452504966,-18.07631629008277,-150.15656924078831
2361.4501953125,0.12469671686180316,-18.082899618091158,-150.16882635307434
2362.060546875,0.1246022417315615,-18.089482883410305,-150.18107757813567
2362.6708984375,0.1245078390675133,-18.09606608677232,-150.19332292107282
2363.28125,0.12441350880291868,-18.10264922890962,-150.20556238698103
2363.8916015625,0.12431925087110914,-18.109232310554944,-150.21779598095
2364.501953125,0.12422506520548762,-18.115815332441343,-150.23002370806427
2365.1123046875,0.12413095173952815,-18.12239829530219,-150.2422455734029
2365.72265625,0.12403691040677613,-18.128981199871173,-150.25446158203968
2366.3330078125,0.12394294114084786,-18.13556404688231,-150.26667173904298
2366.943359375,0.12384904387543086,-18.142146837069905,-150.27887604947603
2367.5537109375,0.12375521854428365,-18.1487295711686,-150.29107451839647
2368.1640625,0.12366146508123545,-18.15531224991335,-150.30326715085693
2368.7744140625,0.12356778342018634,-18.161894874039426,-150.31545395190443
2369.384765625,0.12347417349510718,-18.168477444282413,-150.32763492658094
2369.9951171875,0.1233806352400396,-18.175059961378206,-150.33981007992298
2370.60546875,0.12328716858909541,-18.181642426063036,-150.35197941696188
2371.2158203125,0.1231937734764575,-18.188224839073413,-150.3641429427236
2371.826171875,0.12310044983637887,-18.19480720114619,-150.37630066222886
2372.4365234375,0.1230071976031827,-18.201389513018537,-150.38845258049312
2373.046875,0.12291401671126279,-18.20797177542792,-150.40059870252665
2373.6572265625,0.12282090709508298,-18.21455398911213,-150.4127390333343
2374.267578125,0.12272786868917739,-18.221136154809265,-150.4248735779158
2374.8779296875,0.12263490142814985,-18.227718273257754,-150.4370023412656
2375.48828125,0.12254200524667465,-18.234300345196313,-150.4491253283729
2376.0986328125,0.12244918007949558,-18.240882371364002,-150.4612425442217
2376.708984375,0.12235642586142645,-18.24746435250017,-150.47335399379068
2377.3193359375,0.12226374252735092,-18.254046289344487,-150.4854596820535
2377.9296875,0.122171130012222,-18.26062818263695,-150.4975596139784
2378.5400390625,0.12207858825106276,-18.267210033117834,-150.5096537945285
2379.150390625,0.12198611717896542,-18.273791841527768,-150.52174222866174
2379.7607421875,0.1218937167310919,-18.28037360860767,-150.53382492133085
2380.37109375,0.12180138684267322,-18.286955335098774,-150.54590187748335
2380.9814453125,0.12170912744901008,-18.293537021742633,-150.55797310206165
2381.591796875,0.12161693848547227,-18.300118669281098,-150.57003860000287
2382.2021484375,0.12152481988749851,-18.306700278456347,-150.5820983762391
2382.8125,0.12143277159059702,-18.31328185001086,-150.59415243569714
2383.4228515625,0.12134079353034471,-18.31986338468743,-150.6062007832987
2384.033203125,0.12124888564238757,-18.326444883229172,-150.61824342396037
2384.6435546875,0.12115704786244035,-18.333026346379505,-150.63028036259354
2385.25390625,0.12106528012628669,-18.339607774882158,-150.6423116041045
2385.8642578125,0.12097358236977906,-18.346189169481157,-150.6543371533943
2386.474609375,0.12088195452883832,-18.352770530920868,-150.66635701535907
2387.0849609375,0.12079039653945405,-18.359351859945946,-150.67837119488968
2387.6953125,0.12069890833768412,-18.36593315730138,-150.6903796968719
2388.3056640625,0.12060748985965532,-18.372514423732433,-150.70238252618643
2388.916015625,0.12051614104156218,-18.379095659984714,-150.71437968770888
2389.5263671875,0.12042486181966791,-18.385676866804122,-150.72637118630968
2390.13671875,0.12033365213030377,-18.39225804493687,-150.73835702685426
2390.7470703125,0.12024251190986912,-18.39883919512949,-150.75033721420294
2391.357421875,0.12015144109483164,-18.405420318128797,-150.76231175321095
2391.9677734375,0.12006043962172651,-18.41200141468196,-150.77428064872853
2392.578125,0.11996950742715723,-18.418582485536422,-150.78624390560074
2393.1884765625,0.11987864444779493,-18.425163531439946,-150.79820152866762
2393.798828125,0.11978785062037871,-18.431744553140597,-150.81015352276427
2394.4091796875,0.11969712588171502,-18.43832555138677,-150.82209989272056
2395.01953125,0.11960647016867808,-18.444906526927163,-150.83404064336148
2395.6298828125,0.11951588341820993,-18.451487480510753,-150.8459757795069
2396.240234375,0.11942536556731966,-18.458068412886863,-150.85790530597166
2396.8505859375,0.11933491655308395,-18.464649324805112,-150.86982922756562
2397.4609375,0.11924453631264675,-18.471230217015425,-150.88174754909366
2398.0712890625,0.11915422478321952,-18.477811090268023,-150.89366027535556
2398.681640625,0.11906398190208031,-18.484391945313476,-150.90556741114622
2399.2919921875,0.1189738076065749,-18.49097278290262,-150.91746896125534
2399.90234375,0.11888370183411569,-18.497553603786617,-150.92936493046784
2400.5126953125,0.11879366452218229,-18.504134408716936,-150.94125532356355
2401.123046875,0.11870369560832114,-18.510715198445347,-150.9531401453174
2401.7333984375,0.11861379503014524,-18.517295973723947,-150.96501940049924
2402.34375,0.11852396272533472,-18.52387673530512,-150.97689309387403
2402.9541015625,0.11843419863163611,-18.530457483941568,-150.98876123020173
2403.564453125,0.11834450268686275,-18.537038220386293,-151.0006238142374
2404.1748046875,0.11825487482889417,-18.543618945392623,-151.01248085073112
2404.78515625,0.11816531499567667,-18.550199659714174,-151.024332344428
2405.3955078125,0.11807582312522294,-18.556780364104867,-151.03617830006823
2406.005859375,0.11798639915561177,-18.563361059318943,-151.04801872238713
2406.6162109375,0.11789704302498819,-18.56994174611096,-151.05985361611502
2407.2265625,0.11780775467156358,-18.57652242523575,-151.07168298597736
2407.8369140625,0.11771853403361543,-18.58310309744848,-151.0835068366946
2408.447265625,0.11762938104948695,-18.589683763504613,-151.0953251729824
2409.0576171875,0.11754029565758752,-18.596264424159934,-151.1071379995515
2409.66796875,0.11745127779639247,-18.602845080170496,-151.11894532110765
2410.2783203125,0.11736232740444276,-18.609425732292706,-151.13074714235185
2410.888671875,0.11727344442034525,-18.616006381283242,-151.1425434679801
2411.4990234375,0.11718462878277225,-18.622587027899115,-151.15433430268357
2412.109375,0.11709588043046176,-18.629167672897626,-151.1661196511486
2412.7197265625,0.11700719930221745,-18.63574831703638,-151.1778995180566
2413.330078125,0.11691858533690827,-18.6423289610733,-151.18967390808416
2413.9404296875,0.11683003847346862,-18.648909605766605,-151.20144282590294
2414.55078125,0.11674155865089805,-18.65549025187483,-151.2132062761799
2415.1611328125,0.11665314580826171,-18.6620709001568,-151.22496426357708
2415.771484375,0.11656479988468943,-18.66865155137167,-151.2367167927516
2416.3818359375,0.11647652081937648,-18.675232206278885,-151.2484638683559
2416.9921875,0.11638830855158303,-18.681812865638193,-151.26020549503747
2417.6025390625,0.11630016302063437,-18.68839353020965,-151.27194167743912
2418.212890625,0.1162120841659203,-18.694974200753638,-151.2836724201987
2418.8232421875,0.11612407192689575,-18.701554878030812,-151.29539772794936
2419.43359375,0.11603612624308032,-18.708135562802152,-151.3071176053194
2420.0439453125,0.11594824705405817,-18.71471625582895,-151.3188320569323
2420.654296875,0.1158604342994783,-18.72129695787277,-151.33054108740686
2421.2646484375,0.1157726879190538,-18.727877669695538,-151.34224470135695
2421.875,0.11568500785256283,-18.734458392059416,-151.35394290339178
2422.4853515625,0.11559739403984731,-18.741039125726935,-151.3656356981157
2423.095703125,0.11550984642081394,-18.74761987146089,-151.37732309012844
2423.7060546875,0.11542236493543337,-18.754200630024407,-151.38900508402475
2424.31640625,0.1153349495237406,-18.760781402180896,-151.4006816843948
2424.9267578125,0.11524760012583474,-18.767362188694076,-151.41235289582394
2425.537109375,0.11516031668187875,-18.773942990327992,-151.42401872289284
2426.1474609375,0.11507309913209977,-18.780523807846965,-151.43567917017734
2426.7578125,0.11498594741678858,-18.787104642015652,-151.44733424224856
2427.3681640625,0.11489886147630018,-18.79368549359898,-151.45898394367302
2427.978515625,0.11481184125105302,-18.800266363362198,-151.4706282790124
2428.5888671875,0.11472488668152916,-18.80684725207088,-151.48226725282368
2429.19921875,0.11463799770827462,-18.813428160490865,-151.49390086965911
2429.8095703125,0.11455117427189865,-18.82000908938833,-151.50552913406634
2430.419921875,0.11446441631307416,-18.826590039529734,-151.51715205058818
2431.0302734375,0.1143777237725372,-18.83317101168187,-151.5287696237629
2431.640625,0.11429109659108766,-18.839752006611793,-151.54038185812396
2432.2509765625,0.11420453470958818,-18.846333025086906,-151.55198875820025
2432.861328125,0.11411803806896484,-18.852914067874885,-151.56359032851586
2433.4716796875,0.1140316066102069,-18.859495135743728,-151.57518657359032
2434.08203125,0.11394524027436652,-18.866076229461733,-151.58677749793839
2434.6923828125,0.11385893900255899,-18.872657349797496,-151.5983631060703
2435.302734375,0.11377270273596242,-18.879238497519932,-151.60994340249152
2435.9130859375,0.11368653141581772,-18.885819673398252,-151.62151839170292
2436.5234375,0.11360042498342882,-18.892400878201972,-151.63308807820076
2437.1337890625,0.11351438338016213,-18.898982112700907,-151.64465246647657
2437.744140625,0.1134284065474469,-18.90556337766518,-151.65621156101736
2438.3544921875,0.11334249442677459,-18.912144673865242,-151.66776536630545
2438.96484375,0.11325664695969975,-18.918726002071796,-151.67931388681853
2439.5751953125,0.1131708640878388,-18.925307363055907,-151.69085712702977
2440.185546875,0.11308514575287094,-18.931888757588897,-151.70239509140757
2440.7958984375,0.1129994918965373,-18.938470186442437,-151.71392778441592
2441.40625,0.11291390246064158,-18.945051650388464,-151.72545521051404
2442.0166015625,0.11282837738704952,-18.95163315019924,-151.73697737415668
2442.626953125,0.1127429166176889,-18.95821468664732,-151.74849427979396
2443.2373046875,0.11265752009454953,-18.96479626050558,-151.7600059318714
2443.84765625,0.11257218775968326,-18.971377872547187,-151.77151233483
2444.4580078125,0.11248691955520389,-18.977959523545607,-151.7830134931061
2445.068359375,0.11240171542328674,-18.984541214274632,-151.79450941113163
2445.6787109375,0.1123165753061692,-18.99112294550834,-151.80600009333378
2446.2890625,0.1122314991461502,-18.997704718021122,-151.8174855441353
2446.8994140625,0.11214648688559034,-19.00428653258767,-151.82896576795443
2447.509765625,0.11206153846691175,-19.01086838998298,-151.84044076920475
2448.1201171875,0.11197665383259799,-19.01745029098236,-151.85191055229532
2448.73046875,0.1118918329251942,-19.0240322363614,-151.8633751216308
2449.3408203125,0.11180707568730655,-19.030614226896038,-151.8748344816112
2449.951171875,0.11172238206160294,-19.037196263362464,-151.88628863663206
2450.5615234375,0.11163775199081202,-19.043778346537216,-151.8977375910844
2451.171875,0.11155318541772392,-19.050360477197106,-151.9091813493547
2451.7822265625,0.11146868228518973,-19.056942656119272,-151.92061991582491
2452.392578125,0.1113842425361214,-19.063524884081147,-151.93205329487265
2453.0029296875,0.11129986611349212,-19.07010716186047,-151.94348149087085
2453.61328125,0.11121555296033568,-19.07668949023528,-151.9549045081881
2454.2236328125,0.1111313030197469,-19.083271869983932,-151.96632235118838
2454.833984375,0.11104711623488112,-19.08985430188508,-151.9777350242313
2455.4443359375,0.11096299254895449,-19.096436786717675,-151.9891425316719
2456.0546875,0.11087893190524385,-19.10301932526098,-152.0005448778609
2456.6650390625,0.11079493424708631,-19.109601918294572,-152.01194206714442
2457.275390625,0.11071099951787965,-19.116184566598314,-152.0233341038642
2457.8857421875,0.11062712766108207,-19.122767270952387,-152.03472099235748
2458.49609375,0.11054331862021205,-19.129350032137268,-152.0461027369571
2459.1064453125,0.11045957233884829,-19.135932850933752,-152.0574793419914
2459.716796875,0.11037588876062972,-19.14251572812293,-152.06885081178444
2460.3271484375,0.11029226782925551,-19.149098664486193,-152.08021715065567
2460.9375,0.11020870948848474,-19.15568166080525,-152.0915783629202
2461.5478515625,0.11012521368213668,-19.162264717862104,-152.10293445288875
2462.158203125,0.11004178035409036,-19.168847836439067,-152.11428542486755
2462.7685546875,0.10995840944828476,-19.175431017318758,-152.12563128315847
2463.37890625,0.10987510090871865,-19.182014261284106,-152.13697203205905
2463.9892578125,0.1097918546794506,-19.18859756911833,-152.14830767586224
2464.599609375,0.10970867070459871,-19.19518094160497,-152.15963821885683
2465.2099609375,0.10962554892834087,-19.201764379527862,-152.17096366532706
2465.8203125,0.10954248929491442,-19.208347883671145,-152.18228401955284
2466.4306640625,0.10945949174861609,-19.21493145481928,-152.19359928580977
2467.041015625,0.10937655623380219,-19.221515093757013,-152.20490946836895
2467.6513671875,0.10929368269488818,-19.228098801269415,-152.21621457149723
2468.26171875,0.10921087107634901,-19.23468257814184,-152.22751459945698
2468.8720703125,0.10912812132271862,-19.241266425159974,-152.23880955650642
2469.482421875,0.10904543337859028,-19.247850343109782,-152.25009944689924
2470.0927734375,0.10896280718861627,-19.254434332777556,-152.2613842748848
2470.703125,0.10888024269750782,-19.261018394949883,-152.27266404470816
2471.3134765625,0.10879773985003521,-19.267602530413658,-152.2839387606101
2471.923828125,0.10871529859102744,-19.274186739956093,-152.2952084268271
2472.5341796875,0.10863291886537267,-19.280771024364675,-152.30647304759108
2473.14453125,0.10855060061801741,-19.287355384427233,-152.31773262712989
2473.7548828125,0.10846834379396712,-19.293939820931882,-152.328987169667
2474.365234375,0.10838614833828566,-19.300524334667056,-152.34023667942148
2474.9755859375,0.10830401419609571,-19.30710892642148,-152.35148116060822
2475.5859375,0.10822194131257834,-19.31369359698419,-152.3627206174378
2476.1962890625,0.10813992963297293,-19.32027834714454,-152.37395505411638
2476.806640625,0.10805797910257728,-19.326863177692182,-152.38518447484603
2477.4169921875,0.10797608966674759,-19.333448089417068,-152.39640888382436
2478.02734375,0.10789426127089821,-19.340033083109464,-152.40762828524487
2478.6376953125,0.10781249386050162,-19.34661815955995,-152.41884268329662
2479.248046875,0.10773078738108843,-19.353203319559398,-152.4300520821645
2479.8583984375,0.10764914177824739,-19.35978856389899,-152.4412564860292
2480.46875,0.10756755699762505,-19.36637389337023,-152.452455899067
2481.0791015625,0.10748603298492597,-19.372959308764916,-152.46365032545
2481.689453125,0.10740456968591244,-19.379544810875156,-152.47483976934615
2482.2998046875,0.10732316704640488,-19.38613040049335,-152.48602423491894
2482.91015625,0.10724182501228091,-19.392716078412235,-152.49720372632794
2483.5205078125,0.10716054352947618,-19.399301845424837,-152.50837824772816
2484.130859375,0.10707932254398377,-19.405887702324492,-152.51954780327057
2484.7412109375,0.10699816200185423,-19.41247364990485,-152.53071239710192
2485.3515625,0.10691706184919586,-19.419059688959848,-152.54187203336474
2485.9619140625,0.10683602203217392,-19.425645820283766,-152.55302671619722
2486.572265625,0.10675504249701137,-19.432232044671157,-152.5641764497335
2487.1826171875,0.10667412318998827,-19.438818362916898,-152.5753212381035
2487.79296875,0.10659326405744189,-19.44540477581618,-152.5864610854329
2488.4033203125,0.10651246504576656,-19.451991284164496,-152.5975959958431
2489.013671875,0.10643172610141383,-19.458577888757645,-152.60872597345158
2489.6240234375,0.10635104717089233,-19.465164590391726,-152.6198510223714
2490.234375,0.10627042820076735,-19.47175138986317,-152.63097114671152
2490.8447265625,0.10618986913766133,-19.47833828796869,-152.6420863505767
2491.455078125,0.10610936992825322,-19.48492528550534,-152.6531966380676
2492.0654296875,0.10602893051927922,-19.49151238327044,-152.66430201328077
2492.67578125,0.1059485508575318,-19.498099582061656,-152.6754024803085
2493.2861328125,0.10586823088986017,-19.50468688267695,-152.68649804323886
2493.896484375,0.10578797056317014,-19.51127428591459,-152.69758870615595
2494.5068359375,0.10570776982442402,-19.517861792573154,-152.70867447313967
2495.1171875,0.10562762862064064,-19.524449403451527,-152.71975534826572
2495.7275390625,0.10554754689889495,-19.531037119348923,-152.73083133560576
2496.337890625,0.10546752460631847,-19.537624941064838,-152.74190243922726
2496.9482421875,0.1053875616900989,-19.54421286939909,-152.75296866319357
2497.55859375,0.1053076580974801,-19.550800905151814,-152.76403001156407
2498.1689453125,0.10522781377576212,-19.557389049123437,-152.77508648839378
2498.779296875,0.10514802867230093,-19.563977302114715,-152.7861380977338
2499.3896484375,0.10506830273450866,-19.570565664926704,-152.79718484363113
2500.0,0.1049886359098533,-19.577154138360765,-152.80822673012852
2500.6103515625,0.10490902814585867,-19.58374272321859,-152.8192637612648
2501.220703125,0.10482947939010452,-19.59033142030216,-152.83029594107464
2501.8310546875,0.1047499895902263,-19.59692023041377,-152.84132327358864
2502.44140625,0.10467055869391506,-19.603509154356043,-152.8523457628333
2503.0517578125,0.10459118664891756,-19.61009819293189,-152.8633634128311
2503.662109375,0.10451187340303607,-19.616687346944556,-152.87437622760038
2504.2724609375,0.10443261890412857,-19.62327661719757,-152.88538421115553
2504.8828125,0.10435342310010821,-19.62986600449479,-152.89638736750675
2505.4931640625,0.10427428593894358,-19.63645550964039,-152.90738570066034
2506.103515625,0.10419520736865866,-19.64304513343884,-152.91837921461843
2506.7138671875,0.10411618733733256,-19.64963487669494,-152.92936791337908
2507.32421875,0.10403722579309985,-19.656224740213773,-152.94035180093653
2507.9345703125,0.10395832268414985,-19.662814724800775,-152.9513308812807
2508.544921875,0.10387947795872729,-19.669404831261655,-152.96230515839775
2509.1552734375,0.1038006915651317,-19.675995060402457,-152.97327463626962
2509.765625,0.10372196345171755,-19.682585413029535,-152.98423931887436
2510.3759765625,0.10364329356689432,-19.68917588994955,-152.99519921018586
2510.986328125,0.10356468185912618,-19.695766491969476,-153.0061543141742
2511.5966796875,0.10348612827693217,-19.702357219896598,-153.0171046348053
2512.20703125,0.10340763276888605,-19.70894807453852,-153.02805017604118
2512.8173828125,0.10332919528361598,-19.715539056703157,-153.03899094183976
2513.427734375,0.10325081576980494,-19.722130167198742,-153.04992693615512
2514.0380859375,0.10317249417619034,-19.72872140683381,-153.0608581629372
2514.6484375,0.10309423045156411,-19.735312776417214,-153.07178462613203
2515.2587890625,0.10301602454477236,-19.74190427675813,-153.0827063296817
2515.869140625,0.10293787640471586,-19.748495908666033,-153.09362327752433
2516.4794921875,0.1028597859803493,-19.755087672950726,-153.104535473594
2517.08984375,0.10278175322068178,-19.76167957042232,-153.11544292182091
2517.7001953125,0.10270377807477662,-19.768271601891236,-153.12634562613124
2518.310546875,0.10262586049175103,-19.77486376816821,-153.13724359044727
2518.9208984375,0.10254800042077637,-19.7814560700643,-153.14813681868725
2519.53125,0.10247019781107793,-19.78804850839088,-153.15902531476564
2520.1416015625,0.10239245261193489,-19.79464108395963,-153.16990908259285
2520.751953125,0.10231476477268026,-19.801233797582555,-153.18078812607538
2521.3623046875,0.10223713424270092,-19.80782665007196,-153.19166244911582
2521.97265625,0.10215956097143743,-19.814419642240477,-153.2025320556128
2522.5830078125,0.1020820449083839,-19.82101277490106,-153.21339694946113
2523.193359375,0.10200458600308837,-19.827606048866958,-153.22425713455152
2523.8037109375,0.10192718420515202,-19.834199464951755,-153.23511261477103
2524.4140625,0.10184983946422971,-19.840793023969347,-153.24596339400253
2525.0244140625,0.10177255173002962,-19.84738672673395,-153.25680947612528
2525.634765625,0.10169532095231355,-19.85398057406008,-153.2676508650144
2526.2451171875,0.10161814708089646,-19.860574566762573,-153.27848756454122
2526.85546875,0.10154103006564633,-19.86716870565661,-153.2893195785733
2527.4658203125,0.10146396985648456,-19.87376299155766,-153.3001469109741
2528.076171875,0.10138696640338571,-19.88035742528151,-153.31096956560333
2528.6865234375,0.10131001965637734,-19.886952007644275,-153.32178754631684
2529.296875,0.10123312956553987,-19.89354673946239,-153.3326008569666
2529.9072265625,0.1011562960810068,-19.900141621552606,-153.3434095014007
2530.517578125,0.10107951915296469,-19.906736654731965,-153.35421348346338
2531.1279296875,0.10100279873165253,-19.91333183981788,-153.36501280699494
2531.73828125,0.10092613476736238,-19.91992717762803,-153.37580747583203
2532.3486328125,0.10084952721043884,-19.92652266898045,-153.38659749380733
2532.958984375,0.10077297601127937,-19.933118314693466,-153.39738286474963
2533.5693359375,0.10069648112033362,-19.93971411558575,-153.40816359248404
2534.1796875,0.10062004248810431,-19.946310072476262,-153.41893968083167
2534.7900390625,0.10054366006514608,-19.952906186184318,-153.42971113360997
2535.400390625,0.10046733380206643,-19.959502457529513,-153.4404779546324
2536.0107421875,0.10039106364952499,-19.966098887331793,-153.45124014770877
2536.62109375,0.10031484955823362,-19.97269547641141,-153.46199771664496
2537.2314453125,0.10023869147895656,-19.979292225588942,-153.4727506652431
2537.841796875,0.10016258936251017,-19.985889135685284,-153.48349899730147
2538.4521484375,0.10008654315976301,-19.99248620752164,-153.49424271661465
2539.0625,0.10001055282163546,-19.99908344191956,-153.50498182697334
2539.6728515625,0.09993461829910008,-20.005680839700904,-153.51571633216443
2540.283203125,0.09985873954318147,-20.01227840168783,-153.52644623597112
2540.8935546875,0.09978291650495585,-20.018876128702857,-153.53717154217276
2541.50390625,0.09970714913555148,-20.02547402156879,-153.54789225454493
2542.1142578125,0.09963143738614821,-20.03207208110879,-153.55860837685947
2542.724609375,0.09955578120797777,-20.0386703081463,-153.56931991288448
2543.3349609375,0.09948018055232342,-20.04526870350512,-153.5800268663842
2543.9453125,0.09940463537052004,-20.051867268009357,-153.59072924111922
2544.5556640625,0.09932914561395405,-20.058466002483435,-153.6014270408463
2545.166015625,0.0992537112340633,-20.06506490775211,-153.6121202693185
2545.7763671875,0.09917833218233718,-20.071663984640466,-153.62280893028503
2546.38671875,0.0991030084103163,-20.078263233973885,-153.63349302749157
2546.9970703125,0.09902773986959261,-20.08486265657811,-153.64417256467988
2547.607421875,0.09895252651180927,-20.091462253279175,-153.6548475455881
2548.2177734375,0.09887736828866077,-20.098062024903452,-153.66551797395056
2548.828125,0.09880226515189257,-20.104661972277636,-153.6761838534979
2549.4384765625,0.09872721705330113,-20.11126209622875,-153.68684518795706
2550.048828125,0.09865222394473432,-20.11786239758412,-153.69750198105126
2550.6591796875,0.09857728577809041,-20.124462877171432,-153.7081542365
2551.26953125,0.09850240250531898,-20.13106353581867,-153.71880195801916
2551.8798828125,0.09842757407842022,-20.13766437435415,-153.72944514932072
2552.490234375,0.09835280044944533,-20.14426539360651,-153.74008381411318
2553.1005859375,0.09827808157049596,-20.150866594404725,-153.75071795610125
2553.7109375,0.09820341739372455,-20.157467977578094,-153.76134757898595
2554.3212890625,0.09812880787133424,-20.16406954395622,-153.77197268646466
2554.931640625,0.09805425295557858,-20.170671294369065,-153.78259328223103
2555.5419921875,0.09797975259876172,-20.177273229646886,-153.79320936997505
2556.15234375,0.09790530675323819,-20.18387535062029,-153.80382095338308
2556.7626953125,0.09783091537141284,-20.19047765812021,-153.81442803613783
2557.373046875,0.09775657840574103,-20.19708015297788,-153.82503062191824
2557.9833984375,0.09768229580872814,-20.2036828360249,-153.83562871439972
2558.59375,0.09760806753293005,-20.21028570809316,-153.84622231725393
2559.2041015625,0.09753389353095254,-20.216888770014904,-153.856811434149
2559.814453125,0.09745977375545163,-20.223492022622693,-153.86739606874931
2560.4248046875,0.09738570815913328,-20.23009546674942,-153.87797622471558
2561.03515625,0.09731169669475351,-20.23669910322831,-153.88855190570504
2561.6455078125,0.09723773931511827,-20.24330293289291,-153.8991231153712
2562.255859375,0.0971638359730834,-20.249906956577092,-153.9096898573639
2562.8662109375,0.0970899866215544,-20.256511175115065,-153.92025213532946
2563.4765625,0.09701619121348672,-20.263115589341368,-153.9308099529105
2564.0869140625,0.09694244970188538,-20.26972020009087,-153.9413633137461
2564.697265625,0.0968687620398052,-20.276325008198764,-153.95191222147167
2565.3076171875,0.09679512818035041,-20.282930014500575,-153.96245667971903
2565.91796875,0.09672154807667487,-20.289535219832167,-153.97299669211645
2566.5283203125,0.09664802168198186,-20.29614062502972,-153.98353226228855
2567.138671875,0.09657454894952416,-20.302746230929767,-153.99406339385635
2567.7490234375,0.09650112983260395,-20.30935203836914,-154.00459009043735
2568.359375,0.09642776428457259,-20.315958048185028,-154.0151123556454
2568.9697265625,0.09635445225883069,-20.322564261214954,-154.0256301930908
2569.580078125,0.09628119370882829,-20.32917067829674,-154.03614360638028
2570.1904296875,0.09620798858806423,-20.335777300268592,-154.04665259911704
2570.80078125,0.09613483685008666,-20.34238412796901,-154.05715717490062
2571.4111328125,0.0960617384484928,-20.34899116223683,-154.06765733732706
2572.021484375,0.09598869333692871,-20.35559840391123,-154.07815308998883
2572.6318359375,0.09591570146908954,-20.362205853831714,-154.0886444364749
2573.2421875,0.0958427627987189,-20.368813512838152,-154.09913138037058
2573.8525390625,0.0957698772796098,-20.375421381770693,-154.10961392525775
2574.462890625,0.0956970448656035,-20.382029461469862,-154.12009207471465
2575.0732421875,0.09562426551059036,-20.388637752776493,-154.13056583231608
2575.68359375,0.09555153916850902,-20.395246256531777,-154.1410352016333
2576.2939453125,0.09547886579334702,-20.401854973577223,-154.15150018623385
2576.904296875,0.09540624533914022,-20.408463904754683,-154.16196078968207
2577.5146484375,0.095333677759973,-20.415073050906344,-154.17241701553854
2578.125,0.09526116300997838,-20.421682412874716,-154.1828688673604
2578.7353515625,0.09518870104333736,-20.428291991502675,-154.19331634870133
2579.345703125,0.09511629181427969,-20.434901787633393,-154.20375946311137
2579.9560546875,0.09504393527708291,-20.441511802110426,-154.21419821413718
2580.56640625,0.09497163138607324,-20.448122035777615,-154.22463260532191
2581.1767578125,0.09489938009562474,-20.45473248947918,-154.23506264020514
2581.787109375,0.09482718136015963,-20.461343164059656,-154.2454883223231
2582.3974609375,0.09475503513414833,-20.46795406036392,-154.25590965520828
2583.0078125,0.09468294137210892,-20.474565179237203,-154.26632664239
2583.6181640625,0.09461090002860781,-20.481176521525036,-154.2767392873939
2584.228515625,0.09453891105825897,-20.48778808807333,-154.28714759374222
2584.8388671875,0.09446697441572444,-20.494399879728306,-154.29755156495366
2585.44921875,0.09439509005571371,-20.501011897336554,-154.3079512045436
2586.0595703125,0.09432325793298443,-20.50762414174496,-154.31834651602375
2586.669921875,0.09425147800234154,-20.51423661380079,-154.32873750290258
2587.2802734375,0.0941797502186378,-20.520849314351622,-154.33912416868492
2587.890625,0.09410807453677332,-20.527462244245402,-154.34950651687234
2588.5009765625,0.09403645091169598,-20.53407540433039,-154.3598845509628
2589.111328125,0.09396487929840094,-20.540688795455196,-154.3702582744509
2589.7216796875,0.0938933596519307,-20.54730241846878,-154.38062769082774
2590.33203125,0.09382189192737528,-20.553916274220434,-154.3909928035811
2590.9423828125,0.09375047607987182,-20.560530363559796,-154.40135361619525
2591.552734375,0.09367911206460483,-20.567144687336835,-154.4117101321511
2592.1630859375,0.09360779983680595,-20.573759246401867,-154.42206235492597
2592.7734375,0.09353653935175382,-20.580374041605573,-154.43241028799395
2593.3837890625,0.09346533056477441,-20.58698907379894,-154.44275393482567
2593.994140625,0.09339417343124046,-20.593604343833327,-154.45309329888838
2594.6044921875,0.09332306790657183,-20.600219852560425,-154.46342838364578
2595.21484375,0.0932520139462352,-20.606835600832266,-154.47375919255836
2595.8251953125,0.09318101150574419,-20.613451589501224,-154.48408572908306
2596.435546875,0.09311006054065925,-20.62006781942003,-154.49440799667354
2597.0458984375,0.0930391610065874,-20.626684291441755,-154.50472599878
2597.65625,0.09296831285918256,-20.63330100641981,-154.51503973884934
2598.2666015625,0.09289751605414523,-20.63991796520795,-154.52534922032493
2598.876953125,0.09282677054722252,-20.646535168660275,-154.5356544466469
2599.4873046875,0.09275607629420798,-20.65315261763125,-154.54595542125202
2600.09765625,0.09268543325094174,-20.65977031297567,-154.5562521475736
2600.7080078125,0.09261484137331051,-20.666388255548654,-154.56654462904157
2601.318359375,0.09254430061724707,-20.673006446205715,-154.5768328690826
2601.9287109375,0.09247381093873076,-20.67962488580268,-154.58711687112
2602.5390625,0.09240337229378705,-20.68624357519575,-154.59739663857366
2603.1494140625,0.09233298463848788,-20.692862515241433,-154.60767217486008
2603.759765625,0.0922626479289511,-20.69948170679662,-154.61794348339257
2604.3701171875,0.09219236212134077,-20.706101150718542,-154.628210567581
2604.98046875,0.09212212717186706,-20.712720847864773,-154.6384734308319
2605.5908203125,0.09205194303678621,-20.71934079909323,-154.64873207654847
2606.201171875,0.09198180967240026,-20.725961005262207,-154.65898650813062
2606.8115234375,0.09191172703505723,-20.732581467230318,-154.6692367289749
2607.421875,0.0918416950811511,-20.73920218585654,-154.6794827424746
2608.0322265625,0.09177171376712157,-20.745823162000203,-154.68972455201958
2608.642578125,0.09170178304945405,-20.752444396520975,-154.6999621609965
2609.2529296875,0.09163190288467979,-20.759065890278883,-154.7101955727887
2609.86328125,0.09156207322937548,-20.765687644134324,-154.7204247907761
2610.4736328125,0.0914922940401637,-20.772309658948007,-154.7306498183354
2611.083984375,0.09142256527371245,-20.778931935581014,-154.74087065884
2611.6943359375,0.09135288688673504,-20.785554474894795,-154.75108731566016
2612.3046875,0.09128325883599053,-20.792177277751126,-154.7612997921625
2612.9150390625,0.09121368107828318,-20.79880034501215,-154.77150809171064
2613.525390625,0.09114415357046272,-20.80542367754035,-154.78171221766488
2614.1357421875,0.09107467626942396,-20.812047276198594,-154.79191217338212
2614.74609375,0.09100524913210722,-20.81867114185007,-154.80210796221613
2615.3564453125,0.09093587211549782,-20.825295275358336,-154.8122995875173
2615.966796875,0.09086654517662629,-20.8319196775873,-154.82248705263282
2616.5771484375,0.09079726827256837,-20.83854434940122,-154.83267036090652
2617.1875,0.0907280413604445,-20.84516929166473,-154.84284951567918
2617.7978515625,0.09065886439742041,-20.8517945052428,-154.8530245202881
2618.408203125,0.09058973734070666,-20.85841999100076,-154.86319537806742
2619.0185546875,0.09052066014755865,-20.865045749804302,-154.87336209234806
2619.62890625,0.0904516327752768,-20.871671782519456,-154.88352466645767
2620.2392578125,0.09038265518120597,-20.878298090012642,-154.8936831037207
2620.849609375,0.09031372732273606,-20.884924673150618,-154.90383740745824
2621.4599609375,0.09024484915730147,-20.8915515328005,-154.91398758098833
2622.0703125,0.0901760206423814,-20.898178669829747,-154.92413362762562
2622.6806640625,0.0901072417354994,-20.90480608510621,-154.93427555068163
2623.291015625,0.09003851239422377,-20.911433779498076,-154.94441335346465
2623.9013671875,0.08996983257616713,-20.918061753873896,-154.95454703927976
2624.51171875,0.08990120223898654,-20.92469000910259,-154.9646766114287
2625.1220703125,0.08983262134038371,-20.931318546053397,-154.9748020732102
2625.732421875,0.0897640898381041,-20.93794736559599,-154.9849234279197
2626.3427734375,0.089695607689938,-20.944576468600342,-154.99504067884942
2626.953125,0.08962717485371968,-20.9512058559368,-155.0051538292883
2627.5634765625,0.08955879128732769,-20.957835528476075,-155.0152628825223
2628.173828125,0.0894904569486845,-20.964465487089257,-155.02536784183403
2628.7841796875,0.08942217179575679,-20.97109573264778,-155.03546871050295
2629.39453125,0.08935393578655536,-20.97772626602344,-155.04556549180538
2630.0048828125,0.08928574887913486,-20.98435708808839,-155.05565818901434
2630.615234375,0.08921761103159388,-20.99098819971517,-155.0657468053998
2631.2255859375,0.08914952220207485,-20.997619601776663,-155.07583134422856
2631.8359375,0.08908148234876415,-21.004251295146123,-155.08591180876417
2632.4462890625,0.08901349142989175,-21.010883280697172,-155.09598820226702
2633.056640625,0.08894554940373157,-21.017515559303774,-155.10606052799446
2633.6669921875,0.0888776562286011,-21.024148131840285,-155.11612878920053
2634.27734375,0.08880981186286128,-21.03078099918143,-155.12619298913623
2634.8876953125,0.0887420162649169,-21.03741416220227,-155.13625313104936
2635.498046875,0.08867426939321617,-21.044047621778255,-155.14630921818457
2636.1083984375,0.08860657120625079,-21.05068137878519,-155.15636125378336
2636.71875,0.08853892166255581,-21.057315434099255,-155.16640924108418
2637.3291015625,0.08847132072070976,-21.063949788596993,-155.17645318332225
2637.939453125,0.08840376833933447,-21.07058444315532,-155.18649308372966
2638.5498046875,0.08833626447709501,-21.077219398651504,-155.19652894553545
2639.16015625,0.08826880909269977,-21.0838546559632,-155.20656077196546
2639.7705078125,0.08820140214490023,-21.090490215968423,-155.21658856624245
2640.380859375,0.088134043592491,-21.09712607954556,-155.22661233158607
2640.9912109375,0.08806673339430984,-21.103762247573368,-155.23663207121285
2641.6015625,0.08799947150923768,-21.11039872093095,-155.24664778833613
2642.2119140625,0.08793225789619803,-21.117035500497828,-155.2566594861663
2642.822265625,0.08786509251415771,-21.123672587153855,-155.26666716791058
2643.4326171875,0.08779797532212624,-21.13030998177927,-155.27667083677304
2644.04296875,0.08773090627915614,-21.13694768525468,-155.28667049595467
2644.6533203125,0.08766388534434266,-21.143585698461052,-155.29666614865343
2645.263671875,0.0875969124768236,-21.150224022279755,-155.30665779806418
2645.8740234375,0.08752998763577961,-21.156862657592512,-155.3166454473787
2646.484375,0.08746311078043413,-21.163501605281407,-155.32662909978563
2647.0947265625,0.08739628187005304,-21.170140866228916,-155.33660875847053
2647.705078125,0.08732950086394473,-21.176780441317888,-155.346584426616
2648.3154296875,0.08726276772146019,-21.183420331431524,-155.35655610740147
2648.92578125,0.08719608240199272,-21.190060537453444,-155.3665238040034
2649.5361328125,0.08712944486497826,-21.196701060267586,-155.37648751959503
2650.146484375,0.08706285506989495,-21.203341900758307,-155.38644725734667
2650.7568359375,0.08699631297626317,-21.20998305981033,-155.39640302042562
2651.3671875,0.0869298185436457,-21.216624538308743,-155.40635481199598
2651.9775390625,0.08686337173164753,-21.22326633713901,-155.41630263521887
2652.587890625,0.08679697249991569,-21.229908457186994,-155.42624649325242
2653.1982421875,0.08673062080813948,-21.236550899338905,-155.43618638925167
2653.80859375,0.08666431661605015,-21.243193664481353,-155.44612232636857
2654.4189453125,0.08659805988342098,-21.249836753501317,-155.45605430775214
2655.029296875,0.08653185057006728,-21.256480167286156,-155.46598233654836
2655.6396484375,0.08646568863584637,-21.263123906723607,-155.47590641590008
2656.25,0.08639957404065719,-21.269767972701786,-155.48582654894722
2656.8603515625,0.08633350674444072,-21.2764123661092,-155.49574273882672
2657.470703125,0.08626748670717964,-21.283057087834717,-155.5056549886724
2658.0810546875,0.0862015138888984,-21.289702138767595,-155.5155633016151
2658.69140625,0.0861355882496632,-21.29634751979747,-155.52546768078264
2659.3017578125,0.0860697097495817,-21.30299323181437,-155.53536812929994
2659.912109375,0.08600387834880331,-21.309639275708694,-155.5452646502888
2660.5224609375,0.08593809400751887,-21.316285652371228,-155.55515724686805
2661.1328125,0.08587235668596088,-21.322932362693138,-155.56504592215356
2661.7431640625,0.08580666634440326,-21.329579407565955,-155.57493067925816
2662.353515625,0.08574102294316105,-21.336226787881646,-155.58481152129178
2662.9638671875,0.08567542644259102,-21.342874504532503,-155.59468845136126
2663.57421875,0.0856098768030911,-21.349522558411238,-155.6045614725705
2664.1845703125,0.08554437398510051,-21.35617095041092,-155.61443058802047
2664.794921875,0.08547891794909948,-21.362819681425055,-155.62429580080914
2665.4052734375,0.0854135086556098,-21.36946875234747,-155.63415711403147
2666.015625,0.08534814606519407,-21.376118164072416,-155.64401453077946
2666.6259765625,0.08528283013845611,-21.38276791749452,-155.65386805414224
2667.236328125,0.08521756083604076,-21.3894180135088,-155.66371768720578
2667.8466796875,0.0851523381186337,-21.396068453010663,-155.6735634330534
2668.45703125,0.08508716194696177,-21.402719236895894,-155.6834052947652
2669.0673828125,0.08502203228179253,-21.40937036606068,-155.69324327541847
2669.677734375,0.08495694908393453,-21.416021841401577,-155.70307737808747
2670.2880859375,0.08489191231423696,-21.422673663815548,-155.71290760584353
2670.8984375,0.0848269219335898,-21.429325834199947,-155.72273396175513
2671.5087890625,0.08476197790292386,-21.43597835345249,-155.73255644888778
2672.119140625,0.0846970801832105,-21.442631222471324,-155.74237507030395
2672.7294921875,0.08463222873546168,-21.44928444215495,-155.75218982906335
2673.33984375,0.08456742352072998,-21.45593801340229,-155.7620007282226
2673.9501953125,0.08450266450010846,-21.462591937112627,-155.77180777083555
2674.560546875,0.08443795163473065,-21.46924621418567,-155.781610959953
2675.1708984375,0.08437328488577059,-21.475900845521497,-155.791410298623
2675.78125,0.08430866421444266,-21.482555832020577,-155.80120578989045
2676.3916015625,0.0842440895820015,-21.489211174583787,-155.81099743679755
2677.001953125,0.08417956094974205,-21.4958668741124,-155.82078524238358
2677.6123046875,0.0841150782789997,-21.50252293150806,-155.8305692096848
2678.22265625,0.08405064153114984,-21.50917934767282,-155.84034934173462
2678.8330078125,0.08398625066760797,-21.51583612350914,-155.8501256415636
2679.443359375,0.08392190564982983,-21.522493259919862,-155.85989811219943
2680.0537109375,0.08385760643931116,-21.52915075780822,-155.86966675666676
2680.6640625,0.08379335299758785,-21.535808618077855,-155.87943157798756
2681.2744140625,0.08372914528623562,-21.542466841632788,-155.8891925791807
2681.884765625,0.08366498326686998,-21.549125429377472,-155.89894976326244
2682.4951171875,0.08360086690114667,-21.55578438221672,-155.90870313324595
2683.10546875,0.08353679615076098,-21.56244370105577,-155.9184526921416
2683.7158203125,0.08347277097744821,-21.56910338680023,-155.9281984429569
2684.326171875,0.08340879134298315,-21.575763440356145,-155.9379403886965
2684.9365234375,0.08334485720918053,-21.582423862629927,-155.9476785323621
2685.546875,0.08328096853789456,-21.58908465452841,-155.95741287695267
2686.1572265625,0.0832171252910192,-21.59574581695881,-155.96714342546431
2686.767578125,0.08315332743048791,-21.602407350828756,-155.97687018089022
2687.3779296875,0.08308957491827361,-21.609069257046283,-155.98659314622074
2687.98828125,0.0830258677163888,-21.61573153651981,-155.9963123244434
2688.5986328125,0.08296220578688532,-21.622394190158186,-156.0060277185429
2689.208984375,0.08289858909185452,-21.629057218870628,-156.0157393315011
2689.8193359375,0.082835017593427,-21.63572062356678,-156.025447166297
2690.4296875,0.08277149125377262,-21.64238440515669,-156.03515122590673
2691.0400390625,0.08270801003510053,-21.649048564550807,-156.0448515133037
2691.650390625,0.08264457389965915,-21.655713102659977,-156.05454803145847
2692.2607421875,0.08258118280973602,-21.66237802039545,-156.06424078333868
2692.87109375,0.08251783672765776,-21.669043318668905,-156.07392977190923
2693.4814453125,0.08245453561579008,-21.675708998392402,-156.08361500013226
2694.091796875,0.08239127943653772,-21.682375060478417,-156.093296470967
2694.7021484375,0.0823280681523445,-21.689041505839832,-156.10297418736985
2695.3125,0.08226490172569315,-21.695708335389927,-156.11264815229455
2695.9228515625,0.08220178011910499,-21.702375550042426,-156.1223183686919
2696.533203125,0.08213870329514063,-21.709043150711423,-156.13198483951
2697.1435546875,0.08207567121639933,-21.715711138311423,-156.1416475676941
2697.75390625,0.08201268384551912,-21.72237951375736,-156.1513065561866
2698.3642578125,0.0819497411451765,-21.72904827796458,-156.16096180792732
2698.974609375,0.08188684307808715,-21.735717431848812,-156.17061332585303
2699.5849609375,0.08182398960700492,-21.742386976326223,-156.18026111289785
2700.1953125,0.08176118069472245,-21.74905691231338,-156.18990517199325
2700.8056640625,0.08169841630407104,-21.75572724072726,-156.19954550606758
2701.416015625,0.08163569639792023,-21.76239796248526,-156.20918211804678
2702.0263671875,0.08157302093917818,-21.769069078505186,-156.2188150108539
2702.63671875,0.0815103898907914,-21.77574058970525,-156.22844418740905
2703.2470703125,0.08144780321574485,-21.7824124970041,-156.23806965062982
2703.857421875,0.08138526087706179,-21.78908480132076,-156.24769140343093
2704.4677734375,0.08132276283780364,-21.79575750357472,-156.25730944872433
2705.078125,0.08126030906107022,-21.80243060468584,-156.26692378941928
2705.6884765625,0.0811978995099995,-21.809104105574413,-156.27653442842222
2706.298828125,0.08113553414776764,-21.81577800716115,-156.2861413686369
2706.9091796875,0.08107321293758875,-21.822452310367186,-156.2957446129643
2707.51953125,0.08101093584271517,-21.829127016114064,-156.30534416430265
2708.1298828125,0.08094870282643718,-21.835802125323738,-156.3149400255475
2708.740234375,0.0808865138520831,-21.842477638918595,-156.32453219959154
2709.3505859375,0.08082436888301926,-21.84915355782142,-156.3341206893249
2709.9609375,0.08076226788264962,-21.855829882955454,-156.34370549763483
2710.5712890625,0.08070021081441618,-21.862506615244325,-156.353286627406
2711.181640625,0.08063819764179876,-21.86918375561209,-156.36286408152023
2711.7919921875,0.08057622832831497,-21.875861304983225,-156.37243786285663
2712.40234375,0.08051430283752001,-21.882539264282634,-156.38200797429172
2713.0126953125,0.08045242113300678,-21.88921763443565,-156.39157441869918
2713.623046875,0.08039058317840594,-21.895896416368004,-156.40113719895007
2714.2333984375,0.08032878893738571,-21.90257561100587,-156.41069631791262
2714.84375,0.08026703837365182,-21.909255219275828,-156.42025177845252
2715.4541015625,0.0802053314509474,-21.91593524210491,-156.42980358343266
2716.064453125,0.0801436681330532,-21.92261568042056,-156.43935173571325
2716.6748046875,0.08008204838378744,-21.92929653515062,-156.4488962381518
2717.28515625,0.08002047216700557,-21.93597780722339,-156.45843709360315
2717.8955078125,0.0799589394466005,-21.94265949756759,-156.4679743049195
2718.505859375,0.0798974501865023,-21.949341607112366,-156.4775078749502
2719.1162109375,0.07983600435067843,-21.956024136787278,-156.48703780654213
2719.7265625,0.07977460190313349,-21.962707087522325,-156.49656410253937
2720.3369140625,0.07971324280790934,-21.969390460247933,-156.50608676578332
2720.947265625,0.07965192702908479,-21.976074255894957,-156.51560579911282
2721.5576171875,0.07959065453077589,-21.982758475394675,-156.52512120536386
2722.16796875,0.07952942527713568,-21.989443119678814,-156.53463298736992
2722.7783203125,0.07946823923235427,-21.996128189679492,-156.54414114796177
2723.388671875,0.07940709636065862,-22.002813686329294,-156.55364568996748
2723.9990234375,0.07934599662631267,-22.009499610561228,-156.56314661621258
2724.609375,0.07928493999361719,-22.01618596330873,-156.5726439295198
2725.2197265625,0.07922392642690987,-22.02287274550566,-156.5821376327093
2725.830078125,0.07916295589056514,-22.029559958086324,-156.59162772859858
2726.4404296875,0.07910202834899416,-22.03624760198545,-156.60111422000256
2727.05078125,0.07904114376664484,-22.04293567813821,-156.61059710973333
2727.6611328125,0.0789803021080017,-22.049624187480212,-156.6200764006006
2728.271484375,0.07891950333758593,-22.05631313094749,-156.62955209541124
2728.8818359375,0.0788587474199555,-22.063002509476494,-156.6390241969696
2729.4921875,0.07879803431970445,-22.069692324004166,-156.64849270807738
2730.1025390625,0.0787373640014637,-22.076382575467836,-156.65795763153363
2730.712890625,0.07867673642990052,-22.083073264805286,-156.66741897013478
2731.3232421875,0.07861615156971866,-22.089764392954727,-156.67687672667464
2731.93359375,0.07855560938565821,-22.096455960854826,-156.68633090394442
2732.5439453125,0.07849510984249546,-22.103147969444677,-156.69578150473276
2733.154296875,0.07843465290504321,-22.10984041966382,-156.70522853182558
2733.7646484375,0.07837423853815043,-22.116533312452212,-156.71467198800627
2734.375,0.07831386670670225,-22.123226648750286,-156.72411187605567
2734.9853515625,0.07825353737562005,-22.129920429498892,-156.73354819875186
2735.595703125,0.0781932505098613,-22.136614655639324,-156.74298095887045
2736.2060546875,0.07813300607441952,-22.143309328113332,-156.75241015918442
2736.81640625,0.07807280403432441,-22.150004447863086,-156.76183580246416
2737.4267578125,0.0780126443546416,-22.156700015831206,-156.77125789147746
2738.037109375,0.07795252700047263,-22.163396032960772,-156.78067642898955
2738.6474609375,0.07789245193695502,-22.17009250019529,-156.790091417763
2739.2578125,0.07783241912926221,-22.17678941847872,-156.7995028605579
2739.8681640625,0.0777724285426035,-22.18348678875546,-156.80891076013174
2740.478515625,0.07771248014222383,-22.19018461197036,-156.81831511923937
2741.0888671875,0.07765257389340413,-22.19688288906871,-156.82771594063317
2741.69921875,0.07759270976146089,-22.203581620996257,-156.83711322706282
2742.3095703125,0.07753288771174635,-22.21028080869919,-156.84650698127558
2742.919921875,0.0774731077096485,-22.21698045312413,-156.85589720601604
2743.5302734375,0.0774133697205907,-22.223680555218174,-156.86528390402628
2744.140625,0.07735367371003198,-22.230381115928854,-156.8746670780458
2744.7509765625,0.07729401964346691,-22.23708213620416,-156.88404673081166
2745.361328125,0.0772344074864256,-22.243783616992516,-156.89342286505814
2745.9716796875,0.07717483720447357,-22.2504855592428,-156.90279548351714
2746.58203125,0.07711530876321164,-22.257187963904364,-156.91216458891802
2747.1923828125,0.07705582212827602,-22.263890831926986,-156.92153018398747
2747.802734375,0.07699637726533838,-22.270594164260906,-156.93089227144986
2748.4130859375,0.07693697414010561,-22.27729796185681,-156.94025085402674
2749.0234375,0.07687761271831961,-22.284002225665873,-156.9496059344374
2749.6337890625,0.07681829296575786,-22.290706956639667,-156.95895751539842
2750.244140625,0.07675901484823276,-22.297412155730253,-156.9683055996239
2750.8544921875,0.0766997783315919,-22.304117823890152,-156.97765018982548
2751.46484375,0.076640583381718,-22.310823962072313,-156.9869912887122
2752.0751953125,0.07658142996452871,-22.31753057123018,-156.99632889899055
2752.685546875,0.07652231804597676,-22.324237652317617,-157.00566302336466
2753.2958984375,0.07646324759204984,-22.330945206288966,-157.01499366453598
2753.90625,0.07640421856877053,-22.337653234099033,-157.02432082520355
2754.5166015625,0.07634523094219632,-22.344361736703064,-157.03364450806387
2755.126953125,0.07628628467841957,-22.35107071505677,-157.0429647158109
2755.7373046875,0.07622737974356736,-22.357780170116335,-157.05228145113622
2756.34765625,0.07616851610380167,-22.364490102838385,-157.06159471672873
2756.9580078125,0.07610969372531909,-22.371200514180018,-157.07090451527503
2757.568359375,0.07605091257435093,-22.3779114050988,-157.0802108494591
2758.1787109375,0.07599217261716318,-22.384622776552735,-157.0895137219624
2758.7890625,0.07593347382005636,-22.391334629500324,-157.09881313546398
2759.3994140625,0.07587481614936567,-22.3980469649005,-157.1081090926405
2760.009765625,0.07581619957146088,-22.404759783712667,-157.11740159616588
2760.6201171875,0.07575762405274598,-22.41147308689672,-157.12669064871181
2761.23046875,0.07569908955965969,-22.418186875412978,-157.13597625294742
2761.8408203125,0.07564059605867497,-22.424901150222276,-157.1452584115393
2762.451171875,0.07558214351629947,-22.431615912285842,-157.15453712715154
2763.0615234375,0.07552373189907462,-22.438331162565458,-157.16381240244604
2763.671875,0.07546536117357663,-22.445046902023304,-157.17308424008198
2764.2822265625,0.07540703130641577,-22.451763131622076,-157.18235264271604
2764.892578125,0.07534874226423657,-22.458479852324903,-157.19161761300265
2765.5029296875,0.07529049401371787,-22.465197065095385,-157.20087915359358
2766.11328125,0.07523228652157225,-22.471914770897644,-157.21013726713835
2766.7236328125,0.07517411975454685,-22.478632970696204,-157.21939195628389
2767.333984375,0.07511599367942268,-22.485351665456093,-157.2286432236747
2767.9443359375,0.07505790826301478,-22.492070856142806,-157.2378910719529
2768.5546875,0.07499986347217207,-22.498790543722336,-157.24713550375805
2769.1650390625,0.07494185927377764,-22.505510729161102,-157.2563765217274
2769.775390625,0.07488389563474836,-22.512231413426026,-157.26561412849566
2770.3857421875,0.074825972522035,-22.5189525974845,-157.27484832669518
2770.99609375,0.07476808990262224,-22.52567428230438,-157.28407911895587
2771.6064453125,0.07471024774352837,-22.532396468854014,-157.29330650790516
2772.216796875,0.07465244601180555,-22.539119158102224,-157.30253049616817
2772.8271484375,0.07459468467453978,-22.545842351018287,-157.31175108636745
2773.4375,0.0745369636988505,-22.55256604857199,-157.32096828112319
2774.0478515625,0.074479283051891,-22.55929025173357,-157.33018208305322
2774.658203125,0.07442164270084806,-22.56601496147376,-157.33939249477285
2775.2685546875,0.07436404261294202,-22.572740178763766,-157.34859951889513
2775.87890625,0.07430648275542685,-22.579465904575272,-157.35780315803055
2776.4892578125,0.07424896309558995,-22.586192139880445,-157.3670034147872
2777.099609375,0.07419148360075223,-22.592918885651923,-157.37620029177094
2777.7099609375,0.07413404423826783,-22.599646142862852,-157.38539379158507
2778.3203125,0.07407664497552455,-22.606373912486823,-157.39458391683053
2778.9306640625,0.07401928577994328,-22.61310219549795,-157.40377067010587
2779.541015625,0.07396196661897847,-22.619830992870792,-157.41295405400723
2780.1513671875,0.07390468746011755,-22.62656030558042,-157.42213407112837
2780.76171875,0.07384744827088131,-22.63329013460239,-157.43131072406075
2781.3720703125,0.07379024901882386,-22.64002048091271,-157.4404840153933
2781.982421875,0.07373308967153228,-22.646751345487914,-157.4496539477127
2782.5927734375,0.07367597019662692,-22.653482729304987,-157.45882052360307
2783.203125,0.07361889056176091,-22.66021463334145,-157.46798374564642
2783.8134765625,0.0735618507346208,-22.66694705857526,-157.47714361642218
2784.423828125,0.07350485068292595,-22.673680005984895,-157.4863001385075
2785.0341796875,0.07344789037442878,-22.680413476549294,-157.49545331447706
2785.64453125,0.07339096977691438,-22.687147471247936,-157.50460314690338
2786.2548828125,0.0733340888582011,-22.69388199106073,-157.51374963835636
2786.865234375,0.0732772475861399,-22.700617036968115,-157.52289279140376
2787.4755859375,0.07322044592861467,-22.707352609951013,-157.53203260861082
2788.0859375,0.07316368385354204,-22.714088710990822,-157.5411690925406
2788.6962890625,0.07310696132887136,-22.720825341069464,-157.5503022457536
2789.306640625,0.07305027832258472,-22.72756250116933,-157.55943207080819
2789.9169921875,0.0729936348026969,-22.734300192273317,-157.5685585702602
2790.52734375,0.07293703073725531,-22.741038415364798,-157.57768174666325
2791.1376953125,0.07288046609433987,-22.747777171427682,-157.5868016025685
2791.748046875,0.07282394084206317,-22.75451646144633,-157.595918140525
2792.3583984375,0.0727674549485703,-22.761256286405622,-157.6050313630791
2792.96875,0.0727110083820388,-22.767996647290932,-157.61414127277519
2793.5791015625,0.07265460111067873,-22.77473754508813,-157.6232478721551
2794.189453125,0.07259823310273242,-22.781478980783596,-157.63235116375847
2794.7998046875,0.07254190432647474,-22.788220955364196,-157.64145115012244
2795.41015625,0.07248561475021277,-22.7949634698173,-157.65054783378199
2796.0205078125,0.07242936434228606,-22.801706525130776,-157.65964121726972
2796.630859375,0.07237315307106632,-22.80845012229299,-157.66873130311592
2797.2412109375,0.07231698090495739,-22.815194262292835,-157.67781809384857
2797.8515625,0.07226084781239543,-22.82193894611968,-157.68690159199332
2798.4619140625,0.07220475376184883,-22.828684174763403,-157.69598180007353
2799.072265625,0.07214869872181802,-22.835429949214383,-157.7050587206102
2799.6826171875,0.07209268266083539,-22.84217627046353,-157.71413235612218
2800.29296875,0.07203670554746557,-22.848923139502226,-157.72320270912584
2800.9033203125,0.07198076735030516,-22.85567055732237,-157.73226978213535
2801.513671875,0.07192486803798263,-22.862418524916382,-157.74133357766257
2802.1240234375,0.07186900757915865,-22.869167043277155,-157.75039409821701
2802.734375,0.07181318594252546,-22.87591611339813,-157.759451346306
2803.3447265625,0.07175740309680738,-22.882665736273236,-157.76850532443453
2803.955078125,0.07170165901076048,-22.88941591289692,-157.77755603510516
2804.5654296875,0.07164595365317279,-22.89616664426411,-157.7866034808185
2805.17578125,0.07159028699286386,-22.902917931370297,-157.79564766407253
2805.7861328125,0.07153465899868508,-22.909669775211444,-157.80468858736316
2806.396484375,0.07147906963951964,-22.916422176784028,-157.81372625318403
2807.0068359375,0.0714235188842822,-22.92317513708506,-157.82276066402633
2807.6171875,0.07136800670191912,-22.92992865711205,-157.8317918223792
2808.2275390625,0.07131253306140842,-22.93668273786301,-157.84081973072935
2808.837890625,0.07125709793175951,-22.943437380336498,-157.84984439156136
2809.4482421875,0.07120170128201345,-22.95019258553156,-157.85886580735738
2810.05859375,0.07114634308124267,-22.956948354447782,-157.8678839805974
2810.6689453125,0.07109102329855123,-22.96370468808523,-157.8768989137593
2811.279296875,0.07103574190307432,-22.970461587444536,-157.88591060931842
2811.8896484375,0.07098049886397871,-22.97721905352681,-157.89491906974797
2812.5,0.0709252941504624,-22.983977087333702,-157.90392429751904
2813.1103515625,0.07087012773175488,-22.990735689867364,-157.91292629510025
2813.720703125,0.07081499957711661,-22.99749486213049,-157.92192506495817
2814.3310546875,0.07075990965583945,-23.00425460512629,-157.93092060955698
2814.94140625,0.07070485793724644,-23.011014919858486,-157.93991293135872
2815.5517578125,0.07064984439069186,-23.017775807331322,-157.94890203282313
2816.162109375,0.07059486898556103,-23.02453726854956,-157.9578879164078
2816.7724609375,0.0705399316912702,-23.031299304518523,-157.96687058456797
2817.3828125,0.07048503247726698,-23.03806191624401,-157.97585003975675
2817.9931640625,0.07043017131302981,-23.044825104732375,-157.98482628442503
2818.603515625,0.0703753481680683,-23.051588870990475,-157.9937993210213
2819.2138671875,0.07032056301192263,-23.05835321602573,-158.00276915199214
2819.82421875,0.07026581581416431,-23.06511814084605,-158.01173577978162
2820.4345703125,0.07021110654439552,-23.071883646459895,-158.02069920683178
2821.044921875,0.07015643517224936,-23.078649733876233,-158.0296594355823
2821.6552734375,0.07010180166738969,-23.085416404104585,-158.0386164684708
2822.265625,0.07004720599951113,-23.092183658154994,-158.04757030793255
2822.8759765625,0.06999264813833911,-23.098951497038026,-158.05652095640076
2823.486328125,0.06993812805362976,-23.10571992176478,-158.0654684163063
2824.0966796875,0.06988364571516985,-23.112488933346903,-158.0744126900779
2824.70703125,0.06982920109277684,-23.11925853279655,-158.08335378014212
2825.3173828125,0.06977479415629864,-23.126028721126435,-158.09229168892327
2825.927734375,0.06972042487561396,-23.132799499349783,-158.1012264188435
2826.5380859375,0.06966609322063189,-23.139570868480366,-158.11015797232275
2827.1484375,0.06961179916129207,-23.146342829532497,-158.11908635177875
2827.7587890625,0.06955754266756459,-23.153115383521016,-158.1280115596271
2828.369140625,0.06950332370945,-23.1598885314613,-158.13693359828125
2828.9794921875,0.06944914225697923,-23.166662274369266,-158.14585247015233
2829.58984375,0.06939499828021353,-23.173436613261384,-158.15476817764937
2830.2001953125,0.06934089174924471,-23.180211549154627,-158.16368072317925
2830.810546875,0.06928682263419443,-23.18698708306655,-158.17259010914665
2831.4208984375,0.06923279090521502,-23.193763216015228,-158.18149633795414
2832.03125,0.06917879653248893,-23.200539949019266,-158.19039941200188
2832.6416015625,0.06912483948622876,-23.207317283097836,-158.1992993336882
2833.251953125,0.06907091973667719,-23.21409521927064,-158.2081961054091
2833.8623046875,0.06901703725410717,-23.220873758557925,-158.21708972955835
2834.47265625,0.0689631920088217,-23.227652901980477,-158.2259802085277
2835.0830078125,0.06890938397115386,-23.23443265055964,-158.23486754470665
2835.693359375,0.06885561311146673,-23.241213005317285,-158.2437517404826
2836.3037109375,0.0688018794001533,-23.247993967275853,-158.25263279824074
2836.9140625,0.06874818280763666,-23.254775537458322,-158.26151072036419
2837.5244140625,0.06869452330436976,-23.261557716888206,-158.2703855092339
2838.134765625,0.06864090086083545,-23.268340506589578,-158.27925716722856
2838.7451171875,0.06858731544754641,-23.275123907587062,-158.2881256967249
2839.35546875,0.06853376703504514,-23.281907920905844,-158.2969911000974
2839.9658203125,0.06848025559390399,-23.28869254757164,-158.3058533797184
2840.576171875,0.06842678109472504,-23.295477788610718,-158.31471253795814
2841.1865234375,0.0683733435081401,-23.302263645049912,-158.32356857718474
2841.796875,0.06831994280481057,-23.30905011791661,-158.3324214997642
2842.4072265625,0.0682665789554277,-23.31583720823874,-158.3412713080603
2843.017578125,0.06821325193071218,-23.3226249170448,-158.3501180044348
2843.6279296875,0.0681599617014144,-23.32941324536382,-158.3589615912472
2844.23828125,0.06810670823831433,-23.336202194225418,-158.36780207085508
2844.8486328125,0.06805349151222136,-23.34299176465974,-158.37663944561376
2845.458984375,0.06800031149397434,-23.34978195769752,-158.3854737178765
2846.0693359375,0.06794716815444177,-23.356572774370026,-158.3943048899944
2846.6796875,0.0678940614645215,-23.363364215709076,-158.40313296431646
2847.2900390625,0.06784099139514063,-23.370156282747082,-158.4119579431896
2847.900390625,0.06778795791725577,-23.376948976517006,-158.42077982895862
2848.5107421875,0.06773496100185275,-23.383742298052358,-158.42959862396626
2849.12109375,0.0676820006199469,-23.3905362483872,-158.43841433055306
2849.7314453125,0.0676290767425826,-23.397330828556193,-158.44722695105753
2850.341796875,0.06757618934083351,-23.404126039594534,-158.45603648781605
2850.9521484375,0.06752333838580243,-23.410921882538005,-158.46484294316298
2851.5625,0.06747052384862155,-23.41771835842293,-158.47364631943051
2852.1728515625,0.06741774570045193,-23.42451546828622,-158.48244661894873
2852.783203125,0.06736500391248387,-23.431313213165335,-158.49124384404573
2853.3935546875,0.06731229845593667,-23.43811159409832,-158.5000379970474
2854.00390625,0.06725962930205871,-23.44491061212377,-158.50882908027768
2854.6142578125,0.06720699642212731,-23.45171026828087,-158.5176170960583
2855.224609375,0.06715439978744887,-23.45851056360935,-158.52640204670902
2855.8349609375,0.06710183936935857,-23.46531149914954,-158.53518393454746
2856.4453125,0.06704931513922059,-23.472113075942318,-158.5439627618891
2857.0556640625,0.066996827068428,-23.47891529502914,-158.55273853104757
2857.666015625,0.0669443751284026,-23.485718157452048,-158.56151124433424
2858.2763671875,0.06689195929059516,-23.49252166425363,-158.5702809040584
2858.88671875,0.06683957952648506,-23.499325816477086,-158.5790475125274
2859.4970703125,0.06678723580758048,-23.506130615166157,-158.58781107204652
2860.107421875,0.06673492810541835,-23.512936061365185,-158.59657158491888
2860.7177734375,0.06668265639156426,-23.519742156119065,-158.6053290534456
2861.328125,0.06663042063761238,-23.52654890047329,-158.61408347992568
2861.9384765625,0.06657822081518558,-23.53335629547393,-158.6228348666562
2862.548828125,0.06652605689593526,-23.540164342167618,-158.63158321593212
2863.1591796875,0.06647392885154131,-23.54697304160159,-158.64032853004636
2863.76953125,0.0664218366537124,-23.553782394823635,-158.6490708112897
2864.3798828125,0.06636978027418533,-23.56059240288215,-158.6578100619511
2864.990234375,0.06631775968472553,-23.56740306682611,-158.66654628431723
2865.6005859375,0.06626577485712684,-23.574214387705062,-158.67527948067283
2866.2109375,0.06621382576321154,-23.581026366569134,-158.68400965330068
2866.8212890625,0.06616191237483027,-23.587839004469046,-158.69273680448143
2867.431640625,0.06611003466386173,-23.59465230245612,-158.7014609364937
2868.0419921875,0.0660581926022133,-23.601466261582242,-158.71018205161408
2868.65234375,0.06600638616182036,-23.60828088289989,-158.71890015211721
2869.2626953125,0.06595461531464673,-23.615096167462127,-158.72761524027564
2869.873046875,0.06590288003268416,-23.62191211632262,-158.73632731835988
2870.4833984375,0.06585118028795275,-23.62872873053562,-158.74503638863843
2871.09375,0.06579951605250077,-23.635546011155952,-158.7537424533778
2871.7041015625,0.06574788729840449,-23.64236395923905,-158.76244551484254
2872.314453125,0.06569629399776829,-23.649182575840932,-158.77114557529507
2872.9248046875,0.06564473612272459,-23.65600186201821,-158.7798426369958
2873.53515625,0.06559321364543379,-23.662821818828107,-158.7885367022033
2874.1455078125,0.0655417265380844,-23.6696424473284,-158.79722777317386
2874.755859375,0.06549027477289272,-23.676463748577504,-158.80591585216203
2875.3662109375,0.06543885832210301,-23.683285723634405,-158.8146009414202
2875.9765625,0.06538747715798748,-23.690108373558697,-158.8232830431988
2876.5869140625,0.06533613125284612,-23.696931699410566,-158.83196215974635
2877.197265625,0.06528482057900678,-23.703755702250795,-158.84063829330918
2877.8076171875,0.06523354510882519,-23.71058038314077,-158.8493114461318
2878.41796875,0.06518230481468461,-23.717405743142486,-158.85798162045666
2879.0283203125,0.06513109966899623,-23.72423178331852,-158.8666488185242
2879.638671875,0.06507992964419891,-23.73105850473206,-158.87531304257294
2880.2490234375,0.06502879471275909,-23.737885908446916,-158.8839742948394
2880.859375,0.06497769484717103,-23.744713995527448,-158.892632577558
2881.4697265625,0.06492663001995634,-23.75154276703869,-158.90128789296136
2882.080078125,0.06487560020366441,-23.75837222404623,-158.90994024328003
2882.6904296875,0.06482460537087209,-23.76520236761628,-158.91858963074256
2883.30078125,0.06477364549418384,-23.77203319881565,-158.92723605757556
2883.9111328125,0.0647227205462314,-23.778864718711784,-158.9358795260037
2884.521484375,0.06467183049967415,-23.7856969283727,-158.94452003824966
2885.1318359375,0.06462097532719888,-23.792529828867046,-158.95315759653408
2885.7421875,0.06457015500151966,-23.799363421264076,-158.96179220307573
2886.3525390625,0.06451936949537812,-23.806197706633636,-158.97042386009136
2886.962890625,0.0644686187815429,-23.813032686046235,-158.97905256979587
2887.5732421875,0.06441790283281025,-23.81986836057294,-158.98767833440206
2888.18359375,0.06436722162200359,-23.826704731285453,-158.9963011561208
2888.7939453125,0.06431657512197356,-23.833541799256093,-159.00492103716107
2889.404296875,0.06426596330559795,-23.840379565557793,-159.01353797972988
2890.0146484375,0.06421538614578182,-23.847218031264102,-159.02215198603227
2890.625,0.06416484361545738,-23.854057197449183,-159.03076305827133
2891.2353515625,0.06411433568758393,-23.860897065187814,-159.03937119864818
2891.845703125,0.0640638623351479,-23.867737635555393,-159.04797640936215
2892.4560546875,0.06401342353116261,-23.87457890962796,-159.05657869261037
2893.06640625,0.06396301924866868,-23.881420888482133,-159.06517805058826
2893.6767578125,0.06391264946073352,-23.88826357319519,-159.07377448548922
2894.287109375,0.06386231414045161,-23.895106964844995,-159.08236799950464
2894.8974609375,0.06381201326094435,-23.90195106451007,-159.09095859482412
2895.5078125,0.06376174679535995,-23.90879587326954,-159.09954627363527
2896.1181640625,0.06371151471687367,-23.91564139220317,-159.10813103812373
2896.728515625,0.06366131699868745,-23.922487622391326,-159.1167128904732
2897.3388671875,0.06361115361403029,-23.929334564915013,-159.1252918328656
2897.94921875,0.06356102453615764,-23.936182220855876,-159.1338678674808
2898.5595703125,0.06351092973835197,-23.943030591296175,-159.1424409964968
2899.169921875,0.06346086919392235,-23.949879677318798,-159.1510112220896
2899.7802734375,0.06341084287620465,-23.956729480007265,-159.15957854643347
2900.390625,0.06336085075856142,-23.96358000044572,-159.16814297170052
2901.0009765625,0.06331089281438164,-23.97043123971896,-159.17670450006116
2901.611328125,0.0632609690170811,-23.977283198912396,-159.18526313368378
2902.2216796875,0.06321107934010214,-23.98413587911207,-159.19381887473494
2902.83203125,0.06316122375691374,-23.99098928140465,-159.2023717253792
2903.4423828125,0.06311140224101106,-23.997843406877493,-159.21092168777932
2904.052734375,0.06306161476591615,-24.004698256618525,-159.21946876409612
2904.6630859375,0.06301186130517732,-24.011553831716334,-159.2280129564884
2905.2734375,0.06296214183236933,-24.01841013326016,-159.2365542671133
2905.8837890625,0.06291245632109344,-24.025267162339855,-159.24509269812586
2906.494140625,0.0628628047449771,-24.032124920045934,-159.2536282516794
2907.1044921875,0.06281318707767432,-24.03898340746954,-159.26216092992516
2907.71484375,0.06276360329286525,-24.045842625702466,-159.27069073501264
2908.3251953125,0.06271405336425642,-24.05270257583713,-159.27921766908943
2908.935546875,0.06266453726558065,-24.059563258966612,-159.28774173430122
2909.5458984375,0.06261505497059684,-24.06642467618463,-159.29626293279176
2910.15625,0.06256560645309027,-24.073286828585537,-159.30478126670303
2910.7666015625,0.06251619168687227,-24.08014971726434,-159.3132967381751
2911.376953125,0.062466810645780385,-24.08701334331669,-159.32180934934607
2911.9873046875,0.06241746330367816,-24.093877707838903,-159.3303191023523
2912.59765625,0.062368149634455375,-24.1007428119279,-159.33882599932818
2913.2080078125,0.062318869612027754,-24.107608656681304,-159.3473300424063
2913.818359375,0.06226962321033705,-24.114475243197354,-159.35583123371737
2914.4287109375,0.062220410403351176,-24.12134257257493,-159.3643295753902
2915.0390625,0.06217123116506371,-24.12821064591361,-159.37282506955177
2915.6494140625,0.06212208546949443,-24.13507946431359,-159.38131771832718
2916.259765625,0.062072973290688886,-24.14194902887573,-159.38980752383972
2916.8701171875,0.0620238946027187,-24.148819340701515,-159.39829448821078
2917.48046875,0.06197484937968103,-24.155690400893143,-159.40677861355982
2918.0908203125,0.06192583759569908,-24.162562210553425,-159.41525990200464
2918.701171875,0.061876859224921824,-24.16943477078585,-159.42373835566102
2919.3115234375,0.06182791424152398,-24.176308082694543,-159.43221397664294
2919.921875,0.06177900261970608,-24.183182147384308,-159.44068676706263
2920.5322265625,0.06173012433369412,-24.190056965960615,-159.4491567290303
2921.142578125,0.061681279357740065,-24.19693253952957,-159.4576238646545
2921.7529296875,0.06163246766612137,-24.203808869197964,-159.46608817604175
2922.36328125,0.06158368923314121,-24.210685956073235,-159.4745496652969
2922.9736328125,0.061534944033128314,-24.217563801263484,-159.48300833452288
2923.583984375,0.061486232040436906,-24.224442405877497,-159.49146418582086
2924.1943359375,0.0614375532294468,-24.23132177102471,-159.49991722129005
2924.8046875,0.06138890757456341,-24.238201897815227,-159.5083674430279
2925.4150390625,0.06134029505021752,-24.245082787359816,-159.51681485313011
2926.025390625,0.06129171563086541,-24.25196444076992,-159.52525945369044
2926.6357421875,0.061243169290988754,-24.258846859157654,-159.53370124680086
2927.24609375,0.06119465600509469,-24.265730043635795,-159.54214023455154
2927.8564453125,0.06114617574771567,-24.272613995317794,-159.55057641903076
2928.466796875,0.06109772849340954,-24.279498715317764,-159.55900980232514
2929.0771484375,0.061049314216759354,-24.286384204750526,-159.56744038651934
2929.6875,0.06100093289237357,-24.29327046473153,-159.57586817369628
2930.2978515625,0.060952584494885866,-24.300157496376933,-159.58429316593697
2930.908203125,0.06090426899895513,-24.307045300803548,-159.59271536532071
2931.5185546875,0.060855986379265425,-24.31393387912888,-159.601134773925
2932.12890625,0.06080773661052606,-24.320823232471106,-159.60955139382548
2932.7392578125,0.060759519667471416,-24.32771336194908,-159.61796522709602
2933.349609375,0.06071133552486111,-24.334604268682334,-159.6263762758086
2933.9599609375,0.06066318415747976,-24.341495953791075,-159.63478454203354
2934.5703125,0.060615065540136986,-24.348388418396212,-159.64319002783932
2935.1806640625,0.06056697964766754,-24.35528166361933,-159.65159273529255
2935.791015625,0.06051892645493112,-24.36217569058268,-159.6599926664581
2936.4013671875,0.06047090593681258,-24.369070500409205,-159.66838982339908
2937.01171875,0.06042291806822152,-24.375966094222537,-159.67678420817674
2937.6220703125,0.06037496282409241,-24.382862473147014,-159.68517582285057
2938.232421875,0.06032704017938484,-24.38975963830763,-159.69356466947838
2938.8427734375,0.06027915010908317,-24.396657590830074,-159.701950750116
2939.453125,0.06023129258819662,-24.403556331840733,-159.71033406681758
2940.0634765625,0.060183467591759125,-24.410455862466684,-159.7187146216356
2940.673828125,0.06013567509482956,-24.417356183835686,-159.7270924166205
2941.2841796875,0.060087915072491435,-24.424257297076206,-159.73546745382123
2941.89453125,0.06004018749985303,-24.43115920331739,-159.74383973528475
2942.5048828125,0.05999249235204744,-24.438061903689068,-159.75220926305633
2943.115234375,0.059944829604232225,-24.444965399321795,-159.76057603917954
2943.7255859375,0.05989719923158974,-24.4518696913468,-159.76894006569609
2944.3359375,0.05984960120932693,-24.458774780896025,-159.7773013446459
2944.9462890625,0.05980203551267542,-24.465680669102078,-159.7856598780672
2945.556640625,0.05975450211689117,-24.47258735709831,-159.79401566799643
2946.1669921875,0.05970700099725497,-24.47949484601873,-159.8023687164683
2946.77734375,0.05965953212907192,-24.486403136998085,-159.81071902551568
2947.3876953125,0.059612095487671664,-24.4933122311718,-159.8190665971698
2947.998046875,0.059564691048408426,-24.500222129675993,-159.82741143346001
2948.6083984375,0.05951731878666062,-24.507132833647525,-159.83575353641405
2949.21875,0.05946997867783123,-24.514044344223933,-159.84409290805777
2949.8291015625,0.059422670697347614,-24.520956662543462,-159.85242955041534
2950.439453125,0.05937539482066148,-24.52786978974507,-159.8607634655092
2951.0498046875,0.05932815102324891,-24.534783726968396,-159.86909465535996
2951.66015625,0.059280939280610075,-24.541698475353847,-159.8774231219866
2952.2705078125,0.059233759568269574,-24.548614036042494,-159.88574886740633
2952.880859375,0.05918661186177631,-24.55553041017612,-159.89407189363456
2953.4912109375,0.05913949613670337,-24.562447598897226,-159.902392202685
2954.1015625,0.05909241236864788,-24.56936560334904,-159.91070979656965
2954.7119140625,0.059045360533231256,-24.5762844246755,-159.91902467729875
2955.322265625,0.058998340606099126,-24.583204064021224,-159.9273368468808
2955.9326171875,0.0589513525629211,-24.590124522531593,-159.93564630732263
2956.54296875,0.05890439637939096,-24.59704580135267,-159.94395306062918
2957.1533203125,0.05885747203122646,-24.603967901631265,-159.9522571088039
2957.763671875,0.05881057949416944,-24.610890824514886,-159.96055845384834
2958.3740234375,0.05876371874398571,-24.61781457115177,-159.96885709776242
2958.984375,0.0587168897564652,-24.624739142690856,-159.97715304254424
2959.5947265625,0.058670092507421584,-24.631664540281836,-159.98544629019037
2960.205078125,0.05862332697269257,-24.638590765075108,-159.9937368426954
2960.8154296875,0.0585765931281398,-24.645517818221784,-160.00202470205244
2961.42578125,0.05852989094964868,-24.652445700873727,-160.01030987025277
2962.0361328125,0.05848322041312863,-24.659374414183493,-160.01859234928594
2962.646484375,0.05843658149451272,-24.666303959304393,-160.02687214113996
2963.2568359375,0.05838997416975788,-24.673234337390454,-160.0351492478009
2963.8671875,0.05834339841484486,-24.68016554959643,-160.04342367125324
2964.4775390625,0.05829685420577807,-24.687097597077816,-160.05169541347976
2965.087890625,0.05825034151858575,-24.694030480990815,-160.05996447646157
2965.6982421875,0.058203860329319686,-24.700964202492383,-160.06823086217804
2966.30859375,0.0581574106140554,-24.707898762740207,-160.07649457260683
2966.9189453125,0.05811099234889204,-24.71483416289271,-160.08475560972389
2967.529296875,0.058064605509952516,-24.72177040410902,-160.09301397550354
2968.1396484375,0.05801825007338302,-24.728707487549052,-160.10126967191837
2968.75,0.05797192601535354,-24.735645414373412,-160.1095227009393
2969.3603515625,0.05792563331205747,-24.742584185743482,-160.1177730645355
2969.970703125,0.057879371939711884,-24.749523802821347,-160.12602076467454
2970.5810546875,0.057833141874557244,-24.756464266769843,-160.13426580332225
2971.19140625,0.05778694309285728,-24.763405578752582,-160.1425081824428
2971.8017578125,0.05774077557089945,-24.770347739933875,-160.15074790399868
2972.412109375,0.05769463928499449,-24.777290751478787,-160.1589849699507
2973.0224609375,0.057648534211476594,-24.784234614553124,-160.16721938225794
2973.6328125,0.05760246032670304,-24.79117933032348,-160.17545114287788
2974.2431640625,0.05755641760705478,-24.79812489995713,-160.1836802537663
2974.853515625,0.05751040602893586,-24.805071324622144,-160.19190671687736
2975.4638671875,0.05746442556877372,-24.81201860548731,-160.2001305341634
2976.07421875,0.05741847620301899,-24.81896674372219,-160.20835170757528
2976.6845703125,0.05737255790814546,-24.825915740497088,-160.21657023906204
2977.294921875,0.05732667066065027,-24.83286559698305,-160.22478613057115
2977.9052734375,0.057280814437053594,-24.8398163143519,-160.2329993840484
2978.515625,0.05723498921389887,-24.84676789377618,-160.24121000143788
2979.1259765625,0.05718919496775262,-24.853720336429213,-160.24941798468205
2979.736328125,0.05714343167520442,-24.860673643485075,-160.25762333572177
2980.3466796875,0.05709769931286695,-24.8676278161186,-160.26582605649608
2980.95703125,0.05705199785737598,-24.874582855505363,-160.2740261489426
2981.5673828125,0.05700632728539027,-24.88153876282172,-160.28222361499706
2982.177734375,0.05696068757359152,-24.888495539244776,-160.29041845659373
2982.7880859375,0.05691507869868445,-24.89545318595241,-160.29861067566512
2983.3984375,0.05686950063739684,-24.90241170412323,-160.30680027414215
2984.0087890625,0.05682395336647911,-24.909371094936663,-160.31498725395403
2984.619140625,0.056778436862705,-24.91633135957283,-160.3231716170284
2985.2294921875,0.056732951102870674,-24.923292499212685,-160.33135336529125
2985.83984375,0.056687496063795376,-24.930254515037916,-160.33953250066693
2986.4501953125,0.056642071722321184,-24.93721740823098,-160.3477090250781
2987.060546875,0.05659667805531298,-24.94418117997509,-160.35588294044578
2987.6708984375,0.05655131503965827,-24.95114583145427,-160.36405424868948
2988.28125,0.05650598265226738,-24.958111363853284,-160.37222295172697
2988.8916015625,0.05646068087007352,-24.965077778357664,-160.38038905147442
2989.501953125,0.05641540967003233,-24.972045076153734,-160.38855254984634
2990.1123046875,0.056370169029122376,-24.979013258428573,-160.39671344875566
2990.72265625,0.056324958924344574,-24.98598232637007,-160.40487175011367
2991.3330078125,0.05627977933272277,-24.992952281166847,-160.41302745583002
2991.943359375,0.05623463023130324,-24.99992312400833,-160.42118056781274
2992.5537109375,0.05618951159715487,-25.006894856084713,-160.42933108796834
2993.1640625,0.0561444234073691,-25.013867478586977,-160.43747901820154
2993.7744140625,0.056099365639059845,-25.02084099270689,-160.44562436041556
2994.384765625,0.05605433826936356,-25.027815399636992,-160.45376711651198
2994.9951171875,0.05600934127543922,-25.034790700570596,-160.46190728839076
2995.60546875,0.05596437463446818,-25.04176689670182,-160.47004487795024
2996.2158203125,0.055919438323654196,-25.048743989225567,-160.4781798870872
2996.826171875,0.055874532320223526,-25.055721979337502,-160.4863123176968
2997.4365234375,0.055829656601424714,-25.06270086823411,-160.4944421716725
2998.046875,0.05578481114452874,-25.069680657112634,-160.50256945090624
2998.6572265625,0.055739995926828836,-25.07666134717113,-160.5106941572884
2999.267578125,0.05569521092564056,-25.083642939608435,-160.51881629270773
2999.8779296875,0.05565045611830172,-25.090625435624183,-160.52693585905126
3000.48828125,0.055605731482172426,-25.0976088364188,-160.5350528582046
3001.0986328125,0.05556103699463508,-25.10459314319349,-160.54316729205166
3001.708984375,0.05551637263309409,-25.11157835715029,-160.55127916247483
3002.3193359375,0.05547173837497624,-25.118564479491994,-160.5593884713548
3002.9296875,0.05542713419773035,-25.125551511422223,-160.56749522057078
3003.5400390625,0.055382560078827435,-25.132539454145373,-160.5755994120004
3004.150390625,0.05533801599576071,-25.139528308866645,-160.58370104751953
3004.7607421875,0.05529350192604519,-25.146518076792074,-160.59180012900265
3005.37109375,0.05524901784721819,-25.153508759128457,-160.59989665832256
3005.9814453125,0.055204563736839046,-25.1605003570834,-160.60799063735055
3006.591796875,0.055160139572489025,-25.167492871865335,-160.61608206795626
3007.2021484375,0.05511574533177142,-25.174486304683484,-160.62417095200774
3007.8125,0.05507138099231148,-25.18148065674788,-160.6322572913716
3008.4228515625,0.0550270465317564,-25.188475929269355,-160.64034108791267
3009.033203125,0.05498274192777528,-25.19547212345957,-160.64842234349436
3009.6435546875,0.05493846715805916,-25.202469240530974,-160.6565010599785
3010.25390625,0.05489422220032083,-25.20946728169685,-160.66457723922528
3010.8642578125,0.05485000703229508,-25.21646624817127,-160.67265088309335
3011.474609375,0.05480582163173841,-25.22346614116914,-160.68072199343985
3012.0849609375,0.054761665976429154,-25.230466961906167,-160.68879057212027
3012.6953125,0.05471754004416746,-25.23746871159887,-160.6968566209886
3013.3056640625,0.054673443812775106,-25.244471391464618,-160.70492014189722
3013.916015625,0.05462937726009569,-25.251475002721563,-160.71298113669698
3014.5263671875,0.05458534036399451,-25.25847954658869,-160.72103960723723
3015.13671875,0.05454133310235853,-25.265485024285802,-160.7290955553657
3015.7470703125,0.054497355453096384,-25.272491437033523,-160.73714898292843
3016.357421875,0.05445340739413825,-25.27949878605331,-160.74519989177026
3016.9677734375,0.05440948890343601,-25.28650707256744,-160.75324828373414
3017.578125,0.0543655999589631,-25.293516297799002,-160.76129416066163
3018.1884765625,0.054321740538714594,-25.300526462971916,-160.76933752439274
3018.798828125,0.054277910620706915,-25.307537569310952,-160.77737837676594
3019.4091796875,0.05423411018297814,-25.31454961804169,-160.785416719618
3020.01953125,0.05419033920358778,-25.321562610390544,-160.79345255478444
3020.6298828125,0.054146597660616906,-25.32857654758475,-160.80148588409895
3021.240234375,0.054102885532167945,-25.335591430852386,-160.80951670939388
3021.8505859375,0.054059202796364704,-25.342607261422373,-160.8175450324999
3022.4609375,0.05401554943135252,-25.34962404052444,-160.8255708552463
3023.0712890625,0.05397192541529796,-25.35664176938919,-160.83359417946068
3023.681640625,0.053928330726389105,-25.363660449248012,-160.84161500696922
3024.2919921875,0.053884765342835136,-25.370680081333198,-160.84963333959652
3024.90234375,0.05384122924286675,-25.37770066687783,-160.8576491791657
3025.5126953125,0.05379772240473585,-25.384722207115836,-160.86566252749822
3026.123046875,0.05375424480671554,-25.391744703282008,-160.87367338641417
3026.7333984375,0.05371079642710024,-25.39876815661197,-160.88168175773205
3027.34375,0.053667377244205575,-25.405792568342175,-160.8896876432689
3027.9541015625,0.05362398723636825,-25.412817939709957,-160.89769104484006
3028.564453125,0.053580626381946266,-25.41984427195347,-160.90569196425955
3029.1748046875,0.05353729465931872,-25.42687156631171,-160.9136904033398
3029.78515625,0.053493992046885826,-25.433899824024543,-160.9216863638917
3030.3955078125,0.053450718523068846,-25.440929046332688,-160.92967984772469
3031.005859375,0.05340747406631018,-25.44795923447769,-160.93767085664663
3031.6162109375,0.053364258655073285,-25.45499038970197,-160.94565939246385
3032.2265625,0.05332107226784261,-25.462022513248787,-160.9536454569813
3032.8369140625,0.05327791488312358,-25.469055606362275,-160.96162905200228
3033.447265625,0.053234786479442665,-25.476089670287404,-160.96961017932864
3034.0576171875,0.05319168703534727,-25.483124706270015,-160.97758884076083
3034.66796875,0.05314861652940567,-25.490160715556808,-160.98556503809758
3035.2783203125,0.05310557494020725,-25.497197699395326,-160.99353877313627
3035.888671875,0.05306256224636202,-25.504235659034002,-161.0015100476728
3036.4990234375,0.05301957842650101,-25.51127459572211,-161.00947886350144
3037.109375,0.05297662345927612,-25.518314510709796,-161.01744522241512
3037.7197265625,0.05293369732336006,-25.525355405248057,-161.0254091262052
3038.330078125,0.05289079999744618,-25.532397280588796,-161.03337057666147
3038.9404296875,0.0528479314602488,-25.53944013798474,-161.0413295755724
3039.55078125,0.05280509169050293,-25.5464839786895,-161.04928612472483
3040.1611328125,0.05276228066696434,-25.55352880395756,-161.05724022590414
3040.771484375,0.05271949836840946,-25.560574615044274,-161.06519188089433
3041.3818359375,0.052676744773635376,-25.56762141320588,-161.0731410914777
3041.9921875,0.05263401986145993,-25.574669199699475,-161.08108785943534
3042.6025390625,0.05259132361072156,-25.581717975783032,-161.08903218654663
3043.212890625,0.05254865600027937,-25.588767742715394,-161.09697407458955
3043.8232421875,0.05250601700901298,-25.59581850175631,-161.1049135253407
3044.43359375,0.05246340661582261,-25.602870254166376,-161.112850540575
3045.0439453125,0.05242082479962907,-25.60992300120709,-161.12078512206608
3045.654296875,0.0523782715393737,-25.616976744140814,-161.12871727158594
3046.2646484375,0.05233574681401835,-25.624031484230805,-161.13664699090532
3046.875,0.05229325060254525,-25.631087222741215,-161.14457428179324
3047.4853515625,0.05225078288395726,-25.638143960937043,-161.15249914601748
3048.095703125,0.05220834363727757,-25.645201700084215,-161.16042158534412
3048.7060546875,0.0521659328415498,-25.652260441449528,-161.16834160153803
3049.31640625,0.05212355047583807,-25.65932018630065,-161.17625919636242
3049.9267578125,0.052081196519226686,-25.666380935906183,-161.1841743715791
3050.537109375,0.052038870950820486,-25.67344269153558,-161.19208712894846
3051.1474609375,0.051996573749744555,-25.680505454459208,-161.19999747022936
3051.7578125,0.05195430489514436,-25.687569225948312,-161.20790539717922
3052.3681640625,0.0519120643661855,-25.694634007275056,-161.2158109115541
3052.978515625,0.051869852142053974,-25.701699799712486,-161.22371401510844
3053.5888671875,0.05182766820195597,-25.708766604534546,-161.2316147095954
3054.19921875,0.05178551252511799,-25.715834423016076,-161.2395129967665
3054.8095703125,0.05174338509078666,-25.722903256432815,-161.24740887837203
3055.419921875,0.051701285878228705,-25.729973106061426,-161.2553023561606
3056.0302734375,0.05165921486673108,-25.737043973179464,-161.26319343187956
3056.640625,0.05161717203560097,-25.744115859065367,-161.27108210727474
3057.2509765625,0.05157515736416559,-25.751188764998496,-161.27896838409052
3057.861328125,0.05153317083177211,-25.758262692259137,-161.28685226406984
3058.4716796875,0.051491212417788014,-25.76533764212845,-161.2947337489542
3059.08203125,0.0514492821016007,-25.77241361588853,-161.30261284048368
3059.6923828125,0.0514073798626176,-25.779490614822368,-161.3104895403969
3060.302734375,0.0513655056802662,-25.78656864021387,-161.31836385043113
3060.9130859375,0.05132365953399387,-25.79364769334787,-161.326235772322
3061.5234375,0.051281841403268004,-25.800727775510104,-161.33410530780392
3062.1337890625,0.05124005126757599,-25.807808887987225,-161.34197245860983
3062.744140625,0.05119828910642503,-25.8148910320668,-161.3498372264711
3063.3544921875,0.05115655489934231,-25.82197420903732,-161.3576996131178
3063.96484375,0.05111484862587479,-25.829058420188208,-161.3655596202786
3064.5751953125,0.051073170265589385,-25.83614366680978,-161.37341724968064
3065.185546875,0.05103151979807278,-25.843229950193308,-161.38127250304967
3065.7958984375,0.050989897202931525,-25.850317271630953,-161.38912538211005
3066.40625,0.05094830245979193,-25.85740563241583,-161.39697588858473
3067.0166015625,0.05090673554829999,-25.864495033841983,-161.4048240241952
3067.626953125,0.05086519644812161,-25.871585477204352,-161.4126697906615
3068.2373046875,0.050823685138942254,-25.878676963798846,-161.4205131897024
3068.84765625,0.0507822016004673,-25.885769494922258,-161.4283542230351
3069.4580078125,0.05074074581242157,-25.89286307187237,-161.43619289237537
3070.068359375,0.05069931775454968,-25.899957695947858,-161.44402919943778
3070.6787109375,0.050657917406615856,-25.90705336844834,-161.45186314593528
3071.2890625,0.050616544748404046,-25.914150090674365,-161.45969473357943
3071.8994140625,0.05057519975971758,-25.921247863927444,-161.46752396408056
3072.509765625,0.05053388242037952,-25.92834668951001,-161.47535083914738
3073.1201171875,0.05049259271023247,-25.935446568725435,-161.48317536048734
3073.73046875,0.050451330609138555,-25.94254750287803,-161.4909975298064
3074.3408203125,0.05041009609697943,-25.94964949327305,-161.49881734880918
3074.951171875,0.05036888915365612,-25.956752541216712,-161.5066348191989
3075.5615234375,0.0503277097590893,-25.96385664801616,-161.5144499426773
3076.171875,0.050286557893219036,-25.97096181497949,-161.5222627209448
3076.7822265625,0.05024543353600475,-25.978068043415746,-161.53007315570045
3077.392578125,0.050204336667425374,-25.985175334634917,-161.53788124864175
3078.0029296875,0.05016326726747914,-25.99228368994796,-161.5456870014651
3078.61328125,0.05012222531618372,-25.99939311066677,-161.55349041586518
3079.2236328125,0.0500812107935761,-26.006503598104192,-161.56129149353555
3079.833984375,0.0500402236797126,-26.01361515357404,-161.56909023616817
3080.4443359375,0.04999926395466879,-26.02072777839108,-161.57688664545375
3081.0546875,0.04995833159853963,-26.02784147387103,-161.5846807230816
3081.6650390625,0.04991742659143925,-26.034956241330576,-161.59247247073958
3082.275390625,0.04987654891350106,-26.042072082087362,-161.60026189011424
3082.8857421875,0.04983569854487775,-26.049188997459982,-161.60804898289072
3083.49609375,0.049794875465741045,-26.056306988768018,-161.61583375075278
3084.1064453125,0.04975407965628203,-26.063426057332,-161.62361619538282
3084.716796875,0.049713311096710816,-26.07054620447343,-161.6313963184618
3085.3271484375,0.04967256976725682,-26.07766743151476,-161.63917412166944
3085.9375,0.04963185564816834,-26.084789739779456,-161.64694960668396
3086.5478515625,0.04959116871971297,-26.091913130591905,-161.65472277518222
3087.158203125,0.049550508962177296,-26.0990376052775,-161.66249362883985
3087.7685546875,0.049509876355867004,-26.106163165162574,-161.67026216933087
3088.37890625,0.04946927088110683,-26.113289811574468,-161.67802839832814
3088.9892578125,0.049428692518240384,-26.12041754584149,-161.68579231750311
3089.599609375,0.0493881412476304,-26.127546369292926,-161.69355392852583
3090.2099609375,0.0493476170496586,-26.134676283259026,-161.70131323306495
3090.8203125,0.049307119904725624,-26.14180728907104,-161.70907023278787
3091.4306640625,0.04926664979325109,-26.148939388061166,-161.71682492936048
3092.041015625,0.049226206695673354,-26.156072581562654,-161.7245773244475
3092.6513671875,0.049185790592449895,-26.163206870909672,-161.73232741971213
3093.26171875,0.04914540146405695,-26.1703422574374,-161.74007521681634
3093.8720703125,0.04910503929098966,-26.177478742482002,-161.7478207174206
3094.482421875,0.049064704053761905,-26.18461632738064,-161.7555639231842
3095.0927734375,0.04902439573290647,-26.19175501347145,-161.76330483576496
3095.703125,0.048984114308974924,-26.198894802093573,-161.77104345681934
3096.3134765625,0.04894385976253756,-26.20603569458714,-161.77877978800254
3096.923828125,0.048903632074183495,-26.21317769229328,-161.7865138309684
3097.5341796875,0.048863431224520505,-26.220320796554102,-161.7942455873693
3098.14453125,0.04882325719417507,-26.227465008712745,-161.8019750588564
3098.7548828125,0.048783109963792474,-26.23461033011331,-161.80970224707954
3099.365234375,0.048742989514036564,-26.24175676210092,-161.81742715368705
3099.9755859375,0.0487028958255899,-26.2489043060217,-161.8251497803261
3100.5859375,0.0486628288791536,-26.25605296322278,-161.83287012864244
3101.1962890625,0.048622788655447516,-26.263202735052275,-161.8405882002805
3101.806640625,0.04858277513520995,-26.270353622859336,-161.84830399688332
3102.4169921875,0.048542788299197934,-26.27750562799409,-161.8560175200927
3103.02734375,0.04850282812818689,-26.284658751807697,-161.86372877154906
3103.6376953125,0.04846289460297087,-26.29181299565233,-161.87143775289152
3104.248046875,0.04842298770436241,-26.29896836088116,-161.87914446575778
3104.8583984375,0.04838310741319258,-26.306124848848373,-161.88684891178434
3105.46875,0.04834325371031094,-26.313282460909168,-161.89455109260626
3106.0791015625,0.04830342657658534,-26.320441198419783,-161.90225100985734
3106.689453125,0.0482636259929022,-26.327601062737447,-161.90994866517008
3107.2998046875,0.0482238519401664,-26.334762055220423,-161.91764406017555
3107.91015625,0.04818410439930116,-26.34192417722798,-161.9253371965036
3108.5205078125,0.048144383351247946,-26.349087430120445,-161.93302807578274
3109.130859375,0.04810468877696677,-26.35625181525913,-161.94071669964012
3109.7412109375,0.048065020657435925,-26.363417334006392,-161.94840306970167
3110.3515625,0.04802537897365195,-26.37058398772561,-161.9560871875919
3110.9619140625,0.047985763706629804,-26.377751777781178,-161.963769054934
3111.572265625,0.04794617483740257,-26.38492070553856,-161.97144867334995
3112.1826171875,0.04790661234702169,-26.392090772364213,-161.97912604446037
3112.79296875,0.04786707621655688,-26.399261979625635,-161.9868011698845
3113.4033203125,0.04782756642709591,-26.406434328691383,-161.9944740512404
3114.013671875,0.04778808295974497,-26.413607820931006,-162.0021446901447
3114.6240234375,0.04774862579562821,-26.420782457715134,-162.00981308821284
3115.234375,0.04770919491588812,-26.427958240415414,-162.01747924705884
3115.8447265625,0.0476697903016852,-26.435135170404532,-162.02514316829553
3116.455078125,0.04763041193419819,-26.44231324905622,-162.03280485353432
3117.0654296875,0.04759105979462381,-26.44949247774526,-162.04046430438547
3117.67578125,0.04755173386417692,-26.45667285784748,-162.04812152245776
3118.2861328125,0.047512434124090466,-26.463854390739737,-162.05577650935885
3118.896484375,0.04747316055561539,-26.47103707779996,-162.06342926669495
3119.5068359375,0.04743391314002079,-26.47822092040709,-162.07107979607113
3120.1171875,0.047394691858593525,-26.48540591994118,-162.078728099091
3120.7275390625,0.04735549669263865,-26.49259207778328,-162.086374177357
3121.337890625,0.04731632762347906,-26.49977939531552,-162.09401803247027
3121.9482421875,0.04727718463245578,-26.50696787392107,-162.10165966603057
3122.55859375,0.047238067700927505,-26.514157514984188,-162.10929907963651
3123.1689453125,0.047198976810270986,-26.52134831989017,-162.11693627488532
3123.779296875,0.047159911941880926,-26.52854029002536,-162.1245712533729
3124.3896484375,0.047120873077169785,-26.535733426777178,-162.13220401669403
3125.0,0.04708186019756797,-26.542927731534114,-162.139834566442
3125.6103515625,0.047042873284523536,-26.550123205685722,-162.14746290420902
3126.220703125,0.04700391231950259,-26.557319850622612,-162.15508903158596
3126.8310546875,0.04696497728398892,-26.564517667736464,-162.16271295016224
3127.44140625,0.04692606815948407,-26.571716658420037,-162.17033466152628
3128.0517578125,0.046887184927507417,-26.57891682406715,-162.177954167265
3128.662109375,0.04684832756959597,-26.5861181660727,-162.18557146896418
3129.2724609375,0.046809496067304536,-26.593320685832676,-162.19318656820832
3129.8828125,0.04677069040220562,-26.60052438474411,-162.20079946658055
3130.4931640625,0.046731910555889405,-26.607729264205126,-162.20841016566277
3131.103515625,0.04669315650996371,-26.61493532561494,-162.2160186670357
3131.7138671875,0.04665442824605402,-26.622142570373832,-162.2236249722787
3132.32421875,0.04661572574580343,-26.629350999883172,-162.23122908296995
3132.9345703125,0.04657704899087268,-26.636560615545413,-162.23883100068616
3133.544921875,0.046538397962940056,-26.643771418764093,-162.24643072700306
3134.1552734375,0.04649977264370144,-26.650983410943837,-162.2540282634949
3134.765625,0.046461173014870225,-26.658196593490363,-162.26162361173476
3135.3759765625,0.0464225990581774,-26.665410967810466,-162.26921677329452
3135.986328125,0.04638405075537142,-26.67262653531205,-162.27680774974468
3136.5966796875,0.046345528088218256,-26.6798432974041,-162.28439654265452
3137.20703125,0.046307031038501346,-26.687061255496708,-162.29198315359207
3137.8173828125,0.04626855958802158,-26.69428041100105,-162.29956758412422
3138.427734375,0.046230113718597275,-26.701500765329413,-162.3071498358164
3139.0380859375,0.04619169341206429,-26.70872231989516,-162.3147299102329
3139.6484375,0.046153298650275676,-26.715945076112785,-162.3223078089368
3140.2587890625,0.046114929415102,-26.723169035397877,-162.32988353348986
3140.869140625,0.0460765856884312,-26.730394199167122,-162.33745708545263
3141.4794921875,0.04603826745216852,-26.73762056883831,-162.3450284663844
3142.08984375,0.045999974688236626,-26.74484814583034,-162.3525976778432
3142.7001953125,0.04596170737857525,-26.752076931563245,-162.36016472138584
3143.310546875,0.045923465505141675,-26.759306927458148,-162.36772959856788
3143.9208984375,0.04588524904991039,-26.76653813493726,-162.37529231094365
3144.53125,0.04584705799487309,-26.77377055542396,-162.38285286006624
3145.1416015625,0.045808892322038705,-26.78100419034271,-162.3904112474875
3145.751953125,0.045770752013433426,-26.78823904111909,-162.39796747475796
3146.3623046875,0.04573263705110063,-26.795475109179815,-162.40552154342706
3146.97265625,0.04569454741710085,-26.802712395952707,-162.41307345504296
3147.5830078125,0.04565648309351184,-26.809950902866714,-162.4206232111525
3148.193359375,0.04561844406242843,-26.81719063135192,-162.4281708133014
3148.8037109375,0.04558043030596265,-26.82443158283951,-162.4357162630341
3149.4140625,0.04554244180624356,-26.831673758761823,-162.44325956189377
3150.0244140625,0.04550447854541737,-26.838917160552317,-162.45080071142243
3150.634765625,0.04546654050564736,-26.84616178964557,-162.45833971316083
3151.2451171875,0.04542862766911386,-26.85340764747731,-162.46587656864853
3151.85546875,0.04539074001801419,-26.860654735484395,-162.47341127942377
3152.4658203125,0.04535287753456274,-26.86790305510482,-162.48094384702372
3153.076171875,0.045315040200990926,-26.8751526077777,-162.48847427298418
3153.6865234375,0.04527722799954707,-26.88240339494331,-162.49600255883982
3154.296875,0.04523944091249651,-26.889655418043063,-162.5035287061241
3154.9072265625,0.04520167892212149,-26.896908678519512,-162.5110527163692
3155.517578125,0.045163942010721256,-26.90416317781635,-162.51857459110613
3156.1279296875,0.045126230160611965,-26.911418917378413,-162.5260943318646
3156.73828125,0.045088543354126535,-26.918675898651703,-162.53361194017327
3157.3486328125,0.045050881573614844,-26.925934123083366,-162.54112741755947
3157.958984375,0.04501324480144369,-26.933193592121675,-162.54864076554932
3158.5693359375,0.0449756330199967,-26.94045430721607,-162.55615198566775
3159.1796875,0.04493804621167416,-26.94771626981717,-162.5636610794385
3159.7900390625,0.0449004843588933,-26.95497948137673,-162.57116804838407
3160.400390625,0.044862947444088155,-26.96224394334765,-162.57867289402583
3161.0107421875,0.04482543544970948,-26.969509657184005,-162.58617561788378
3161.62109375,0.04478794835822482,-26.976776624341024,-162.59367622147693
3162.2314453125,0.04475048615211834,-26.98404484627512,-162.6011747063229
3162.841796875,0.04471304881389106,-26.991314324443838,-162.60867107393824
3163.4521484375,0.04467563632606062,-26.998585060305913,-162.61616532583824
3164.0625,0.04463824867116139,-27.00585705532124,-162.623657463537
3164.6728515625,0.04460088583174433,-27.013130310950885,-162.63114748854744
3165.283203125,0.04456354779037709,-27.0204048286571,-162.63863540238123
3165.8935546875,0.044526234529644,-27.027680609903268,-162.6461212065489
3166.50390625,0.044488946032145885,-27.034957656154003,-162.65360490255983
3167.1142578125,0.04445168228050027,-27.042235968875048,-162.66108649192205
3167.724609375,0.04441444325734117,-27.049515549533357,-162.66856597614256
3168.3349609375,0.044377228945319196,-27.05679639959705,-162.67604335672712
3168.9453125,0.044340039327101545,-27.064078520535432,-162.68351863518023
3169.5556640625,0.044302874385371845,-27.07136191381899,-162.69099181300535
3170.166015625,0.044265734102830336,-27.07864658091939,-162.6984628917046
3170.7763671875,0.04422861846219359,-27.085932523309513,-162.705931872779
3171.38671875,0.044191527446194825,-27.093219742463393,-162.71339875772838
3171.9970703125,0.044154461037583574,-27.100508239856275,-162.72086354805137
3172.607421875,0.044117419219125945,-27.10779801696459,-162.72832624524546
3173.2177734375,0.04408040197360431,-27.11508907526597,-162.73578685080687
3173.828125,0.04404340928381751,-27.12238141623925,-162.74324536623072
3174.4384765625,0.0440064411325808,-27.129675041364436,-162.75070179301096
3175.048828125,0.043969497502725795,-27.136969952122758,-162.75815613264035
3175.6591796875,0.04393257837710046,-27.144266149996625,-162.76560838661038
3176.26953125,0.04389568373856899,-27.151563636469685,-162.77305855641154
3176.8798828125,0.04385881357001202,-27.158862413026764,-162.780506643533
3177.490234375,0.04382196785432647,-27.16616248115389,-162.7879526494628
3178.1005859375,0.04378514657442551,-27.17346384233831,-162.79539657568787
3178.7109375,0.043748349713238495,-27.180766498068504,-162.80283842369397
3179.3212890625,0.0437115772537112,-27.188070449834115,-162.81027819496552
3179.931640625,0.04367482917880548,-27.195375699126046,-162.81771589098602
3180.5419921875,0.043638105471499496,-27.20268224743638,-162.82515151323764
3181.15234375,0.04360140611478755,-27.20999009625844,-162.83258506320144
3181.7626953125,0.043564731091680124,-27.21729924708677,-162.84001654235732
3182.373046875,0.0435280803852039,-27.224609701417123,-162.847445952184
3182.9833984375,0.04349145397840165,-27.231921460746477,-162.85487329415903
3183.59375,0.043454851854332316,-27.239234526573036,-162.8622985697589
3184.2041015625,0.04341827399607102,-27.246548900396228,-162.8697217804588
3184.814453125,0.043381720386708754,-27.25386458371672,-162.87714292773285
3185.4248046875,0.043345191009352774,-27.261181578036414,-162.88456201305402
3186.03515625,0.04330868584712641,-27.268499884858407,-162.89197903789403
3186.6455078125,0.04327220488316894,-27.27581950568707,-162.8993940037236
3187.255859375,0.04323574810063562,-27.28314044202801,-162.90680691201214
3187.8662109375,0.04319931548269793,-27.290462695388026,-162.914217764228
3188.4765625,0.04316290701254311,-27.297786267275214,-162.92162656183842
3189.0869140625,0.04312652267337454,-27.305111159198866,-162.9290333063094
3189.697265625,0.043090162448411476,-27.31243737266954,-162.93643799910586
3190.3076171875,0.043053826320889076,-27.319764909199048,-162.94384064169154
3190.91796875,0.04301751427405856,-27.32709377030041,-162.95124123552898
3191.5283203125,0.04298122629118689,-27.334423957487953,-162.95863978207973
3192.138671875,0.04294496235555712,-27.341755472277192,-162.96603628280405
3192.7490234375,0.04290872245046799,-27.349088316184936,-162.97343073916113
3193.359375,0.042872506559234164,-27.35642249072924,-162.98082315260902
3193.9697265625,0.04283631466518619,-27.363757997429406,-162.9882135246046
3194.580078125,0.042800146751670376,-27.371094837806,-162.9956018566036
3195.1904296875,0.04276400280204894,-27.378433013380846,-163.00298815006073
3195.80078125,0.04272788279969977,-27.38577252567703,-163.01037240642947
3196.4111328125,0.04269178672801656,-27.393113376218917,-163.0177546271621
3197.021484375,0.0426557145704088,-27.40045556653211,-163.0251348137099
3197.6318359375,0.042619666310301785,-27.40779909814348,-163.03251296752296
3198.2421875,0.042583641931136396,-27.4151439725812,-163.03988909005022
3198.8525390625,0.04254764141636931,-27.422490191374678,-163.04726318273953
3199.462890625,0.042511664749472794,-27.42983775605463,-163.0546352470376
3200.0732421875,0.04247571191393497,-27.437186668153014,-163.0620052843901
3200.68359375,0.042439782893259545,-27.444536929203068,-163.06937329624128
3201.2939453125,0.04240387767096573,-27.451888540739347,-163.07673928403463
3201.904296875,0.04236799623058853,-27.459241504297648,-163.08410324921232
3202.5146484375,0.0423321385556786,-27.46659582141504,-163.09146519321544
3203.125,0.04229630462980196,-27.473951493629933,-163.09882511748393
3203.7353515625,0.042260494436540466,-27.481308522481953,-163.10618302345665
3204.345703125,0.0422247079594914,-27.488666909512066,-163.11353891257139
3204.9560546875,0.04218894518226754,-27.496026656262522,-163.12089278626465
3205.56640625,0.04215320608849735,-27.503387764276837,-163.128244645972
3206.1767578125,0.04211749066182469,-27.510750235099838,-163.13559449312783
3206.787109375,0.042081798885908905,-27.518114070277665,-163.14294232916532
3207.3974609375,0.04204613074442495,-27.52547927135771,-163.1502881555167
3208.0078125,0.04201048622106308,-27.532845839888722,-163.15763197361304
3208.6181640625,0.04197486529952919,-27.54021377742069,-163.16497378488418
3209.228515625,0.0419392679635444,-27.54758308550496,-163.172313590759
3209.8388671875,0.04190369419684534,-27.55495376569417,-163.17965139266522
3210.44921875,0.04186814398318411,-27.562325819542238,-163.18698719202942
3211.0595703125,0.041832617306328077,-27.569699248604422,-163.1943209902771
3211.669921875,0.04179711415006003,-27.57707405443729,-163.20165278883275
3212.2802734375,0.041761634498178206,-27.584450238598688,-163.20898258911953
3212.890625,0.04172617833449595,-27.59182780264784,-163.21631039255973
3213.5009765625,0.041690745642842114,-27.59920674814523,-163.2236362005744
3214.111328125,0.041655336407060775,-27.606587076652694,-163.23096001458353
3214.7216796875,0.041619950611011376,-27.61396878973337,-163.23828183600602
3215.33203125,0.04158458823856856,-27.62135188895173,-163.24560166625974
3215.9423828125,0.04154924927362219,-27.62873637587358,-163.2529195067613
3216.552734375,0.04151393370007745,-27.636122252066038,-163.26023535892634
3217.1630859375,0.04147864150185478,-27.64350951909755,-163.2675492241693
3217.7734375,0.041443372662889735,-27.650898178537897,-163.2748611039037
3218.3837890625,0.041408127167133046,-27.65828823195822,-163.28217099954188
3218.994140625,0.04137290499855077,-27.665679680930943,-163.28947891249499
3219.6044921875,0.04133770614112393,-27.67307252702988,-163.29678484417317
3220.21484375,0.041302530578848966,-27.680466771830122,-163.30408879598554
3220.8251953125,0.041267378295737026,-27.687862416908196,-163.31139076934008
3221.435546875,0.04123224927581481,-27.69525946384188,-163.31869076564362
3222.0458984375,0.04119714350312387,-27.702657914210327,-163.325988786302
3222.65625,0.0411620609617209,-27.710057769594066,-163.3332848327199
3223.2666015625,0.041127001635677674,-27.717459031574943,-163.34057890630092
3223.876953125,0.041091965509081,-27.72486170173616,-163.34787100844773
3224.4873046875,0.04105695256603269,-27.73226578166229,-163.3551611405617
3225.09765625,0.04102196279064965,-27.739671272939237,-163.36244930404325
3225.7080078125,0.04098699616706375,-27.747078177154286,-163.36973550029168
3226.318359375,0.04095205267942185,-27.75448649589606,-163.37701973070526
3226.9287109375,0.04091713231188579,-27.76189623075456,-163.38430199668116
3227.5390625,0.04088223504863228,-27.769307383321152,-163.39158229961538
3228.1494140625,0.04084736087385316,-27.776719955188547,-163.39886064090305
3228.759765625,0.040812509771755066,-27.78413394795084,-163.40613702193798
3229.3701171875,0.040777681726559475,-27.79154936320351,-163.41341144411308
3229.98046875,0.040742876722503,-27.79896620254336,-163.42068390882022
3230.5908203125,0.040708094743836847,-27.806384467568634,-163.42795441745002
3231.201171875,0.040673335774827284,-27.813804159878895,-163.4352229713922
3231.8115234375,0.04063859979975547,-27.82122528107509,-163.44248957203536
3232.421875,0.0406038868029171,-27.8286478327596,-163.449754220767
3233.0322265625,0.04056919676862305,-27.836071816536112,-163.45701691897358
3233.642578125,0.0405345296811987,-27.843497234009767,-163.46427766804047
3234.2529296875,0.04049988552498447,-27.850924086787035,-163.4715364693521
3234.86328125,0.040465264284335396,-27.858352376475803,-163.4787933242916
3235.4736328125,0.04043066594362124,-27.86578210468537,-163.48604823424128
3236.083984375,0.04039609048722664,-27.873213273026373,-163.49330120058227
3236.6943359375,0.040361537899550916,-27.88064588311088,-163.5005522246946
3237.3046875,0.04032700816500803,-27.888079936552362,-163.50780130795746
3237.9150390625,0.04029250126802667,-27.895515434965667,-163.51504845174867
3238.525390625,0.0402580171930503,-27.90295237996705,-163.52229365744526
3239.1357421875,0.040223555924536865,-27.910390773174186,-163.52953692642305
3239.74609375,0.04018911744695914,-27.917830616206132,-163.53677826005685
3240.3564453125,0.040154701744804455,-27.92527191068336,-163.54401765972042
3240.966796875,0.040120308802574695,-27.93271465822777,-163.55125512678657
3241.5771484375,0.040085938604786535,-27.940158860462635,-163.55849066262687
3242.1875,0.04005159113597101,-27.947604519012685,-163.56572426861194
3242.7978515625,0.040017266380673926,-27.955051635504034,-163.57295594611134
3243.408203125,0.03998296432345554,-27.962500211564226,-163.58018569649366
3244.0185546875,0.03994868494889064,-27.969950248822233,-163.58741352112636
3244.62890625,0.039914428241568635,-27.977401748908427,-163.59463942137583
3245.2392578125,0.039880194186093336,-27.984854713454638,-163.6018633986075
3245.849609375,0.039845982767083184,-27.992309144094087,-163.60908545418573
3246.4599609375,0.039811793969171005,-27.999765042461444,-163.61630558947374
3247.0703125,0.03977762777700404,-28.007222410192828,-163.6235238058339
3247.6806640625,0.03974348417524421,-28.01468124892573,-163.6307401046274
3248.291015625,0.03970936314856764,-28.022141560299136,-163.63795448721442
3248.9013671875,0.03967526468166495,-28.02960334595347,-163.64516695495416
3249.51171875,0.03964118875924124,-28.037066607530537,-163.65237750920465
3250.1220703125,0.03960713536601591,-28.04453134667365,-163.65958615132308
3250.732421875,0.03957310448672281,-28.051997565027527,-163.66679288266542
3251.3427734375,0.03953909610611021,-28.05946526423833,-163.67399770458672
3251.953125,0.039505110208940465,-28.066934445953713,-163.68120061844095
3252.5634765625,0.03947114677999052,-28.074405111822742,-163.68840162558112
3253.173828125,0.039437205804051675,-28.08187726349591,-163.6956007273591
3253.7841796875,0.039403287265929274,-28.08935090262525,-163.70279792512582
3254.39453125,0.03936939115044327,-28.09682603086415,-163.70999322023113
3255.0048828125,0.03933551744242753,-28.104302649867563,-163.71718661402386
3255.615234375,0.03930166612673051,-28.11178076129181,-163.72437810785186
3256.2255859375,0.03926783718821478,-28.119260366794727,-163.73156770306198
3256.8359375,0.039234030611757106,-28.126741468035597,-163.73875540099988
3257.4462890625,0.03920024638224848,-28.1342240666752,-163.7459412030104
3258.056640625,0.039166484484594186,-28.141708164375743,-163.75312511043728
3258.6669921875,0.039132744903713594,-28.149193762800945,-163.76030712462315
3259.27734375,0.039099027624540345,-28.15668086361596,-163.76748724690978
3259.8876953125,0.03906533263202212,-28.164169468487465,-163.7746654786378
3260.498046875,0.0390316599111208,-28.171659579083588,-163.78184182114688
3261.1083984375,0.03899800944681246,-28.17915119707394,-163.78901627577568
3261.71875,0.03896438122408718,-28.18664432412962,-163.7961888438618
3262.3291015625,0.03893077522794921,-28.194138961923215,-163.8033595267419
3262.939453125,0.038897191443416884,-28.2016351121288,-163.81052832575156
3263.5498046875,0.038863629855522525,-28.20913277642195,-163.8176952422254
3264.16015625,0.03883009044931267,-28.2166319564797,-163.82486027749692
3264.7705078125,0.0387965732098477,-28.224132653980625,-163.8320234328988
3265.380859375,0.03876307812220224,-28.231634870604765,-163.83918470976252
3265.9912109375,0.03872960517146476,-28.23913860803367,-163.8463441094187
3266.6015625,0.038696154342737744,-28.246643867950404,-163.85350163319683
3267.2119140625,0.03866272562113776,-28.254150652039517,-163.8606572824255
3267.822265625,0.0386293189917953,-28.261658961987063,-163.86781105843224
3268.4326171875,0.03859593443985478,-28.269168799480624,-163.8749629625436
3269.04296875,0.0385625719504746,-28.27668016620929,-163.88211299608508
3269.6533203125,0.03852923150882698,-28.284193063863658,-163.88926116038127
3270.263671875,0.03849591310009819,-28.291707494135842,-163.89640745675567
3270.8740234375,0.038462616709488445,-28.299223458719453,-163.90355188653083
3271.484375,0.03842934232221159,-28.30674095930967,-163.9106944510283
3272.0947265625,0.038396089923495545,-28.31425999760317,-163.9178351515686
3272.705078125,0.03836285949858211,-28.321780575298128,-163.9249739894713
3273.3154296875,0.038329651032726744,-28.329302694094302,-163.93211096605495
3273.92578125,0.038296464511198926,-28.336826355692924,-163.93924608263703
3274.5361328125,0.03826329991928182,-28.344351561796802,-163.94637934053424
3275.146484375,0.038230157242272425,-28.35187831411026,-163.95351074106208
3275.7568359375,0.03819703646548158,-28.359406614339147,-163.96064028553513
3276.3671875,0.0381639375742338,-28.366936464190875,-163.967767975267
3276.9775390625,0.038130860553867385,-28.374467865374392,-163.97489381157027
3277.587890625,0.03809780538973449,-28.38200081960016,-163.9820177957566
3278.1982421875,0.038064772067200776,-28.389535328580248,-163.9891399291366
3278.80859375,0.03803176057164587,-28.397071394028206,-163.99626021301992
3279.4189453125,0.03799877088846289,-28.404609017659183,-164.0033786487152
3280.029296875,0.037965803003058705,-28.412148201189865,-164.01049523753014
3280.6396484375,0.037932856900853976,-28.41968894633848,-164.0176099807714
3281.25,0.03789993256728281,-28.427231254824846,-164.02472287974473
3281.8603515625,0.03786702998779312,-28.43477512837032,-164.03183393575483
3282.470703125,0.037834149147846476,-28.4423205686978,-164.0389431501055
3283.0810546875,0.03780129003291784,-28.4498675775318,-164.04605052409946
3283.69140625,0.03776845262849599,-28.45741615659838,-164.05315605903854
3284.3017578125,0.03773563692008321,-28.46496630762516,-164.06025975622356
3284.912109375,0.03770284289319542,-28.472518032341327,-164.06736161695432
3285.5224609375,0.037670070533362,-28.480071332477664,-164.0744616425298
3286.1328125,0.03763731982612591,-28.487626209766532,-164.08155983424774
3286.7431640625,0.03760459075704369,-28.49518266594185,-164.08865619340517
3287.353515625,0.03757188331168539,-28.502740702739132,-164.095750721298
3287.9638671875,0.037539197475634556,-28.510300321895468,-164.10284341922127
3288.57421875,0.03750653323448812,-28.51786152514957,-164.1099342884689
3289.1845703125,0.03747389057385667,-28.525424314241686,-164.117023330334
3289.794921875,0.03744126947936414,-28.53298869091369,-164.12411054610868
3290.4052734375,0.037408669936647994,-28.540554656909034,-164.13119593708393
3291.015625,0.03737609193135897,-28.548122213972803,-164.13827950454996
3291.6259765625,0.0373435354491614,-28.555691363851636,-164.14536124979597
3292.236328125,0.037311000475733026,-28.56326210829378,-164.15244117411012
3292.8466796875,0.03727848699676481,-28.570834449049126,-164.15951927877973
3293.45703125,0.03724599499796131,-28.578408387869114,-164.16659556509103
3294.0673828125,0.0372135244650403,-28.585983926506838,-164.1736700343294
3294.677734375,0.03718107538373295,-28.593561066716987,-164.18074268777914
3295.2880859375,0.03714864773978381,-28.60113981025586,-164.18781352672377
3295.8984375,0.03711624151895068,-28.608720158881383,-164.1948825524457
3296.5087890625,0.03708385670700476,-28.616302114353097,-164.2019497662263
3297.119140625,0.037051493289730515,-28.62388567843215,-164.20901516934632
3297.7294921875,0.037019151252925604,-28.63147085288135,-164.2160787630852
3298.33984375,0.036986830582401126,-28.639057639465086,-164.2231405487216
3298.9501953125,0.03695453126398134,-28.646646039949406,-164.23020052753327
3299.560546875,0.036922253283503695,-28.654236056102,-164.23725870079681
3300.1708984375,0.03688999662681903,-28.661827689692153,-164.24431506978817
3300.78125,0.036857761279791235,-28.669420942490817,-164.25136963578205
3301.3916015625,0.0368255472282975,-28.677015816270575,-164.25842240005235
3302.001953125,0.036793354458228296,-28.68461231280563,-164.26547336387202
3302.6123046875,0.036761182955486985,-28.692210433871885,-164.27252252851298
3303.22265625,0.03672903270599036,-28.699810181246836,-164.27956989524637
3303.8330078125,0.0366969036956683,-28.707411556709644,-164.28661546534224
3304.443359375,0.03666479591046377,-28.715014562041127,-164.2936592400697
3305.0537109375,0.03663270933633288,-28.722619199023754,-164.300701220697
3305.6640625,0.03660064395924482,-28.73022546944167,-164.3077414084914
3306.2744140625,0.03656859976518194,-28.737833375080648,-164.3147798047192
3306.884765625,0.0365365767401397,-28.74544291772812,-164.3218164106458
3307.4951171875,0.036504574870126545,-28.753054099173212,-164.3288512275356
3308.10546875,0.036472594141163966,-28.76066692120672,-164.3358842566522
3308.7158203125,0.03644063453928661,-28.76828138562107,-164.34291549925805
3309.326171875,0.036408696050542005,-28.775897494210405,-164.3499449566149
3309.9365234375,0.03637677866099088,-28.7835152487705,-164.3569726299833
3310.546875,0.03634488235670681,-28.791134651098833,-164.3639985206231
3311.1572265625,0.036313007123776365,-28.798755702994583,-164.37102262979317
3311.767578125,0.036281152948299276,-28.806378406258556,-164.3780449587513
3312.3779296875,0.03624931981638798,-28.814002762693303,-164.38506550875454
3312.98828125,0.03621750771416807,-28.82162877410301,-164.39208428105886
3313.5986328125,0.03618571662777799,-28.82925644229359,-164.3991012769194
3314.208984375,0.03615394654336907,-28.83688576907264,-164.4061164975903
3314.8193359375,0.03612219744710565,-28.844516756249444,-164.41312994432482
3315.4296875,0.0360904693251649,-28.85214940563499,-164.42014161837525
3316.0400390625,0.036058762163736935,-28.859783719041964,-164.42715152099308
3316.650390625,0.03602707594902466,-28.86741969828477,-164.43415965342868
3317.2607421875,0.03599541066724386,-28.87505734517951,-164.44116601693165
3317.87109375,0.035963766304623244,-28.882696661543974,-164.44817061275054
3318.4814453125,0.035932142847404334,-28.890337649197683,-164.45517344213312
3319.091796875,0.03590054028184133,-28.89798030996189,-164.46217450632608
3319.7021484375,0.03586895859420143,-28.905624645659532,-164.4691738065754
3320.3125,0.03583739777076448,-28.91327065811529,-164.47617134412596
3320.9228515625,0.03580585779782323,-28.92091834915555,-164.48316712022174
3321.533203125,0.03577433866168316,-28.928567720608417,-164.49016113610588
3322.1435546875,0.0357428403486624,-28.93621877430376,-164.4971533930205
3322.75390625,0.035711362845091965,-28.943871512073137,-164.504143892207
3323.3642578125,0.03567990613731556,-28.951525935749864,-164.51113263490564
3323.974609375,0.03564847021168954,-28.95918204716899,-164.51811962235584
3324.5849609375,0.035617055054583076,-28.966839848167282,-164.52510485579623
3325.1953125,0.03558566065237792,-28.974499340583275,-164.53208833646434
3325.8056640625,0.03555428699146854,-28.982160526257243,-164.53907006559683
3326.416015625,0.03552293405826212,-28.98982340703118,-164.54605004442962
3327.0263671875,0.035491601839178474,-28.997487984748865,-164.55302827419752
3327.63671875,0.03546029032064994,-29.005154261255825,-164.56000475613456
3328.2470703125,0.035428999489121704,-29.012822238399295,-164.56697949147375
3328.857421875,0.035397729331051335,-29.02049191802833,-164.57395248144726
3329.4677734375,0.035366479832909206,-29.028163301993708,-164.58092372728638
3330.078125,0.035335250981178144,-29.035836392147974,-164.58789323022145
3330.6884765625,0.03530404276235355,-29.04351119034546,-164.59486099148188
3331.298828125,0.035272855162943505,-29.051187698442234,-164.60182701229633
3331.9091796875,0.035241688169468495,-29.058865918296167,-164.6087912938923
3332.51953125,0.03521054176846169,-29.06654585176687,-164.61575383749664
3333.1298828125,0.03517941594646867,-29.074227500715754,-164.6227146443352
3333.740234375,0.035148310690047535,-29.081910867006023,-164.6296737156328
3334.3505859375,0.03511722598576899,-29.08959595250262,-164.6366310526136
3334.9609375,0.03508616182021607,-29.097282759072314,-164.6435866565008
3335.5712890625,0.03505511817998446,-29.104971288583638,-164.65054052851647
3336.181640625,0.03502409505168217,-29.11266154290692,-164.6574926698822
3336.7919921875,0.03499309242192967,-29.120353523914307,-164.66444308181823
3337.40234375,0.03496211027735993,-29.1280472334797,-164.6713917655443
3338.0126953125,0.03493114860461838,-29.13574267347881,-164.678338722279
3338.623046875,0.034900207390362724,-29.14343984578917,-164.68528395324012
3339.2333984375,0.03486928662126313,-29.151138752290116,-164.6922274596446
3339.84375,0.03483838628400223,-29.158839394862767,-164.69916924270842
3340.4541015625,0.03480750636527489,-29.16654177539008,-164.7061093036467
3341.064453125,0.0347766468517885,-29.174245895756783,-164.71304764367366
3341.6748046875,0.0347458077302626,-29.181951757849497,-164.71998426400265
3342.28515625,0.03471498898742923,-29.18965936355658,-164.72691916584614
3342.8955078125,0.03468419061003273,-29.19736871476825,-164.73385235041565
3343.505859375,0.03465341258482965,-29.205079813376557,-164.74078381892198
3344.1162109375,0.03462265489858899,-29.212792661275348,-164.74771357257475
3344.7265625,0.03459191753809193,-29.220507260360332,-164.75464161258304
3345.3369140625,0.0345612004901319,-29.228223612529046,-164.7615679401548
3345.947265625,0.03453050374151475,-29.23594171968083,-164.76849255649725
3346.5576171875,0.0344998272790584,-29.243661583716904,-164.77541546281662
3347.16796875,0.03446917108959307,-29.25138320654032,-164.78233666031826
3347.7783203125,0.034438535159961293,-29.259106590055953,-164.78925615020682
3348.388671875,0.034407919477017664,-29.26683173617056,-164.79617393368585
3348.9990234375,0.034377324027629136,-29.274558646792702,-164.80309001195812
3349.609375,0.034346748798674706,-29.28228732383284,-164.81000438622553
3350.2197265625,0.03431619377704562,-29.290017769203274,-164.81691705768912
3350.830078125,0.03428565894964533,-29.297749984818143,-164.82382802754898
3351.4404296875,0.03425514430338932,-29.30548397259349,-164.83073729700442
3352.05078125,0.034224649825205296,-29.31321973444719,-164.83764486725386
3352.6611328125,0.03419417550203319,-29.32095727229897,-164.8445507394948
3353.271484375,0.03416372132082478,-29.328696588070496,-164.8514549149238
3353.8818359375,0.03413328726854416,-29.33643768368524,-164.8583573947368
3354.4921875,0.03410287333216749,-29.344180561068583,-164.86525818012862
3355.1025390625,0.034072479498682993,-29.351925222147763,-164.8721572722933
3355.712890625,0.03404210575509089,-29.359671668851934,-164.87905467242408
3356.3232421875,0.03401175208840351,-29.36741990311212,-164.88595038171331
3356.93359375,0.03398141848564523,-29.375169926861233,-164.89284440135233
3357.5439453125,0.033951104933852526,-29.382921742034043,-164.89973673253178
3358.154296875,0.03392081142007374,-29.390675350567285,-164.9066273764414
3358.7646484375,0.03389053793136927,-29.398430754399545,-164.91351633427007
3359.375,0.033860284454811644,-29.406187955471303,-164.9204036072057
3359.9853515625,0.03383005097748514,-29.413946955724978,-164.9272891964355
3360.595703125,0.03379983748648626,-29.42170775710485,-164.9341731031458
3361.2060546875,0.033769643968923235,-29.429470361557158,-164.9410553285219
3361.81640625,0.033739470411916356,-29.437234771030024,-164.94793587374846
3362.4267578125,0.03370931680259787,-29.44500098747348,-164.95481474000914
3363.037109375,0.03367918312811188,-29.452769012839507,-164.96169192848677
3363.6474609375,0.03364906937561445,-29.46053884908197,-164.9685674403634
3364.2578125,0.033618975532273526,-29.46831049815668,-164.97544127682016
3364.8681640625,0.03358890158526885,-29.47608396202139,-164.9823134390373
3365.478515625,0.03355884752179224,-29.483859242635752,-164.98918392819425
3366.0888671875,0.033528813329047176,-29.491636341961375,-164.99605274546965
3366.69921875,0.033498798994249124,-29.499415261961786,-165.00291989204118
3367.3095703125,0.033468804504625325,-29.507196004602466,-165.00978536908573
3367.919921875,0.03343882984741481,-29.514978571850854,-165.01664917777936
3368.5302734375,0.0334088750098685,-29.522762965676307,-165.02351131929723
3369.140625,0.03337893997924919,-29.530549188050117,-165.03037179481362
3369.7509765625,0.03334902474283121,-29.538337240945584,-165.0372306055021
3370.361328125,0.033319129287900935,-29.546127126337925,-165.0440877525353
3370.9716796875,0.03328925360175635,-29.553918846204322,-165.05094323708494
3371.58203125,0.03325939767170725,-29.56171240252392,-165.0577970603221
3372.1923828125,0.03322956148507524,-29.569507797277815,-165.06464922341678
3372.802734375,0.033199745029193505,-29.5773050324491,-165.07149972753825
3373.4130859375,0.033169948291407035,-29.585104110022833,-165.07834857385507
3374.0234375,0.03314017125907259,-29.592905031986014,-165.08519576353467
3374.6337890625,0.03311041391955856,-29.60070780032764,-165.0920412977438
3375.244140625,0.033080676260244954,-29.608512417038725,-165.0988851776485
3375.8544921875,0.03305095826852362,-29.61631888411219,-165.10572740441367
3376.46484375,0.03302125993179789,-29.62412720354302,-165.11256797920367
3377.0751953125,0.03299158123748293,-29.63193737732813,-165.1194069031818
3377.685546875,0.03296192217300537,-29.63974940746647,-165.12624417751067
3378.2958984375,0.03293228272580357,-29.647563295958967,-165.13307980335202
3378.90625,0.0329026628833275,-29.65537904480854,-165.13991378186665
3379.5166015625,0.03287306263303867,-29.66319665602014,-165.14674611421475
3380.126953125,0.032843481962410305,-29.671016131600673,-165.1535768015554
3380.7373046875,0.03281392085892707,-29.67883747355911,-165.16040584504702
3381.34765625,0.03278437931008526,-29.686660683906414,-165.16723324584726
3381.9580078125,0.03275485730339278,-29.69448576465554,-165.17405900511275
3382.568359375,0.03272535482636899,-29.702312717821492,-165.18088312399948
3383.1787109375,0.03269587186654489,-29.71014154542127,-165.18770560366247
3383.7890625,0.032666408411462886,-29.71797224947393,-165.19452644525595
3384.3994140625,0.03263696444867696,-29.725804832000534,-165.2013456499334
3385.009765625,0.032607539965752615,-29.733639295024176,-165.2081632188473
3385.6201171875,0.03257813495026678,-29.741475640569995,-165.21497915314956
3386.23046875,0.03254874938980795,-29.749313870665155,-165.22179345399104
3386.8408203125,0.032519383271975996,-29.757153987338874,-165.22860612252182
3387.451171875,0.03249003658438226,-29.764995992622417,-165.2354171598913
3388.0615234375,0.032460709314649575,-29.77283988854908,-165.24222656724794
3388.671875,0.032431401450412255,-29.7806856771542,-165.24903434573932
3389.2822265625,0.032402112979315806,-29.788533360475228,-165.25584049651232
3389.892578125,0.0323728438890174,-29.796382940551602,-165.26264502071297
3390.5029296875,0.03234359416718551,-29.80423441942486,-165.26944791948645
3391.11328125,0.03231436380149993,-29.812087799138595,-165.27624919397718
3391.7236328125,0.032285152779651986,-29.81994308173845,-165.28304884532866
3392.333984375,0.03225596108934414,-29.827800269272192,-165.28984687468372
3392.9443359375,0.03222678871829042,-29.835659363789603,-165.2966432831842
3393.5546875,0.032197635654216135,-29.84352036734256,-165.30343807197133
3394.1650390625,0.032168501884857835,-29.85138328198504,-165.3102312421853
3394.775390625,0.03213938739796352,-29.859248109773077,-165.31702279496568
3395.3857421875,0.032110292181292424,-29.867114852764814,-165.32381273145114
3395.99609375,0.03208121622261505,-29.874983513020478,-165.33060105277954
3396.6064453125,0.03205215950971327,-29.882854092602386,-165.33738776008795
3397.216796875,0.03202312203038014,-29.890726593574954,-165.34417285451258
3397.8271484375,0.03199410377242003,-29.898601018004705,-165.35095633718893
3398.4375,0.0319651047236486,-29.90647736796025,-165.35773820925166
3399.0478515625,0.03193612487189265,-29.914355645512337,-165.36451847183451
3399.658203125,0.03190716420499033,-29.922235852733785,-165.3712971260706
3400.2685546875,0.0318782227107909,-29.930117991699557,-165.37807417309205
3400.87890625,0.03184930037715486,-29.938002064486735,-165.38484961403032
3401.4892578125,0.031820397191953946,-29.9458880731745,-165.39162345001606
3402.099609375,0.03179151314307102,-29.953776019844184,-165.39839568217906
3402.7099609375,0.0317626482184002,-29.961665906579217,-165.40516631164826
3403.3203125,0.03173380240584668,-29.96955773546518,-165.41193533955197
3403.9306640625,0.031704975693326816,-29.977451508589805,-165.41870276701746
3404.541015625,0.031676168068768155,-29.985347228042926,-165.42546859517145
3405.1513671875,0.03164737952010936,-29.99324489591654,-165.4322328251397
3405.76171875,0.03161861003530021,-30.001144514304773,-165.43899545804723
3406.3720703125,0.03158985960230156,-30.009046085303922,-165.44575649501823
3406.982421875,0.03156112820908534,-30.01694961101244,-165.45251593717612
3407.5927734375,0.031532415843634656,-30.0248550935309,-165.45927378564357
3408.203125,0.03150372249394369,-30.032762534962053,-165.46603004154235
3408.8134765625,0.031475048148017576,-30.040671937410828,-165.4727847059935
3409.423828125,0.03144639279387255,-30.048583302984305,-165.4795377801173
3410.0341796875,0.03141775641953596,-30.056496633791724,-165.4862892650331
3410.64453125,0.03138913901304608,-30.064411931944527,-165.4930391618596
3411.2548828125,0.03136054056245229,-30.0723291995563,-165.4997874717147
3411.865234375,0.031331961055814955,-30.080248438742817,-165.50653419571543
3412.4755859375,0.03130340048120534,-30.088169651622074,-165.5132793349781
3413.0859375,0.0312748588267059,-30.096092840314185,-165.5200228906182
3413.6962890625,0.031246336080409866,-30.104018006941516,-165.5267648637504
3414.306640625,0.031217832230421558,-30.111945153628596,-165.5335052554887
3414.9169921875,0.031189347264856213,-30.119874282502153,-165.54024406694617
3415.52734375,0.031160881171839974,-30.127805395691126,-165.5469812992352
3416.1376953125,0.03113243393951,-30.13573849532666,-165.55371695346722
3416.748046875,0.031104005556014294,-30.143673583542096,-165.56045103075323
3417.3583984375,0.0310755960095118,-30.151610662473,-165.56718353220307
3417.96875,0.031047205288172414,-30.159549734257137,-165.57391445892605
3418.5791015625,0.031018833380176802,-30.16749080103452,-165.58064381203053
3419.189453125,0.03099048027371662,-30.175433864947358,-165.5873715926242
3419.7998046875,0.03096214595699445,-30.183378928140062,-165.5940978018139
3420.41015625,0.03093383041822345,-30.191325992759364,-165.60082244070583
3421.0205078125,0.03090553364562794,-30.199275060954132,-165.60754551040517
3421.630859375,0.03087725562744291,-30.207226134875526,-165.6142670120166
3422.2412109375,0.0308489963519142,-30.21517921667693,-165.62098694664374
3422.8515625,0.030820755807298556,-30.223134308513956,-165.62770531538962
3423.4619140625,0.030792533981863355,-30.2310914125445,-165.63442211935651
3424.072265625,0.030764330863886896,-30.2390505309287,-165.64113735964585
3424.6826171875,0.030736146441658282,-30.247011665828914,-165.64785103735824
3425.29296875,0.030707980703477297,-30.254974819409803,-165.6545631535937
3425.9033203125,0.0306798336376545,-30.262939993838277,-165.66127370945117
3426.513671875,0.03065170523251129,-30.27090719128349,-165.66798270602905
3427.1240234375,0.030623595476379706,-30.27887641391691,-165.67469014442509
3427.734375,0.030595504357602582,-30.286847663912233,-165.68139602573584
3428.3447265625,0.030567431864533433,-30.294820943445465,-165.68810035105747
3428.955078125,0.030539377985536506,-30.30279625469488,-165.6948031214853
3429.5654296875,0.03051134270898674,-30.31077359984103,-165.70150433811375
3430.17578125,0.030483326023269742,-30.318752981066783,-165.70820400203658
3430.7861328125,0.030455327916781842,-30.326734400557264,-165.7149021143468
3431.396484375,0.030427348377930038,-30.334717860499904,-165.7215986761366
3432.0068359375,0.03039938739513187,-30.34270336308447,-165.7282936884974
3432.6171875,0.030371444956815704,-30.350690910502976,-165.73498715251986
3433.2275390625,0.030343521051420387,-30.35868050494979,-165.741679069294
3433.837890625,0.030315615667395525,-30.366672148621543,-165.74836943990886
3434.4482421875,0.03028772879320122,-30.37466584371723,-165.7550582654529
3435.05859375,0.030259860417308205,-30.382661592438154,-165.76174554701373
3435.6689453125,0.03023201052819791,-30.390659396987907,-165.76843128567822
3436.279296875,0.030204179114362177,-30.398659259572455,-165.7751154825325
3436.8896484375,0.030176366164303598,-30.406661182400043,-165.7817981386619
3437.5,0.030148571666535205,-30.41466516768129,-165.78847925515106
3438.1103515625,0.03012079560958059,-30.42267121762915,-165.79515883308378
3438.720703125,0.03009303798197397,-30.4306793344589,-165.8018368735432
3439.3310546875,0.030065298772260073,-30.438689520388152,-165.80851337761155
3439.94140625,0.03003757796899402,-30.446701777636914,-165.81518834637052
3440.5517578125,0.03000987556074159,-30.45471610842751,-165.82186178090092
3441.162109375,0.02998219153607906,-30.462732514984616,-165.82853368228274
3441.7724609375,0.029954525883593087,-30.470750999535298,-165.83520405159535
3442.3828125,0.029926878591880965,-30.47877156430895,-165.84187288991734
3442.9931640625,0.029899249649550257,-30.48679421153738,-165.8485401983265
3443.603515625,0.029871639045219143,-30.49481894345474,-165.85520597789989
3444.2138671875,0.029844046767516244,-30.50284576229754,-165.86187022971384
3444.82421875,0.02981647280508051,-30.510874670304723,-165.86853295484391
3445.4345703125,0.029788917146561487,-30.518905669717554,-165.87519415436498
3446.044921875,0.029761379780619,-30.526938762779736,-165.881853829351
3446.6552734375,0.02973386069592331,-30.534973951737342,-165.88851198087536
3447.265625,0.029706359881155137,-30.543011238838837,-165.8951686100107
3447.8759765625,0.029678877325005536,-30.5510506263351,-165.90182371782882
3448.486328125,0.029651413016175916,-30.559092116479412,-165.9084773054007
3449.0966796875,0.029623966943378176,-30.567135711527435,-165.91512937379693
3449.70703125,0.029596539095334398,-30.575181413737287,-165.92177992408688
3450.3173828125,0.0295691294607772,-30.583229225369454,-165.9284289573396
3450.927734375,0.0295417380284494,-30.591279148686876,-165.9350764746231
3451.5380859375,0.02951436478710413,-30.59933118595493,-165.9417224770048
3452.1484375,0.02948700972550499,-30.607385339441358,-165.94836696555134
3452.7587890625,0.029459672832425725,-30.615441611416397,-165.95500994132865
3453.369140625,0.029432354096650494,-30.62350000415268,-165.9616514054019
3453.9794921875,0.029405053506973696,-30.6315605199253,-165.9682913588355
3454.58984375,0.029377771052199967,-30.639623161011794,-165.97492980269317
3455.2001953125,0.029350506721144264,-30.647687929692143,-165.98156673803786
3455.810546875,0.029323260502631853,-30.655754828248753,-165.98820216593174
3456.4208984375,0.029296032385498116,-30.66382385896653,-165.9948360874364
3457.03125,0.029268822358588777,-30.671895024132816,-166.0014685036125
3457.6416015625,0.029241630410759688,-30.679968326037432,-166.00809941552012
3458.251953125,0.029214456530877064,-30.688043766972633,-166.01472882421862
3458.8623046875,0.029187300707817217,-30.696121349233174,-166.02135673076643
3459.47265625,0.029160162930466714,-30.704201075116274,-166.0279831362214
3460.0830078125,0.029133043187722172,-30.712282946921682,-166.03460804164072
3460.693359375,0.029105941468490642,-30.720366966951524,-166.04123144808068
3461.3037109375,0.0290788577616891,-30.72845313751052,-166.04785335659693
3461.9140625,0.02905179205624484,-30.736541460905823,-166.0544737682444
3462.5244140625,0.0290247443410952,-30.744631939447103,-166.06109268407732
3463.134765625,0.028997714605187696,-30.752724575446532,-166.06771010514908
3463.7451171875,0.028970702837479996,-30.760819371218776,-166.0743260325125
3464.35546875,0.028943709026939848,-30.768916329081026,-166.08094046721948
3464.9658203125,0.028916733162545148,-30.777015451352966,-166.08755341032133
3465.576171875,0.028889775233283874,-30.78511674035681,-166.0941648628687
3466.1865234375,0.02886283522815403,-30.7932201984173,-166.10077482591137
3466.796875,0.028835913136163835,-30.80132582786168,-166.10738330049844
3467.4072265625,0.02880900894633147,-30.809433631019747,-166.11399028767838
3468.017578125,0.028782122647685152,-30.817543610223836,-166.12059578849878
3468.6279296875,0.02875525422926331,-30.825655767808783,-166.1271998040066
3469.23828125,0.02872840368011421,-30.833770106112016,-166.1338023352482
3469.8486328125,0.028701570989296266,-30.84188662747348,-166.1404033832689
3470.458984375,0.028674756145877986,-30.850005334235647,-166.14700294911367
3471.0693359375,0.02864795913893765,-30.85812622874362,-166.15360103382656
3471.6796875,0.02862117995756377,-30.866249313344987,-166.16019763845085
3472.2900390625,0.02859441859085472,-30.87437459038994,-166.1667927640293
3472.900390625,0.028567675027918918,-30.88250206223122,-166.17338641160381
3473.5107421875,0.0285409492578748,-30.890631731224133,-166.17997858221557
3474.12109375,0.028514241269850586,-30.898763599726607,-166.1865692769051
3474.7314453125,0.028487551052984613,-30.9068976700991,-166.19315849671224
3475.341796875,0.028460878596425144,-30.915033944704675,-166.19974624267604
3475.9521484375,0.028434223889330326,-30.92317242590898,-166.20633251583487
3476.5625,0.028407586920868203,-30.931313116080275,-166.21291731722644
3477.1728515625,0.028380967680216838,-30.93945601758939,-166.2195006478876
3477.783203125,0.02835436615656409,-30.947601132809783,-166.22608250885477
3478.3935546875,0.0283277823391078,-30.955748464117498,-166.2326629011633
3479.00390625,0.028301216217055662,-30.963898013891193,-166.2392418258481
3479.6142578125,0.028274667779625177,-30.97204978451217,-166.24581928394332
3480.224609375,0.02824813701604386,-30.980203778364306,-166.25239527648228
3480.8349609375,0.02822162391554892,-30.98835999783414,-166.25896980449784
3481.4453125,0.02819512846738758,-30.996518445310805,-166.26554286902183
3482.0556640625,0.028168650660816752,-31.004679123186104,-166.27211447108567
3482.666015625,0.028142190485103233,-31.01284203385446,-166.27868461171994
3483.2763671875,0.028115747929523708,-31.021007179712914,-166.2852532919545
3483.88671875,0.02808932298336451,-31.029174563161213,-166.29182051281856
3484.4970703125,0.028062915635921965,-31.037344186601686,-166.29838627534053
3485.107421875,0.02803652587650208,-31.045516052439357,-166.3049505805484
3485.7177734375,0.028010153694420593,-31.053690163081914,-166.31151342946902
3486.328125,0.02798379907900313,-31.061866520939688,-166.3180748231289
3486.9384765625,0.027957462019585,-31.07004512842569,-166.32463476255373
3487.548828125,0.027931142505511326,-31.078225987955598,-166.33119324876853
3488.1591796875,0.02790484052613695,-31.086409101947762,-166.33775028279754
3488.76953125,0.027878556070826375,-31.094594472823246,-166.34430586566435
3489.3798828125,0.02785228912895393,-31.102782103005765,-166.3508599983919
3489.990234375,0.02782603968990368,-31.110971994921716,-166.35741268200238
3490.6005859375,0.02779980774306922,-31.11916415100025,-166.3639639175173
3491.2109375,0.027773593277854024,-31.127358573673156,-166.37051370595753
3491.8212890625,0.027747396283671226,-31.135555265374947,-166.37706204834308
3492.431640625,0.027721216749943503,-31.143754228542875,-166.3836089456935
3493.0419921875,0.02769505466610343,-31.151955465616844,-166.39015439902747
3493.65234375,0.027668910021592948,-31.16015897903955,-166.39669840936304
3494.2626953125,0.027642782805863905,-31.168364771256364,-166.40324097771762
3494.873046875,0.027616673008377703,-31.176572844715377,-166.4097821051078
3495.4833984375,0.027590580618605354,-31.18478320186744,-166.41632179254964
3496.09375,0.02756450562602744,-31.19299584516614,-166.4228600410584
3496.7041015625,0.027538448020134308,-31.20121077706778,-166.42939685164868
3497.314453125,0.027512407790425734,-31.20942800003144,-166.43593222533443
3497.9248046875,0.027486384926411266,-31.217647516518916,-166.44246616312878
3498.53515625,0.027460379417609898,-31.225869328994786,-166.44899866604436
3499.1455078125,0.0274343912535502,-31.23409343992639,-166.45552973509308
3499.755859375,0.027408420423770452,-31.242319851783797,-166.46205937128602
3500.3662109375,0.027382466917818305,-31.2505485670399,-166.4685875756337
3500.9765625,0.02735653072525111,-31.258779588170306,-166.47511434914594
3501.5869140625,0.02733061183563568,-31.26701291765344,-166.48163969283186
3502.197265625,0.027304710238548326,-31.275248557970517,-166.48816360769993
3502.8076171875,0.027278825923575,-31.283486511605496,-166.49468609475784
3503.41796875,0.02725295888031102,-31.29172678104517,-166.50120715501276
3504.0283203125,0.02722710909836134,-31.29996936877911,-166.5077267894711
3504.638671875,0.02720127656734034,-31.30821427729968,-166.51424499913853
3505.2490234375,0.027175461276871805,-31.316461509102105,-166.52076178502008
3505.859375,0.02714966321658917,-31.324711066684333,-166.52727714812022
3506.4697265625,0.02712388237613525,-31.332962952547195,-166.5337910894426
3507.080078125,0.02709811874516226,-31.341217169194323,-166.54030360999016
3507.6904296875,0.027072372313331965,-31.349473719132167,-166.54681471076532
3508.30078125,0.027046643070315443,-31.357732604870037,-166.55332439276975
3508.9111328125,0.02702093100579334,-31.365993828920043,-166.55983265700442
3509.521484375,0.026995236109455704,-31.37425739379713,-166.56633950446962
3510.1318359375,0.02696955837100184,-31.382523302019145,-166.57284493616507
3510.7421875,0.026943897780140624,-31.39079155610672,-166.5793489530897
3511.3525390625,0.026918254326590292,-31.399062158583373,-166.58585155624178
3511.962890625,0.026892628000078415,-31.407335111975485,-166.592352746619
3512.5732421875,0.02686701879034198,-31.415610418812282,-166.59885252521832
3513.18359375,0.026841426687127305,-31.42388808162588,-166.60535089303596
3513.7939453125,0.026815851680190097,-31.432168102951255,-166.61184785106764
3514.404296875,0.02679029375929542,-31.440450485326267,-166.61834340030825
3515.0146484375,0.02676475291421762,-31.448735231291668,-166.62483754175207
3515.625,0.026739229134740482,-31.457022343391067,-166.6313302763928
3516.2353515625,0.026713722410657004,-31.46531182417101,-166.6378216052233
3516.845703125,0.026688232731769488,-31.47360367618093,-166.64431152923592
3517.4560546875,0.02666276008788969,-31.481897901973124,-166.65080004942226
3518.06640625,0.026637304468838514,-31.490194504102853,-166.65728716677324
3518.6767578125,0.026611865864446162,-31.498493485128268,-166.66377288227926
3519.287109375,0.02658644426455222,-31.506794847610422,-166.6702571969298
3519.8974609375,0.026561039659005407,-31.515098594113326,-166.67674011171394
3520.5078125,0.026535652037663813,-31.523404727203893,-166.68322162762001
3521.1181640625,0.026510281390394765,-31.53171324945195,-166.68970174563563
3521.728515625,0.026484927707074696,-31.54002416343034,-166.69618046674776
3522.3388671875,0.026459590977589462,-31.548337471714763,-166.70265779194273
3522.94921875,0.02643427119183402,-31.556653176883916,-166.70913372220622
3523.5595703125,0.026408968339712603,-31.564971281519437,-166.7156082585232
3524.169921875,0.02638368241113864,-31.573291788205907,-166.72208140187806
3524.7802734375,0.026358413396034695,-31.581614699530913,-166.72855315325455
3525.390625,0.026333161284332586,-31.589940018084977,-166.7350235136356
3526.0009765625,0.026307926065973358,-31.598267746461588,-166.74149248400366
3526.611328125,0.02628270773090713,-31.606597887257223,-166.74796006534044
3527.2216796875,0.0262575062690932,-31.614930443071376,-166.75442625862703
3527.83203125,0.026232321670500068,-31.623265416506484,-166.7608910648439
3528.4423828125,0.026207153925105347,-31.631602810168,-166.76735448497064
3529.052734375,0.026182003022895833,-31.639942626664357,-166.77381651998653
3529.6630859375,0.026156868953867377,-31.64828486860703,-166.78027717087
3530.2734375,0.026131751708024956,-31.656629538610478,-166.78673643859878
3530.8837890625,0.026106651275382742,-31.664976639292167,-166.79319432415014
3531.494140625,0.026081567645963914,-31.67332617327261,-166.79965082850052
3532.1044921875,0.02605650080980082,-31.681678143175315,-166.80610595262578
3532.71484375,0.02603145075693485,-31.690032551626835,-166.81255969750117
3533.3251953125,0.026006417477416437,-31.698389401256783,-166.81901206410123
3533.935546875,0.025981400961305176,-31.706748694697758,-166.82546305339986
3534.5458984375,0.025956401198669612,-31.71511043458546,-166.8319126663704
3535.15625,0.025931418179587468,-31.72347462355859,-166.83836090398535
3535.7666015625,0.025906451894145397,-31.731841264258954,-166.8448077672168
3536.376953125,0.025881502332439073,-31.740210359331407,-166.85125325703603
3536.9873046875,0.025856569484573367,-31.74858191142382,-166.85769737441373
3537.59765625,0.025831653340661943,-31.756955923187217,-166.86414012031997
3538.2080078125,0.0258067538908276,-31.76533239727565,-166.8705814957241
3538.818359375,0.02578187112520214,-31.773711336346256,-166.87702150159498
3539.4287109375,0.025757005033926295,-31.782092743059284,-166.88346013890063
3540.0390625,0.025732155607149813,-31.790476620078053,-166.88989740860856
3540.6494140625,0.025707322835031476,-31.798862970068974,-166.8963333116856
3541.259765625,0.025682506707738854,-31.807251795701617,-166.90276784909796
3541.8701171875,0.025657707215448647,-31.815643099648604,-166.90920102181116
3542.48046875,0.02563292434834648,-31.82403688458567,-166.91563283079014
3543.0908203125,0.025608158096626817,-31.832433153191722,-166.9220632769993
3543.701171875,0.025583408450493204,-31.840831908148726,-166.92849236140205
3544.3115234375,0.025558675400157906,-31.849233152141863,-166.93492008496156
3544.921875,0.025533958935842267,-31.85763688785938,-166.94134644864013
3545.5322265625,0.025509259047776525,-31.866043117992678,-166.94777145339955
3546.142578125,0.025484575726199738,-31.874451845236337,-166.9541951002009
3546.7529296875,0.02545990896135989,-31.88286307228806,-166.96061739000461
3547.36328125,0.025435258743513878,-31.891276801848715,-166.9670383237706
3547.9736328125,0.025410625062927388,-31.89969303662236,-166.97345790245797
3548.583984375,0.02538600790987509,-31.908111779316165,-166.9798761270253
3549.1943359375,0.025361407274640417,-31.916533032640526,-166.98629299843063
3549.8046875,0.025336823147515616,-31.924956799309022,-166.99270851763112
3550.4150390625,0.025312255518801917,-31.933383082038368,-166.99912268558356
3551.025390625,0.025287704378809218,-31.941811883548535,-167.00553550324392
3551.6357421875,0.025263169717856374,-31.950243206562625,-167.01194697156765
3552.24609375,0.025238651526270965,-31.958677053806994,-167.01835709150953
3552.8564453125,0.025214149794389375,-31.967113428011192,-167.02476586402372
3553.466796875,0.025189664512556876,-31.97555233190796,-167.03117329006372
3554.0771484375,0.025165195671127405,-31.9839937682333,-167.03757937058253
3554.6875,0.02514074326046378,-31.992437739726398,-167.04398410653232
3555.2978515625,0.02511630727093755,-32.00088424912969,-167.05038749886478
3555.908203125,0.02509188769292899,-32.00933329918887,-167.05678954853096
3556.5185546875,0.02506748451682717,-32.01778489265283,-167.06319025648122
3557.12890625,0.02504309773302998,-32.02623903227371,-167.0695896236654
3557.7392578125,0.025018727331943925,-32.03469572080695,-167.07598765103256
3558.349609375,0.024994373303984265,-32.04315496101123,-167.08238433953136
3558.9599609375,0.024970035639575016,-32.05161675564848,-167.08877969010965
3559.5703125,0.024945714329148914,-32.060081107483896,-167.0951737037147
3560.1806640625,0.02492140936314744,-32.06854801928595,-167.1015663812932
3560.791015625,0.024897120732020606,-32.077017493826446,-167.10795772379123
3561.4013671875,0.024872848426227275,-32.085489533880406,-167.1143477321542
3562.01171875,0.024848592436234992,-32.09396414222618,-167.12073640732686
3562.6220703125,0.024824352752519846,-32.102441321645415,-167.12712375025353
3563.232421875,0.02480012936556673,-32.110921074923056,-167.13350976187772
3563.8427734375,0.02477592226586912,-32.11940340484736,-167.13989444314234
3564.453125,0.02475173144392913,-32.12788831420992,-167.14627779498983
3565.0634765625,0.024727556890257574,-32.136375805805606,-167.15265981836183
3565.673828125,0.024703398595373845,-32.144865882432654,-167.15904051419952
3566.2841796875,0.024679256549805958,-32.15335854689264,-167.1654198834434
3566.89453125,0.024655130744090616,-32.16185380199044,-167.1717979270333
3567.5048828125,0.024631021168773026,-32.17035165053431,-167.1781746459085
3568.115234375,0.024606927814407095,-32.178852095335834,-167.18455004100775
3568.7255859375,0.024582850671555252,-32.18735513920998,-167.19092411326898
3569.3359375,0.024558789730788514,-32.195860784975046,-167.19729686362967
3569.9462890625,0.02453474498268654,-32.20436903545272,-167.20366829302668
3570.556640625,0.02451071641783745,-32.212879893468084,-167.21003840239612
3571.1669921875,0.024486704026838023,-32.22139336184955,-167.21640719267373
3571.77734375,0.024462707800293606,-32.22990944342894,-167.2227746647944
3572.3876953125,0.02443872772881791,-32.2384281410415,-167.2291408196926
3572.998046875,0.024414763803033385,-32.24694945752583,-167.235505658302
3573.6083984375,0.024390816013570894,-32.25547339572397,-167.24186918155587
3574.21875,0.024366884351069883,-32.26399995848133,-167.24823139038674
3574.8291015625,0.024342968806178276,-32.27252914864677,-167.25459228572657
3575.439453125,0.02431906936955247,-32.28106096907257,-167.2609518685067
3576.0498046875,0.024295186031857423,-32.289595422614426,-167.26731013965792
3576.66015625,0.024271318783766566,-32.29813251213146,-167.27366710011032
3577.2705078125,0.024247467615961783,-32.306672240486265,-167.28002275079348
3577.880859375,0.02422363251913341,-32.31521461054487,-167.28637709263626
3578.4912109375,0.024199813483980336,-32.323759625176734,-167.29273012656708
3579.1015625,0.024176010501209787,-32.33230728725481,-167.2990818535137
3579.7119140625,0.024152223561537567,-32.34085759965547,-167.30543227440313
3580.322265625,0.024128452655687766,-32.34941056525863,-167.311781390162
3580.9326171875,0.02410469777439303,-32.35796618694762,-167.3181292017162
3581.54296875,0.024080958908394432,-32.36652446760925,-167.32447570999108
3582.1533203125,0.024057236048441365,-32.37508541013388,-167.33082091591132
3582.763671875,0.024033529185291735,-32.383649017415294,-167.3371648204011
3583.3740234375,0.02400983830971177,-32.39221529235083,-167.343507424384
3583.984375,0.023986163412476093,-32.400784237841336,-167.34984872878286
3584.5947265625,0.023962504484367795,-32.40935585679112,-167.35618873452006
3585.205078125,0.023938861516178255,-32.41793015210808,-167.3625274425174
3585.8154296875,0.023915234498707274,-32.426507126703584,-167.36886485369595
3586.42578125,0.023891623422762995,-32.43508678349255,-167.3752009689763
3587.0361328125,0.02386802827916188,-32.44366912539348,-167.38153578927833
3587.646484375,0.023844449058728824,-32.45225415532835,-167.38786931552156
3588.2568359375,0.023820885752296996,-32.46084187622273,-167.39420154862464
3588.8671875,0.023797338350707853,-32.46943229100576,-167.40053248950582
3589.4775390625,0.023773806844811313,-32.47802540261009,-167.4068621390827
3590.087890625,0.023750291225465462,-32.486621213972015,-167.41319049827217
3590.6982421875,0.023726791483536784,-32.495219728031344,-167.41951756799074
3591.30859375,0.023703307609900092,-32.503820947731484,-167.4258433491542
3591.9189453125,0.02367983959543832,-32.51242487601948,-167.43216784267776
3592.529296875,0.023656387431042848,-32.52103151584592,-167.43849104947606
3593.1396484375,0.023632951107613334,-32.52964087016499,-167.44481297046315
3593.75,0.023609530616057618,-32.53825294193452,-167.4511336065525
3594.3603515625,0.023586125947291824,-32.546867734115956,-167.45745295865697
3594.970703125,0.02356273709224032,-32.55548524967436,-167.46377102768886
3595.5810546875,0.02353936404183579,-32.56410549157839,-167.47008781455995
3596.19140625,0.023516006787019105,-32.57272846280037,-167.4764033201812
3596.8017578125,0.023492665318739357,-32.58135416631626,-167.48271754546317
3597.412109375,0.023469339627953858,-32.58998260510568,-167.4890304913159
3598.0224609375,0.023446029705628188,-32.59861378215189,-167.49534215864875
3598.6328125,0.023422735542736037,-32.60724770044181,-167.50165254837034
3599.2431640625,0.023399457130259423,-32.61588436296603,-167.50796166138903
3599.853515625,0.023376194459188444,-32.62452377271882,-167.51426949861235
3600.4638671875,0.023352947520521403,-32.633165932698134,-167.5205760609474
3601.07421875,0.02332971630526486,-32.641810845905596,-167.52688134930054
3601.6845703125,0.023306500804433423,-32.65045851534655,-167.53318536457766
3602.294921875,0.023283301009049975,-32.65910894403001,-167.53948810768412
3602.9052734375,0.023260116910145495,-32.66776213496872,-167.54578957952458
3603.515625,0.023236948498759055,-32.676418091179144,-167.55208978100322
3604.1259765625,0.023213795765938017,-32.68507681568143,-167.5583887130235
3604.736328125,0.0231906587027377,-32.693738311499494,-167.56468637648845
3605.3466796875,0.023167537300221693,-32.70240258166096,-167.57098277230048
3605.95703125,0.02314443154946162,-32.71106962919721,-167.57727790136133
3606.5673828125,0.0231213414415372,-32.71973945714336,-167.5835717645724
3607.177734375,0.023098266967536325,-32.72841206853829,-167.58986436283425
3607.7880859375,0.023075208118554933,-32.73708746642463,-167.59615569704698
3608.3984375,0.02305216488569701,-32.74576565384881,-167.60244576811013
3609.0087890625,0.023029137260074745,-32.75444663386096,-167.60873457692264
3609.619140625,0.023006125232808244,-32.763130409515085,-167.61502212438293
3610.2294921875,0.02298312879502578,-32.77181698386892,-167.62130841138872
3610.83984375,0.022960147937863717,-32.78050635998399,-167.62759343883732
3611.4501953125,0.02293718265246628,-32.789198540925675,-167.63387720762532
3612.060546875,0.02291423292998595,-32.797893529763094,-167.6401597186489
3612.6708984375,0.02289129876158315,-32.80659132956923,-167.64644097280342
3613.28125,0.0228683801384263,-32.815291943420874,-167.65272097098398
3613.8916015625,0.022845477051691893,-32.82399537439864,-167.65899971408484
3614.501953125,0.02282258949256441,-32.832701625587,-167.665277203
3615.1123046875,0.022799717452236315,-32.84141070007424,-167.67155343862245
3615.72265625,0.02277686092190813,-32.85012260095251,-167.67782842184505
3616.3330078125,0.022754019892788302,-32.858837331317815,-167.68410215355982
3616.943359375,0.022731194356093273,-32.867554894270036,-167.6903746346583
3617.5537109375,0.022708384303047512,-32.87627529291291,-167.69664586603153
3618.1640625,0.02268558972488337,-32.88499853035405,-167.70291584856986
3618.7744140625,0.02266281061284126,-32.89372460970496,-167.70918458316314
3619.384765625,0.022640046958169457,-32.90245353408104,-167.7154520707007
3619.9951171875,0.02261729875212419,-32.9111853066016,-167.72171831207115
3620.60546875,0.022594565985969723,-32.91991993038981,-167.72798330816278
3621.2158203125,0.02257184865097811,-32.92865740857281,-167.73424705986307
3621.826171875,0.02254914673842946,-32.93739774428162,-167.74050956805908
3622.4365234375,0.022526460239611704,-32.9461409406512,-167.74677083363727
3623.046875,0.022503789145820696,-32.954887000820456,-167.7530308574836
3623.6572265625,0.02248113344836025,-32.96363592793222,-167.75928964048333
3624.267578125,0.022458493138541993,-32.9723877251333,-167.76554718352133
3624.8779296875,0.022435868207685523,-32.9811423955744,-167.77180348748175
3625.48828125,0.02241325864711825,-32.989899942410254,-167.77805855324831
3626.0986328125,0.022390664448175477,-32.99866036879953,-167.78431238170413
3626.708984375,0.02236808560220036,-33.00742367790488,-167.7905649737317
3627.3193359375,0.022345522100543996,-33.016189872892944,-167.79681633021306
3627.9296875,0.02232297393456522,-33.02495895693434,-167.8030664520296
3628.5400390625,0.02230044109563075,-33.03373093320373,-167.8093153400623
3629.150390625,0.02227792357511514,-33.042505804879724,-167.81556299519139
3629.7607421875,0.02225542136440079,-33.051283575144986,-167.82180941829668
3630.37109375,0.022232934454877964,-33.06006424718616,-167.82805461025734
3630.9814453125,0.0222104628379446,-33.068847824193995,-167.83429857195216
3631.591796875,0.022188006505006574,-33.07763430936319,-167.84054130425915
3632.2021484375,0.022165565447477522,-33.086423705892535,-167.84678280805582
3632.8125,0.022143139656778874,-33.09521601698486,-167.85302308421927
3633.4228515625,0.022120729124339846,-33.10401124584705,-167.85926213362592
3634.033203125,0.022098333841597425,-33.11280939569006,-167.86549995715166
3634.6435546875,0.02207595379999634,-33.12161046972893,-167.87173655567184
3635.25390625,0.022053588990989175,-33.130414471182746,-167.8779719300613
3635.8642578125,0.022031239406036213,-33.13922140327471,-167.8842060811943
3636.474609375,0.02200890503660543,-33.14803126923213,-167.89043900994443
3637.0849609375,0.02198658587417267,-33.15684407228637,-167.89667071718495
3637.6953125,0.021964281910221404,-33.16565981567295,-167.90290120378845
3638.3056640625,0.021941993136242927,-33.174478502631494,-167.90913047062693
3638.916015625,0.02191971954373617,-33.183300136405734,-167.91535851857202
3639.5263671875,0.02189746112420781,-33.19212472024357,-167.92158534849455
3640.13671875,0.021875217869172254,-33.200952257397006,-167.927810961265
3640.7470703125,0.02185298977015157,-33.209782751122226,-167.9340353577533
3641.357421875,0.021830776818675575,-33.218616204679535,-167.9402585388287
3641.9677734375,0.021808579006281758,-33.22745262133342,-167.94648050536
3642.578125,0.021786396324515202,-33.23629200435256,-167.95270125821546
3643.1884765625,0.021764228764928766,-33.24513435700978,-167.95892079826274
3643.798828125,0.02174207631908294,-33.25397968258211,-167.96513912636905
3644.4091796875,0.02171993897854588,-33.262827984350764,-167.971356243401
3645.01953125,0.02169781673489338,-33.27167926560116,-167.9775721502246
3645.6298828125,0.02167570957970887,-33.28053352962292,-167.9837868477055
3646.240234375,0.021653617504583438,-33.28939077970992,-167.9900003367085
3646.8505859375,0.021631540501115806,-33.2982510191602,-167.99621261809827
3647.4609375,0.02160947856091232,-33.30711425127607,-168.00242369273855
3648.0712890625,0.0215874316755869,-33.315980479364086,-168.00863356149276
3648.681640625,0.021565399836761145,-33.32484970673504,-168.0148422252238
3649.2919921875,0.021543383036064186,-33.33372193670398,-168.0210496847939
3649.90234375,0.021521381265132852,-33.3425971725902,-168.02725594106485
3650.5126953125,0.021499394515611395,-33.35147541771733,-168.03346099489784
3651.123046875,0.021477422779151788,-33.36035667541322,-168.0396648471536
3651.7333984375,0.02145546604741358,-33.369240949010006,-168.0458674986922
3652.34375,0.02143352431206379,-33.37812824184416,-168.05206895037335
3652.9541015625,0.021411597564777115,-33.38701855725641,-168.05826920305608
3653.564453125,0.021389685797235707,-33.39591189859184,-168.06446825759895
3654.1748046875,0.021367789001129282,-33.404808269199854,-168.0706661148599
3654.78515625,0.021345907168155185,-33.413707672434136,-168.07686277569653
3655.3955078125,0.02132404029001817,-33.42261011165275,-168.08305824096576
3656.005859375,0.02130218835843063,-33.431515590218076,-168.08925251152388
3656.6162109375,0.021280351365112405,-33.44042411149687,-168.09544558822694
3657.2265625,0.02125852930179083,-33.449335678860244,-168.1016374719302
3657.8369140625,0.021236722160200863,-33.45825029568365,-168.1078281634885
3658.447265625,0.021214929932084844,-33.46716796534694,-168.11401766375607
3659.0576171875,0.021193152609192623,-33.476088691234374,-168.12020597358676
3659.66796875,0.021171390183281607,-33.485012476734546,-168.1263930938338
3660.2783203125,0.021149642646116584,-33.49393932524051,-168.13257902534983
3660.888671875,0.02112790998946992,-33.50286924014968,-168.13876376898705
3661.4990234375,0.0211061922051214,-33.5118022248639,-168.14494732559714
3662.109375,0.02108448928485818,-33.52073828278948,-168.15112969603123
3662.7197265625,0.021062801220475005,-33.529677417337105,-168.15731088113984
3663.330078125,0.02104112800377401,-33.53861963192194,-168.16349088177307
3663.9404296875,0.021019469626564764,-33.54756492996357,-168.16966969878047
3664.55078125,0.020997826080664278,-33.55651331488607,-168.17584733301106
3665.1611328125,0.02097619735789693,-33.56546479011798,-168.18202378531336
3665.771484375,0.020954583450094624,-33.574419359092275,-168.1881990565353
3666.3818359375,0.020932984349096607,-33.58337702524645,-168.19437314752437
3666.9921875,0.020911400046749542,-33.592337792022484,-168.20054605912742
3667.6025390625,0.02088983053490747,-33.60130166286687,-168.20671779219091
3668.212890625,0.020868275805431883,-33.610268641230554,-168.21288834756072
3668.8232421875,0.020846735850191575,-33.61923873056908,-168.21905772608218
3669.43359375,0.020825210661062802,-33.628211934342445,-168.22522592860014
3670.0439453125,0.020803700229929143,-33.63718825601523,-168.23139295595894
3670.654296875,0.02078220454868152,-33.64616769905654,-168.23755880900237
3671.2646484375,0.0207607236092183,-33.65515026694001,-168.24372348857364
3671.875,0.020739257403445073,-33.664135963143885,-168.24988699551557
3672.4853515625,0.02071780592327493,-33.673124791150904,-168.2560493306704
3673.095703125,0.02069636916062817,-33.68211675444846,-168.26221049487984
3673.7060546875,0.020674947107432454,-33.69111185652849,-168.26837048898517
3674.31640625,0.020653539755622816,-33.700110100887514,-168.27452931382692
3674.9267578125,0.020632147097141545,-33.709111491026704,-168.2806869702454
3675.537109375,0.02061076912393833,-33.71811603045177,-168.2868434590802
3676.1474609375,0.02058940582797006,-33.727123722673106,-168.29299878117047
3676.7578125,0.020568057201200963,-33.73613457120571,-168.29915293735485
3677.3681640625,0.020546723235602582,-33.74514857956922,-168.30530592847148
3677.978515625,0.02052540392315379,-33.75416575128788,-168.31145775535788
3678.5888671875,0.02050409925584056,-33.76318608989069,-168.31760841885122
3679.19921875,0.02048280922565634,-33.772209598911196,-168.32375791978808
3679.8095703125,0.020461533824601724,-33.781236281887686,-168.32990625900442
3680.419921875,0.02044027304468461,-33.790266142363116,-168.3360534373358
3681.0302734375,0.02041902687792018,-33.7992991838851,-168.3421994556174
3681.640625,0.020397795316330743,-33.808335410006016,-168.34834431468357
3682.2509765625,0.02037657835194596,-33.81737482428289,-168.35448801536847
3682.861328125,0.020355375976802724,-33.82641743027748,-168.3606305585055
3683.4716796875,0.020334188182945065,-33.83546323155629,-168.3667719449277
3684.08203125,0.020313014962424335,-33.84451223169052,-168.3729121754676
3684.6923828125,0.020291856307299034,-33.85356443425616,-168.37905125095705
3685.302734375,0.02027071220963486,-33.86261984283391,-168.38518917222765
3685.9130859375,0.020249582661504787,-33.87167846100924,-168.39132594011036
3686.5234375,0.020228467654988938,-33.88074029237241,-168.39746155543557
3687.1337890625,0.02020736718217455,-33.88980534051846,-168.40359601903327
3687.744140625,0.020186281235156183,-33.89887360904717,-168.4097293317329
3688.3544921875,0.02016520980603546,-33.90794510156319,-168.4158614943634
3688.96484375,0.02014415288692125,-33.917019821675915,-168.42199250775323
3689.5751953125,0.020123110469929515,-33.92609777299958,-168.4281223727303
3690.185546875,0.0201020825471834,-33.935178959153255,-168.43425109012202
3690.7958984375,0.020081069110813237,-33.94426338376081,-168.4403786607553
3691.40625,0.020060070152956425,-33.953351050451005,-168.4465050854566
3692.0166015625,0.020039085665757562,-33.96244196285741,-168.45263036505185
3692.626953125,0.02001811564136837,-33.97153612461847,-168.45875450036644
3693.2373046875,0.01999716007194762,-33.98063353937752,-168.4648774922253
3693.84765625,0.019976218949661322,-33.989734210782736,-168.47099934145282
3694.4580078125,0.019955292266682478,-33.99883814248723,-168.477120048873
3695.068359375,0.0199343800151913,-34.00794533814896,-168.48323961530912
3695.6787109375,0.01991348218737502,-34.01705580143083,-168.48935804158418
3696.2890625,0.019892598775427966,-34.02616953600066,-168.49547532852057
3696.8994140625,0.019871729771551584,-34.03528654553118,-168.5015914769402
3697.509765625,0.01985087516795441,-34.04440683370006,-168.50770648766456
3698.1201171875,0.01983003495685202,-34.05353040418991,-168.51382036151443
3698.73046875,0.019809209130467038,-34.06265726068831,-168.5199330993104
3699.3408203125,0.019788397681029204,-34.07178740688779,-168.52604470187228
3699.951171875,0.019767600600775266,-34.08092084648588,-168.53215517001954
3700.5615234375,0.019746817881949066,-34.09005758318504,-168.5382645045711
3701.171875,0.01972604951680138,-34.0991976206928,-168.54437270634546
3701.7822265625,0.01970529549759015,-34.108340962721606,-168.55047977616056
3702.392578125,0.019684555816580317,-34.11748761298896,-168.55658571483374
3703.0029296875,0.019663830466043745,-34.12663757521741,-168.56269052318208
3703.61328125,0.01964311943825944,-34.13579085313448,-168.568794202022
3704.2236328125,0.019622422725513355,-34.14494745047277,-168.57489675216945
3704.833984375,0.019601740320098412,-34.15410737096994,-168.58099817444
3705.4443359375,0.019581072214314627,-34.16327061836867,-168.5870984696485
3706.0546875,0.019560418400468935,-34.17243719641674,-168.59319763860955
3706.6650390625,0.019539778870875223,-34.18160710886701,-168.5992956821372
3707.275390625,0.019519153617854477,-34.1907803594774,-168.60539260104483
3707.8857421875,0.019498542633734527,-34.19995695201097,-168.61148839614557
3708.49609375,0.01947794591085027,-34.209136890235854,-168.6175830682519
3709.1064453125,0.019457363441543488,-34.21832017792533,-168.6236766181759
3709.716796875,0.019436795218162925,-34.22750681885779,-168.62976904672917
3710.3271484375,0.019416241233064332,-34.23669681681676,-168.63586035472267
3710.9375,0.019395701478610326,-34.24589017559094,-168.6419505429671
3711.5478515625,0.01937517594717052,-34.25508689897414,-168.6480396122725
3712.158203125,0.019354664631121454,-34.26428699076538,-168.6541275634485
3712.7685546875,0.019334167522846488,-34.27349045476886,-168.66021439730417
3713.37890625,0.019313684614736017,-34.28269729479395,-168.66630011464824
3713.9892578125,0.019293215899187335,-34.2919075146552,-168.67238471628883
3714.599609375,0.019272761368604566,-34.301121118172404,-168.6784682030336
3715.2099609375,0.0192523210153988,-34.31033810917056,-168.6845505756897
3715.8203125,0.019231894831987954,-34.319558491479896,-168.6906318350639
3716.4306640625,0.01921148281079689,-34.32878226893588,-168.6967119819624
3717.041015625,0.019191084944257367,-34.3380094453792,-168.70279101719092
3717.6513671875,0.019170701224807945,-34.34724002465585,-168.70886894155475
3718.26171875,0.019150331644894065,-34.35647401061707,-168.71494575585862
3718.8720703125,0.019129976196968095,-34.36571140711936,-168.72102146090683
3719.482421875,0.01910963487348917,-34.37495221802455,-168.72709605750316
3720.0927734375,0.019089307666923357,-34.38419644719973,-168.73316954645102
3720.703125,0.019068994569743508,-34.39344409851732,-168.73924192855318
3721.3134765625,0.01904869557442931,-34.402695175855065,-168.7453132046121
3721.923828125,0.019028410673467326,-34.41194968309602,-168.75138337542958
3722.5341796875,0.01900813985935089,-34.421207624128606,-168.75745244180712
3723.14453125,0.018987883124580232,-34.43046900284656,-168.76352040454557
3723.7548828125,0.018967640461662296,-34.43973382314902,-168.76958726444542
3724.365234375,0.018947411863110896,-34.44900208894047,-168.77565302230664
3724.9755859375,0.01892719732144663,-34.45827380413078,-168.7817176789288
3725.5859375,0.01890699682919688,-34.46754897263524,-168.78778123511083
3726.1962890625,0.01888681037889586,-34.47682759837449,-168.79384369165132
3726.806640625,0.018866637963084517,-34.48610968527463,-168.79990504934844
3727.4169921875,0.018846479574310574,-34.49539523726716,-168.80596530899965
3728.02734375,0.01882633520512856,-34.50468425828903,-168.8120244714021
3728.6376953125,0.018806204848099785,-34.513976752282616,-168.8180825373525
3729.248046875,0.01878608849579221,-34.52327272319578,-168.824139507647
3729.8583984375,0.01876598614078068,-34.532572174981816,-168.83019538308136
3730.46875,0.01874589777564669,-34.54187511159952,-168.83625016445075
3731.0791015625,0.01872582339297852,-34.551181537013186,-168.84230385254995
3731.689453125,0.018705762985371247,-34.56049145519253,-168.84835644817323
3732.2998046875,0.018685716545426504,-34.56980487011292,-168.85440795211446
3732.91015625,0.018665684065752787,-34.57912178575511,-168.86045836516698
3733.5205078125,0.018645665538965323,-34.58844220610543,-168.8665076881236
3734.130859375,0.018625660957685947,-34.59776613515578,-168.8725559217768
3734.7412109375,0.01860567031454324,-34.607093576903594,-168.87860306691852
3735.3515625,0.01858569360217254,-34.61642453535185,-168.88464912434017
3735.9619140625,0.018565730813215796,-34.62575901450912,-168.89069409483284
3736.572265625,0.018545781940321707,-34.63509701838957,-168.89673797918698
3737.1826171875,0.018525846976145614,-34.64443855101294,-168.90278077819275
3737.79296875,0.01850592591334951,-34.65378361640461,-168.90882249263962
3738.4033203125,0.01848601874460215,-34.66313221859553,-168.91486312331682
3739.013671875,0.01846612546257886,-34.672484361622324,-168.92090267101304
3739.6240234375,0.018446246059961688,-34.681840049527224,-168.9269411365164
3740.234375,0.01842638052943928,-34.69119928635815,-168.93297852061468
3740.8447265625,0.018406528863706945,-34.700562076168666,-168.93901482409512
3741.455078125,0.01838669105546667,-34.70992842301798,-168.94505004774462
3742.0654296875,0.018366867097427023,-34.71929833097104,-168.95108419234944
3742.67578125,0.018347056982303253,-34.72867180409845,-168.95711725869546
3743.2861328125,0.01832726070281718,-34.73804884647654,-168.9631492475681
3743.896484375,0.018307478251697252,-34.74742946218736,-168.96918015975237
3744.5068359375,0.01828770962167859,-34.756813655318666,-168.9752099960327
3745.1171875,0.01826795480550281,-34.766201429964,-168.98123875719318
3745.7275390625,0.018248213795918237,-34.7755927902226,-168.98726644401734
3746.337890625,0.018228486585679726,-34.784987740199526,-168.99329305728827
3746.9482421875,0.018208773167548712,-34.794386284005576,-168.99931859778866
3747.55859375,0.018189073534293256,-34.80378842575735,-169.00534306630072
3748.1689453125,0.018169387678688014,-34.8131941695772,-169.01136646360604
3748.779296875,0.01814971559351408,-34.82260351959341,-169.01738879048608
3749.3896484375,0.018130057271559273,-34.83201647993993,-169.02341004772154
3750.0,0.018110412705617893,-34.84143305475666,-169.02943023609282
3750.6103515625,0.018090781888490805,-34.85085324818928,-169.03544935637981
3751.220703125,0.018071164812985437,-34.86027706438935,-169.0414674093619
3751.8310546875,0.018051561471915688,-34.869704507514314,-169.04748439581812
3752.44140625,0.018031971858102087,-34.87913558172747,-169.05350031652702
3753.0517578125,0.01801239596437167,-34.888570291197986,-169.05951517226663
3753.662109375,0.017992833783557947,-34.898008640101,-169.0655289638146
3754.2724609375,0.01797328530850102,-34.90745063261749,-169.071541691948
3754.8828125,0.017953750532047445,-34.916896272934416,-169.07755335744363
3755.4931640625,0.01793422944705028,-34.92634556524466,-169.08356396107777
3756.103515625,0.017914722046369177,-34.93579851374703,-169.0895735036261
3756.7138671875,0.017895228322870174,-34.945255122646316,-169.09558198586404
3757.32421875,0.01787574826942583,-34.954715396153304,-169.10158940856653
3757.9345703125,0.017856281878915244,-34.96417933848471,-169.10759577250792
3758.544921875,0.017836829144223926,-34.9736469538633,-169.1136010784622
3759.1552734375,0.01781739005824393,-34.983118246517805,-169.11960532720298
3759.765625,0.01779796461387369,-34.99259322068302,-169.1256085195033
3760.3759765625,0.017778552804018164,-35.00207188059975,-169.1316106561358
3760.986328125,0.017759154621588755,-35.01155423051483,-169.13761173787267
3761.5966796875,0.01773977005950329,-35.021040274681205,-169.14361176548564
3762.20703125,0.01772039911068609,-35.030530017357826,-169.14961073974604
3762.8173828125,0.017701041768067922,-35.04002346280975,-169.15560866142465
3763.427734375,0.017681698024585874,-35.04952061530816,-169.16160553129188
3764.0380859375,0.017662367873183586,-35.059021479130294,-169.16760135011762
3764.6484375,0.017643051306811097,-35.06852605855954,-169.17359611867147
3765.2587890625,0.017623748318424826,-35.07803435788541,-169.17958983772243
3765.869140625,0.017604458900987628,-35.08754638140355,-169.18558250803912
3766.4794921875,0.017585183047468738,-35.097062133415776,-169.19157413038963
3767.08984375,0.017565920750843816,-35.106581618230074,-169.1975647055417
3767.7001953125,0.017546672004094953,-35.11610484016056,-169.20355423426267
3768.310546875,0.017527436800210565,-35.12563180352762,-169.2095427173192
3768.9208984375,0.017508215132185454,-35.135162512657786,-169.21553015547786
3769.53125,0.017489006993020865,-35.14469697188383,-169.22151654950443
3770.1416015625,0.017469812375724342,-35.15423518554476,-169.22750190016447
3770.751953125,0.01745063127330986,-35.163777157985805,-169.23348620822298
3771.3623046875,0.0174314636787977,-35.17332289355846,-169.23946947444455
3771.97265625,0.01741230958521451,-35.18287239662051,-169.24545169959342
3772.5830078125,0.017393168985593344,-35.192425671535965,-169.25143288443329
3773.193359375,0.017374041872973516,-35.20198272267519,-169.25741302972736
3773.8037109375,0.017354928240400785,-35.21154355441479,-169.26339213623848
3774.4140625,0.017335828080927127,-35.22110817113775,-169.2693702047291
3775.0244140625,0.0173167413876109,-35.23067657723337,-169.27534723596116
3775.634765625,0.01729766815351683,-35.24024877709725,-169.28132323069613
3776.2451171875,0.017278608371715878,-35.2498247751314,-169.28729818969524
3776.85546875,0.017259562035285385,-35.25940457574418,-169.29327211371884
3777.4658203125,0.017240529137308978,-35.26898818335031,-169.2992450035274
3778.076171875,0.017221509670876534,-35.27857560237096,-169.30521685988057
3778.6865234375,0.0172025036290843,-35.288166837233646,-169.3111876835376
3779.296875,0.017183511005034836,-35.297761892372314,-169.3171574752575
3779.9072265625,0.017164531791836836,-35.30736077222741,-169.32312623579867
3780.517578125,0.01714556598260545,-35.31696348124575,-169.32909396591913
3781.1279296875,0.017126613570461968,-35.32657002388065,-169.33506066637645
3781.73828125,0.017107674548534044,-35.33618040459189,-169.34102633792776
3782.3486328125,0.01708874890995559,-35.3457946278457,-169.34699098132975
3782.958984375,0.017069836647866654,-35.3554126981149,-169.35295459733874
3783.5693359375,0.017050937755413675,-35.36503461987873,-169.35891718671053
3784.1796875,0.017032052225749324,-35.37466039762299,-169.36487875020057
3784.7900390625,0.017013180052032423,-35.38429003584004,-169.3708392885638
3785.400390625,0.016994321227428104,-35.39392353902877,-169.37679880255473
3786.0107421875,0.016975475745107743,-35.40356091169461,-169.3827572929275
3786.62109375,0.01695664359824886,-35.413202158349655,-169.38871476043576
3787.2314453125,0.01693782478003529,-35.42284728351249,-169.39467120583276
3787.841796875,0.016919019283657032,-35.43249629170836,-169.40062662987134
3788.4521484375,0.016900227102310268,-35.44214918746914,-169.40658103330384
3789.0625,0.01688144822919747,-35.4518059753333,-169.41253441688224
3789.6728515625,0.016862682657527207,-35.461466659846,-169.41848678135804
3790.283203125,0.01684393038051433,-35.471131245559015,-169.42443812748232
3790.8935546875,0.016825191391379835,-35.480799737030814,-169.4303884560058
3791.50390625,0.01680646568335087,-35.490472138826576,-169.4363377676786
3792.1142578125,0.016787753249660847,-35.50014845551813,-169.4422860632506
3792.724609375,0.01676905408354925,-35.509828691684085,-169.44823334347117
3793.3349609375,0.01675036817826183,-35.519512851909695,-169.45417960908927
3793.9453125,0.01673169552705041,-35.52920094078705,-169.46012486085337
3794.5556640625,0.01671303612317301,-35.53889296291493,-169.4660690995116
3795.166015625,0.016694389959893828,-35.548588922898894,-169.47201232581162
3795.7763671875,0.01667575703048314,-35.55828882535132,-169.47795454050072
3796.38671875,0.016657137328217435,-35.567992674891336,-169.48389574432565
3796.9970703125,0.0166385308463793,-35.57770047614491,-169.48983593803283
3797.607421875,0.016619937578257405,-35.58741223374486,-169.4957751223682
3798.2177734375,0.016601357517146646,-35.59712795233078,-169.50171329807733
3798.828125,0.01658279065634801,-35.60684763654913,-169.50765046590536
3799.4384765625,0.016564236989168486,-35.61657129105334,-169.51358662659695
3800.048828125,0.016545696508921327,-35.62629892050357,-169.51952178089638
3800.6591796875,0.016527169208925826,-35.63603052956697,-169.52545592954752
3801.26953125,0.016508655082507335,-35.64576612291759,-169.5313890732938
3801.8798828125,0.016490154122997393,-35.655505705236365,-169.53732121287814
3802.490234375,0.016471666323733505,-35.665249281211224,-169.54325234904326
3803.1005859375,0.01645319167805935,-35.67499685553702,-169.54918248253128
3803.7109375,0.016434730179324675,-35.68474843291555,-169.55511161408384
3804.3212890625,0.016416281820885247,-35.69450401805565,-169.56103974444244
3804.931640625,0.016397846596102987,-35.704263615673085,-169.56696687434786
3805.5419921875,0.016379424498345785,-35.7140272304907,-169.57289300454065
3806.15234375,0.01636101552098763,-35.723794867238325,-169.57881813576083
3806.7626953125,0.016342619657408596,-35.733566530652816,-169.58474226874804
3807.373046875,0.016324236900994743,-35.74334222547812,-169.59066540424155
3807.9833984375,0.016305867245138175,-35.75312195646524,-169.59658754298022
3808.59375,0.016287510683237128,-35.762905728372246,-169.60250868570233
3809.2041015625,0.016269167208695715,-35.77269354596434,-169.6084288331459
3809.814453125,0.01625083681492421,-35.78248541401379,-169.61434798604856
3810.4248046875,0.016232519495338844,-35.79228133730004,-169.62026614514738
3811.03515625,0.016214215243361856,-35.802081320609645,-169.62618331117912
3811.6455078125,0.01619592405242154,-35.81188536873632,-169.63209948488006
3812.255859375,0.016177645915952128,-35.82169348648099,-169.63801466698618
3812.8662109375,0.01615938082739395,-35.831505678651695,-169.64392885823293
3813.4765625,0.016141128780193234,-35.841321950063744,-169.64984205935534
3814.0869140625,0.016122889767802222,-35.85114230553965,-169.6557542710881
3814.697265625,0.016104663783679193,-35.860966749909124,-169.6616654941655
3815.3076171875,0.01608645082128838,-35.87079528800914,-169.6675757293213
3815.91796875,0.016068250874099944,-35.880627924683964,-169.67348497728895
3816.5283203125,0.016050063935590067,-35.8904646647851,-169.67939323880145
3817.138671875,0.016031889999240847,-35.90030551317139,-169.68530051459146
3817.7490234375,0.01601372905854043,-35.91015047470891,-169.69120680539112
3818.359375,0.015995581106982827,-35.91999955427113,-169.6971121119321
3818.9697265625,0.015977446138068046,-35.929852756738825,-169.703016434946
3819.580078125,0.015959324145302003,-35.939710087000144,-169.70891977516357
3820.1904296875,0.01594121512219661,-35.94957154995057,-169.71482213331547
3820.80078125,0.015923119062269633,-35.959437150493024,-169.72072351013176
3821.4111328125,0.01590503595904486,-35.969306893537755,-169.72662390634224
3822.021484375,0.01588696580605193,-35.9791807840025,-169.7325233226762
3822.6318359375,0.015868908596826412,-35.989058826812396,-169.7384217598625
3823.2421875,0.015850864324909834,-35.9989410269,-169.74431921862976
3823.8525390625,0.01583283298384958,-36.00882738920538,-169.7502156997059
3824.462890625,0.01581481456719898,-36.018717918676046,-169.75611120381882
3825.0732421875,0.015796809068517235,-36.02861262026701,-169.76200573169567
3825.68359375,0.01577881648136943,-36.03851149894083,-169.7678992840634
3826.2939453125,0.0157608367993266,-36.048414559667506,-169.7737918616484
3826.904296875,0.01574287001596559,-36.05832180742467,-169.7796834651768
3827.5146484375,0.01572491612486913,-36.06823324719747,-169.78557409537424
3828.125,0.015706975119625904,-36.0781488839786,-169.79146375296597
3828.7353515625,0.01568904699383037,-36.088068722768384,-169.79735243867685
3829.345703125,0.0156711317410829,-36.097992768574755,-169.8032401532314
3829.9560546875,0.015653229354989775,-36.107921026413194,-169.8091268973535
3830.56640625,0.015635339829162972,-36.11785350130693,-169.81501267176705
3831.1767578125,0.015617463157220474,-36.12779019828677,-169.82089747719502
3831.787109375,0.015599599332786027,-36.137731122391195,-169.82678131436046
3832.3974609375,0.015581748349489251,-36.147676278666395,-169.83266418398566
3833.0078125,0.015563910200965626,-36.15762567216623,-169.83854608679275
3833.6181640625,0.015546084880856351,-36.16757930795233,-169.84442702350333
3834.228515625,0.015528272382808565,-36.17753719109401,-169.85030699483866
3834.8388671875,0.01551047270047519,-36.187499326668345,-169.85618600151952
3835.44921875,0.01549268582751496,-36.19746571976018,-169.8620640442664
3836.0595703125,0.015474911757592372,-36.20743637546218,-169.86794112379937
3836.669921875,0.015457150484377838,-36.21741129887473,-169.87381724083798
3837.2802734375,0.015439402001547446,-36.227390495106114,-169.87969239610152
3837.890625,0.015421666302783186,-36.23737396927239,-169.88556659030883
3838.5009765625,0.015403943381772778,-36.24736172649749,-169.8914398241783
3839.111328125,0.015386233232209702,-36.25735377191323,-169.8973120984281
3839.7216796875,0.015368535847793305,-36.26735011065926,-169.90318341377574
3840.33203125,0.015350851222228621,-36.27735074788318,-169.90905377093856
3840.9423828125,0.015333179349226537,-36.287355688740476,-169.91492317063344
3841.552734375,0.015315520222503631,-36.29736493839458,-169.9207916135767
3842.1630859375,0.015297873835782272,-36.30737850201686,-169.92665910048453
3842.7734375,0.015280240182790618,-36.31739638478667,-169.93252563207264
3843.3837890625,0.015262619257262513,-36.327418591891345,-169.93839120905614
3843.994140625,0.015245011052937626,-36.337445128526184,-169.9442558321501
3844.6044921875,0.015227415563561296,-36.34747599989456,-169.95011950206882
3845.21484375,0.015209832782884604,-36.35751121120788,-169.9559822195266
3845.8251953125,0.015192262704664448,-36.36755076768552,-169.96184398523698
3846.435546875,0.015174705322663339,-36.377594674555034,-169.96770479991332
3847.0458984375,0.015157160630649605,-36.38764293705198,-169.97356466426854
3847.65625,0.01513962862239723,-36.39769556042007,-169.97942357901513
3848.2666015625,0.015122109291685908,-36.40775254991114,-169.9852815448653
3848.876953125,0.015104602632301088,-36.417813910785114,-169.99113856253072
3849.4873046875,0.01508710863803395,-36.427879648310096,-169.9969946327228
3850.09765625,0.015069627302681233,-36.43794976776242,-170.00284975615241
3850.7080078125,0.015052158620045499,-36.44802427442653,-170.0087039335302
3851.318359375,0.015034702583934977,-36.458103173595106,-170.0145571655664
3851.9287109375,0.015017259188163521,-36.46818647056908,-170.02040945297063
3852.5390625,0.01499982842655077,-36.47827417065757,-170.02626079645245
3853.1494140625,0.014982410292921898,-36.488366279178045,-170.03211119672082
3853.759765625,0.014965004781107853,-36.498462801456185,-170.03796065448432
3854.3701171875,0.01494761188494526,-36.508563742825956,-170.04380917045123
3854.98046875,0.01493023159827631,-36.518669108629695,-170.04965674532943
3855.5908203125,0.014912863914948922,-36.52877890421805,-170.05550337982632
3856.201171875,0.014895508828816665,-36.538893134949994,-170.06134907464903
3856.8115234375,0.014878166333738696,-36.549011806192915,-170.06719383050424
3857.421875,0.01486083642357992,-36.55913492332253,-170.07303764809825
3858.0322265625,0.01484351909221077,-36.569262491723016,-170.07888052813698
3858.642578125,0.014826214333507344,-36.57939451678696,-170.08472247132593
3859.2529296875,0.01480892214135143,-36.589531003915354,-170.0905634783703
3859.86328125,0.014791642509630332,-36.5996719585177,-170.09640354997487
3860.4736328125,0.014774375432237084,-36.60981738601194,-170.10224268684394
3861.083984375,0.014757120903070247,-36.61996729182453,-170.10808088968153
3861.6943359375,0.014739878916034005,-36.630121681390456,-170.11391815919131
3862.3046875,0.014722649465038202,-36.640280560153194,-170.1197544960765
3862.9150390625,0.014705432543998205,-36.65044393356482,-170.12558990103992
3863.525390625,0.014688228146835057,-36.66061180708594,-170.131424374784
3864.1357421875,0.01467103626747532,-36.67078418618576,-170.13725791801087
3864.74609375,0.014653856899851157,-36.680961076342136,-170.14309053142227
3865.3564453125,0.014636690037900362,-36.69114248304146,-170.1489222157195
3865.966796875,0.014619535675566238,-36.70132841177887,-170.15475297160344
3866.5771484375,0.014602393806797717,-36.71151886805808,-170.1605827997747
3867.1875,0.014585264425549253,-36.721713857391535,-170.16641170093348
3867.7978515625,0.014568147525780855,-36.7319133853004,-170.17223967577957
3868.408203125,0.01455104310145814,-36.742117457314514,-170.17806672501237
3869.0185546875,0.014533951146552303,-36.75232607897244,-170.18389284933093
3869.62890625,0.01451687165503994,-36.762539255821586,-170.18971804943396
3870.2392578125,0.014499804620903339,-36.772756993418064,-170.19554232601968
3870.849609375,0.014482750038130293,-36.78297929732678,-170.20136567978602
3871.4599609375,0.01446570790071408,-36.793206173121504,-170.20718811143058
3872.0703125,0.014448678202653569,-36.8034376263848,-170.21300962165046
3872.6806640625,0.014431660937953119,-36.8136736627081,-170.2188302111424
3873.291015625,0.01441465610062258,-36.82391428769173,-170.22464988060287
3873.9013671875,0.014397663684677429,-36.83415950694485,-170.23046863072784
3874.51171875,0.014380683684138527,-36.844409326085604,-170.23628646221303
3875.1220703125,0.014363716093032337,-36.85466375074101,-170.2421033757537
3875.732421875,0.01434676090539076,-36.86492278654708,-170.24791937204466
3876.3427734375,0.014329818115251216,-36.875186439148784,-170.2537344517806
3876.953125,0.014312887716656654,-36.885454714200044,-170.25954861565543
3877.5634765625,0.014295969703655454,-36.89572761736385,-170.2653618643632
3878.173828125,0.014279064070301507,-36.90600515431222,-170.27117419859724
3878.7841796875,0.014262170810654229,-36.916287330726135,-170.27698561905044
3879.39453125,0.0142452899187784,-36.92657415229578,-170.28279612641563
3880.0048828125,0.014228421388744387,-36.93686562472032,-170.288605721385
3880.615234375,0.014211565214627998,-36.94716175370806,-170.2944144046505
3881.2255859375,0.014194721390510423,-36.95746254497647,-170.3002221769037
3881.8359375,0.014177889910478409,-36.967768004252136,-170.3060290388358
3882.4462890625,0.014161070768624074,-36.97807813727083,-170.31183499113746
3883.056640625,0.014144263959045082,-36.988392949777484,-170.31764003449925
3883.6669921875,0.014127469475844446,-36.99871244752628,-170.32344416961115
3884.27734375,0.014110687313130645,-37.00903663628062,-170.32924739716302
3884.8876953125,0.014093917465017633,-37.01936552181313,-170.33504971784396
3885.498046875,0.014077159925624774,-37.02969910990572,-170.34085113234303
3886.1083984375,0.014060414689076829,-37.040037406349626,-170.34665164134879
3886.71875,0.014043681749504,-37.05038041694537,-170.35245124554953
3887.3291015625,0.014026961101041933,-37.06072814750278,-170.35824994563305
3887.939453125,0.014010252737831626,-37.0710806038411,-170.36404774228683
3888.5498046875,0.013993556654019568,-37.08143779178888,-170.36984463619802
3889.16015625,0.013976872843757576,-37.09179971718412,-170.37564062805333
3889.7705078125,0.013960201301202877,-37.10216638587421,-170.3814357185392
3890.380859375,0.013943542020518167,-37.112537803715966,-170.38722990834148
3890.9912109375,0.01392689499587141,-37.12291397657572,-170.39302319814604
3891.6015625,0.013910260221436092,-37.133294910329184,-170.39881558863812
3892.2119140625,0.013893637691390988,-37.14368061086165,-170.40460708050244
3892.822265625,0.01387702739992024,-37.15407108406793,-170.41039767442388
3893.4326171875,0.013860429341213454,-37.16446633585232,-170.41618737108635
3894.04296875,0.01384384350946549,-37.17486637212875,-170.4219761711738
3894.6533203125,0.013827269898876692,-37.18527119882065,-170.42776407536974
3895.263671875,0.013810708503652666,-37.195680821861146,-170.43355108435722
3895.8740234375,0.013794159318004406,-37.20609524719294,-170.43933719881898
3896.484375,0.013777622336148274,-37.216514480768396,-170.44512241943735
3897.0947265625,0.013761097552305977,-37.22693852854952,-170.45090674689442
3897.705078125,0.013744584960704511,-37.23736739650808,-170.45669018187183
3898.3154296875,0.013728084555576298,-37.24780109062548,-170.4624727250508
3898.92578125,0.013711596331159004,-37.25823961689291,-170.46825437711232
3899.5361328125,0.013695120281695696,-37.26868298131129,-170.474035138737
3900.146484375,0.013678656401434766,-37.2791311898913,-170.47981501060502
3900.7568359375,0.013662204684629822,-37.28958424865351,-170.48559399339618
3901.3671875,0.013645765125539906,-37.30004216362821,-170.49137208778998
3901.9775390625,0.013629337718429344,-37.31050494085559,-170.4971492944656
3902.587890625,0.01361292245756772,-37.320972586385686,-170.5029256141018
3903.1982421875,0.013596519337230002,-37.33144510627841,-170.50870104737697
3903.80859375,0.013580128351696356,-37.341922506603645,-170.51447559496916
3904.4189453125,0.01356374949525231,-37.35240479344115,-170.52024925755612
3905.029296875,0.013547382762188705,-37.362891972880654,-170.52602203581506
3905.6396484375,0.0135310281468016,-37.37338405102185,-170.53179393042313
3906.25,0.013514685643392366,-37.38388103397448,-170.53756494205686
3906.8603515625,0.013498355246267663,-37.39438292785826,-170.5433350713925
3907.470703125,0.013482036949739408,-37.404889738802964,-170.54910431910608
3908.0810546875,0.013465730748124807,-37.41540147294843,-170.554872685873
3908.69140625,0.013449436635746303,-37.42591813644461,-170.56064017236855
3909.3017578125,0.013433154606931584,-37.43643973545157,-170.56640677926754
3909.912109375,0.013416884656013683,-37.44696627613945,-170.57217250724455
3910.5224609375,0.013400626777330763,-37.45749776468863,-170.5779373569736
3911.1328125,0.013384380965226338,-37.46803420728963,-170.5837013291285
3911.7431640625,0.01336814721404911,-37.47857561014316,-170.58946442438275
3912.353515625,0.013351925518153002,-37.48912197946022,-170.59522664340938
3912.9638671875,0.013335715871897236,-37.49967332146199,-170.60098798688108
3913.57421875,0.013319518269646198,-37.510229642379976,-170.6067484554703
3914.1845703125,0.013303332705769567,-37.52079094845594,-170.61250804984894
3914.794921875,0.013287159174642193,-37.53135724594199,-170.61826677068882
3915.4052734375,0.013270997670644127,-37.5419285411006,-170.62402461866114
3916.015625,0.013254848188160693,-37.55250484020457,-170.62978159443688
3916.6259765625,0.013238710721582407,-37.56308614953709,-170.63553769868668
3917.236328125,0.013222585265304973,-37.5736724753918,-170.64129293208077
3917.8466796875,0.013206471813729278,-37.58426382407278,-170.64704729528913
3918.45703125,0.013190370361261423,-37.594860201894534,-170.6528007889812
3919.0673828125,0.013174280902312744,-37.60546161518206,-170.65855341382633
3919.677734375,0.013158203431299732,-37.61606807027088,-170.66430517049326
3920.2880859375,0.013142137942644001,-37.626679573507076,-170.67005605965062
3920.8984375,0.01312608443077244,-37.63729613124725,-170.67580608196647
3921.5087890625,0.013110042890117078,-37.647917749858564,-170.68155523810873
3922.119140625,0.013094013315115087,-37.658544435718866,-170.68730352874482
3922.7294921875,0.013077995700208867,-37.66917619521654,-170.6930509545418
3923.33984375,0.013061990039845933,-37.67981303475069,-170.6987975161665
3923.9501953125,0.013045996328478946,-37.69045496073108,-170.7045432142854
3924.560546875,0.013030014560565776,-37.70110197957818,-170.7102880495645
3925.1708984375,0.013014044730569408,-37.71175409772317,-170.7160320226696
3925.78125,0.012998086832957943,-37.722411321608035,-170.72177513426604
3926.3916015625,0.012982140862204734,-37.73307365768544,-170.72751738501884
3927.001953125,0.012966206812788131,-37.743741112418945,-170.7332587755928
3927.6123046875,0.012950284679191723,-37.754413692282895,-170.73899930665215
3928.22265625,0.012934374455904186,-37.76509140376248,-170.74473897886102
3928.8330078125,0.012918476137419298,-37.77577425335381,-170.75047779288298
3929.443359375,0.012902589718236044,-37.78646224756382,-170.75621574938145
3930.0537109375,0.012886715192858403,-37.79715539291046,-170.76195284901928
3930.6640625,0.012870852555795582,-37.80785369592255,-170.76768909245925
3931.2744140625,0.012855001801561874,-37.818557163139914,-170.7734244803635
3931.884765625,0.012839162924676573,-37.82926580111343,-170.77915901339415
3932.4951171875,0.012823335919664216,-37.839979616404925,-170.78489269221268
3933.10546875,0.01280752078105434,-37.850698615587326,-170.79062551748035
3933.7158203125,0.012791717503381641,-37.86142280524461,-170.7963574898582
3934.326171875,0.012775926081185855,-37.87215219197187,-170.8020886100067
3934.9365234375,0.01276014650901181,-37.88288678237535,-170.80781887858615
3935.546875,0.01274437878140944,-37.893626583072404,-170.81354829625644
3936.1572265625,0.012728622892933736,-37.9043716006916,-170.81927686367717
3936.767578125,0.012712878838144776,-37.91512184187268,-170.82500458150747
3937.3779296875,0.012697146611607675,-37.925877313266675,-170.83073145040632
3937.98828125,0.01268142620789265,-37.936638021535806,-170.83645747103222
3938.5986328125,0.01266571762157494,-37.94740397335363,-170.8421826440434
3939.208984375,0.012650020847234926,-37.95817517540496,-170.84790697009765
3939.8193359375,0.01263433587945788,-37.96895163438602,-170.8536304498526
3940.4296875,0.012618662712834272,-37.97973335700435,-170.85935308396543
3941.0400390625,0.012603001341959576,-37.99052034997885,-170.86507487309294
3941.650390625,0.01258735176143426,-38.00131262003991,-170.8707958178917
3942.2607421875,0.012571713965863889,-38.012110173929294,-170.87651591901783
3942.87109375,0.012556087949859027,-38.02291301840027,-170.88223517712723
3943.4814453125,0.012540473708035247,-38.033721160217596,-170.88795359287536
3944.091796875,0.012524871235013208,-38.04453460615754,-170.89367116691747
3944.7021484375,0.01250928052541851,-38.05535336300795,-170.89938789990833
3945.3125,0.012493701573881848,-38.06617743756821,-170.90510379250247
3945.9228515625,0.012478134375038879,-38.07700683664932,-170.91081884535402
3946.533203125,0.012462578923530263,-38.087841567073916,-170.9165330591169
3947.1435546875,0.012447035214001713,-38.09868163567629,-170.92224643444447
3947.75390625,0.012431503241103896,-38.10952704930241,-170.92795897199005
3948.3642578125,0.01241598299949247,-38.12037781480998,-170.93367067240635
3948.974609375,0.01240047448382813,-38.1312339390684,-170.9393815363459
3949.5849609375,0.01238497768877652,-38.142095428958875,-170.94509156446097
3950.1953125,0.012369492609008284,-38.152962291374386,-170.95080075740324
3950.8056640625,0.012354019239199087,-38.163834533219706,-170.9565091158243
3951.416015625,0.012338557574029444,-38.17471216141155,-170.96221664037526
3952.0263671875,0.012323107608184976,-38.185595182878394,-170.96792333170708
3952.63671875,0.012307669336356231,-38.19648360456068,-170.97362919047015
3953.2470703125,0.012292242753238706,-38.20737743341078,-170.97933421731466
3953.857421875,0.012276827853532854,-38.21827667639302,-170.98503841289048
3954.4677734375,0.012261424631944075,-38.22918134048373,-170.99074177784712
3955.078125,0.012246033083182777,-38.240091432671214,-170.99644431283377
3955.6884765625,0.012230653201964278,-38.25100695995586,-171.00214601849927
3956.298828125,0.012215284983008832,-38.26192792935011,-171.00784689549224
3956.9091796875,0.012199928421041638,-38.27285434787853,-171.01354694446073
3957.51953125,0.012184583510792872,-38.283786222577774,-171.01924616605268
3958.1298828125,0.012169250246997576,-38.294723560496706,-171.02494456091563
3958.740234375,0.012153928624395783,-38.305666368696336,-171.03064212969687
3959.3505859375,0.012138618637732416,-38.3166146542499,-171.03633887304312
3959.9609375,0.012123320281757312,-38.32756842424291,-171.0420347916011
3960.5712890625,0.01210803355122527,-38.3385276857731,-171.04772988601695
3961.181640625,0.012092758440895938,-38.34949244595057,-171.05342415693661
3961.7919921875,0.012077494945533954,-38.360462711897654,-171.0591176050056
3962.40234375,0.012062243059908781,-38.371438490749156,-171.06481023086934
3963.0126953125,0.012047002778794827,-38.38241978965221,-171.07050203517255
3963.623046875,0.012031774096971403,-38.393406615766374,-171.07619301855993
3964.2333984375,0.012016557009222691,-38.40439897626367,-171.08188318167575
3964.84375,0.01200135151033778,-38.41539687832859,-171.087572525164
3965.4541015625,0.01198615759511065,-38.426400329158135,-171.09326104966823
3966.064453125,0.01197097525834012,-38.43740933596185,-171.09894875583186
3966.6748046875,0.011955804494829952,-38.44842390596184,-171.10463564429773
3967.28515625,0.011940645299388777,-38.45944404639277,-171.11032171570855
3967.8955078125,0.011925497666829992,-38.47046976450204,-171.11600697070676
3968.505859375,0.011910361591972025,-38.48150106754959,-171.12169140993424
3969.1162109375,0.011895237069638019,-38.49253796280812,-171.1273750340327
3969.7265625,0.011880124094656077,-38.50358045756302,-171.1330578436436
3970.3369140625,0.011865022661859155,-38.514628559112396,-171.13873983940786
3970.947265625,0.011849932766084946,-38.525682274767235,-171.14442102196628
3971.5576171875,0.011834854402176126,-38.53674161185123,-171.15010139195923
3972.16796875,0.011819787564980174,-38.54780657770094,-171.15578095002684
3972.7783203125,0.01180473224934936,-38.55887717966583,-171.16145969680883
3973.388671875,0.011789688450140867,-38.56995342510822,-171.16713763294464
3973.9990234375,0.011774656162216648,-38.58103532140339,-171.17281475907342
3974.609375,0.011759635380443514,-38.592122875939594,-171.17849107583393
3975.2197265625,0.011744626099693116,-38.603216096118025,-171.1841665838647
3975.830078125,0.011729628314841886,-38.61431498935297,-171.18984128380384
3976.4404296875,0.01171464202077109,-38.62541956307174,-171.19551517628932
3977.05078125,0.011699667212366845,-38.63652982471471,-171.20118826195846
3977.6611328125,0.011684703884520023,-38.647645781735406,-171.20686054144866
3978.271484375,0.011669752032126335,-38.6587674416005,-171.2125320153968
3978.8818359375,0.01165481165008631,-38.66989481178983,-171.21820268443923
3979.4921875,0.011639882733305202,-38.68102789979649,-171.2238725492125
3980.1025390625,0.011624965276693157,-38.69216671312675,-171.22954161035233
3980.712890625,0.011610059275165027,-38.703311259300236,-171.23520986849454
3981.3232421875,0.011595164723640534,-38.71446154584981,-171.24087732427427
3981.93359375,0.011580281617044127,-38.7256175803217,-171.24654397832657
3982.5439453125,0.011565409950305016,-38.73677937027558,-171.2522098312862
3983.154296875,0.011550549718357273,-38.747946923284395,-171.25787488378737
3983.7646484375,0.011535700916139646,-38.75912024693464,-171.26353913646423
3984.375,0.01152086353859574,-38.77029934882623,-171.26920258995045
3984.9853515625,0.011506037580673858,-38.78148423657259,-171.27486524487955
3985.595703125,0.011491223037327079,-38.79267491780069,-171.28052710188456
3986.2060546875,0.011476419903513262,-38.803871400151074,-171.28618816159818
3986.81640625,0.01146162817419503,-38.815073691277846,-171.2918484246531
3987.4267578125,0.011446847844339712,-38.8262817988488,-171.29750789168133
3988.037109375,0.011432078908919398,-38.83749573054537,-171.3031665633148
3988.6474609375,0.01141732136291096,-38.84871549406269,-171.30882444018496
3989.2578125,0.011402575201295942,-38.85994109710963,-171.31448152292316
3989.8681640625,0.011387840419060723,-38.87117254740881,-171.3201378121602
3990.478515625,0.011373117011196275,-38.882409852696725,-171.32579330852676
3991.0888671875,0.01135840497269842,-38.8936530207236,-171.33144801265308
3991.69921875,0.01134370429856766,-38.90490205925359,-171.3371019251692
3992.3095703125,0.011329014983809208,-38.91615697606474,-171.34275504670475
3992.919921875,0.011314337023433025,-38.927417778949014,-171.34840737788915
3993.5302734375,0.011299670412453762,-38.93868447571237,-171.3540589193514
3994.140625,0.01128501514589075,-38.94995707417478,-171.35970967172017
3994.7509765625,0.01127037121876811,-38.961235582170204,-171.36535963562406
3995.361328125,0.011255738626114589,-38.97252000754671,-171.3710088116911
3995.9716796875,0.011241117362963664,-38.98381035816648,-171.37665720054912
3996.58203125,0.011226507424353514,-38.99510664190581,-171.3823048028256
3997.1923828125,0.011211908805326978,-39.00640886665519,-171.38795161914777
3997.802734375,0.011197321500931652,-39.01771704031929,-171.3935976501425
3998.4130859375,0.011182745506219732,-39.02903117081708,-171.39924289643645
3999.0234375,0.011168180816248128,-39.04035126608178,-171.40488735865586
3999.6337890625,0.011153627426078472,-39.05167733406089,-171.41053103742664
4000.244140625,0.011139085330776987,-39.06300938271633,-171.41617393337444
4000.8544921875,0.011124554525414635,-39.074347420024345,-171.42181604712474
4001.46484375,0.011110035005067055,-39.085691453975606,-171.4274573793025
4002.0751953125,0.011095526764814442,-39.09704149257531,-171.43309793053248
4002.685546875,0.011081029799741775,-39.10839754384305,-171.4387377014392
4003.2958984375,0.011066544104938604,-39.11975961581301,-171.4443766926467
4003.90625,0.011052069675499196,-39.1311277165339,-171.45001490477884
4004.5166015625,0.011037606506522425,-39.14250185406905,-171.45565233845915
4005.126953125,0.011023154593111793,-39.153882036496434,-171.4612889943109
4005.7373046875,0.011008713930375488,-39.16526827190867,-171.46692487295687
4006.34765625,0.010994284513426343,-39.17666056841308,-171.4725599750199
4006.9580078125,0.01097986633738177,-39.18805893413176,-171.4781943011221
4007.568359375,0.010965459397363845,-39.199463377201575,-171.4838278518856
4008.1787109375,0.01095106368849928,-39.210873905774186,-171.48946062793203
4008.7890625,0.010936679205919383,-39.22229052801614,-171.4950926298828
4009.3994140625,0.010922305944760149,-39.233713252108814,-171.50072385835912
4010.009765625,0.010907943900162056,-39.24514208624861,-171.50635431398172
4010.6201171875,0.010893593067270333,-39.25657703864681,-171.51198399737098
4011.23046875,0.01087925344123476,-39.26801811752971,-171.51761290914735
4011.8408203125,0.010864925017209712,-39.279465331138674,-171.5232410499306
4012.451171875,0.010850607790354206,-39.29091868773011,-171.52886842034025
4013.0615234375,0.01083630175583182,-39.30237819557555,-171.53449502099573
4013.671875,0.010822006908810713,-39.31384386296172,-171.54012085251597
4014.2822265625,0.010807723244463717,-39.32531569819042,-171.54574591551966
4014.892578125,0.010793450757968148,-39.33679370957882,-171.55137021062524
4015.5029296875,0.010779189444505994,-39.348277905459234,-171.5569937384508
4016.11328125,0.010764939299263782,-39.35976829417934,-171.5626164996141
4016.7236328125,0.010750700317432598,-39.37126488410215,-171.5682384947328
4017.333984375,0.010736472494208154,-39.382767683606026,-171.57385972442393
4017.9443359375,0.01072225582479071,-39.39427670108478,-171.57948018930443
4018.5546875,0.010708050304385059,-39.40579194494765,-171.58509988999097
4019.1650390625,0.010693855928200628,-39.41731342361939,-171.59071882709983
4019.775390625,0.010679672691451326,-39.42884114554028,-171.59633700124704
4020.3857421875,0.010665500589355678,-39.44037511916618,-171.6019544130483
4020.99609375,0.01065133961713678,-39.451915352968484,-171.60757106311905
4021.6064453125,0.010637189770022171,-39.46346185543439,-171.6131869520744
4022.216796875,0.010623051043244038,-39.47501463506664,-171.61880208052924
4022.8271484375,0.010608923432039093,-39.486573700383765,-171.62441644909805
4023.4375,0.010594806931648567,-39.49813905992005,-171.63003005839505
4024.0478515625,0.01058070153731823,-39.509710722225606,-171.63564290903426
4024.658203125,0.01056660724429837,-39.52128869586639,-171.64125500162928
4025.2685546875,0.010552524047843842,-39.53287298942421,-171.64686633679352
4025.87890625,0.010538451943214022,-39.54446361149682,-171.65247691514006
4026.4892578125,0.01052439092567278,-39.556060570697944,-171.6580867372815
4027.099609375,0.010510340990488498,-39.567663875657345,-171.66369580383056
4027.7099609375,0.010496302132934128,-39.57927353502076,-171.66930411539929
4028.3203125,0.010482274348287083,-39.590889557450076,-171.67491167259956
4028.9306640625,0.010468257631829316,-39.60251195162327,-171.68051847604303
4029.541015625,0.010454251978847277,-39.614140726234496,-171.68612452634102
4030.1513671875,0.010440257384631876,-39.62577588999416,-171.6917298241045
4030.76171875,0.010426273844478591,-39.637417451628856,-171.6973343699442
4031.3720703125,0.010412301353687347,-39.6490654198815,-171.70293816447057
4031.982421875,0.010398339907562596,-39.66071980351134,-171.70854120829375
4032.5927734375,0.010384389501413238,-39.672380611294,-171.71414350202363
4033.203125,0.010370450130552678,-39.68404785202152,-171.71974504626965
4033.8134765625,0.010356521790298823,-39.695721534502376,-171.72534584164123
4034.423828125,0.010342604475973998,-39.70740166756159,-171.7309458887473
4035.0341796875,0.01032869818290509,-39.719088260040664,-171.7365451881965
4035.64453125,0.010314802906423387,-39.730781320797725,-171.74214374059724
4036.2548828125,0.01030091864186464,-39.742480858707545,-171.74774154655776
4036.865234375,0.010287045384569137,-39.7541868826615,-171.75333860668573
4037.4755859375,0.01027318312988158,-39.7658994015677,-171.7589349215888
4038.0859375,0.01025933187315109,-39.77761842435106,-171.76453049187407
4038.6962890625,0.010245491609731316,-39.789343959953214,-171.77012531814873
4039.306640625,0.010231662334980305,-39.801076017332704,-171.77571940101924
4039.9169921875,0.01021784404426058,-39.81281460546489,-171.7813127410921
4040.52734375,0.010204036732939136,-39.824559733342056,-171.78690533897338
4041.1376953125,0.010190240396387312,-39.83631140997355,-171.7924971952689
4041.748046875,0.01017645502998097,-39.84806964438562,-171.79808831058418
4042.3583984375,0.010162680629100404,-39.8598344456216,-171.80367868552443
4042.96875,0.01014891718913029,-39.87160582274197,-171.8092683206947
4043.5791015625,0.010135164705459786,-39.883383784824275,-171.81485721669958
4044.189453125,0.010121423173482436,-39.89516834096331,-171.82044537414345
4044.7998046875,0.010107692588596189,-39.90695950027108,-171.82603279363045
4045.41015625,0.010093972946203475,-39.918757271876835,-171.83161947576443
4046.0205078125,0.010080264241711096,-39.93056166492718,-171.8372054211488
4046.630859375,0.010066566470530258,-39.942372688586076,-171.84279063038696
4047.2412109375,0.010052879628076597,-39.954190352034885,-171.84837510408167
4047.8515625,0.010039203709770144,-39.966014664472425,-171.85395884283585
4048.4619140625,0.010025538711035344,-39.97784563511499,-171.85954184725173
4049.072265625,0.010011884627301017,-39.98968327319644,-171.86512411793143
4049.6826171875,0.009998241454000373,-40.00152758796824,-171.87070565547697
4050.29296875,0.009984609186571063,-40.013378588699446,-171.8762864604896
4050.9033203125,0.009970987820455062,-40.02523628467682,-171.88186653357084
4051.513671875,0.009957377351098789,-40.037100685204834,-171.88744587532153
4052.1240234375,0.009943777773952996,-40.04897179960573,-171.89302448634245
4052.734375,0.009930189084472825,-40.060849637219604,-171.898602367234
4053.3447265625,0.009916611278117824,-40.07273420740434,-171.90417951859627
4053.955078125,0.009903044350351862,-40.084625519535805,-171.90975594102923
4054.5654296875,0.009889488296643234,-40.096523583007766,-171.91533163513233
4055.17578125,0.009875943112464558,-40.10842840723201,-171.920906601505
4055.7861328125,0.009862408793292808,-40.120340001638404,-171.9264808407462
4056.396484375,0.009848885334609345,-40.132258375674866,-171.93205435345465
4057.0068359375,0.009835372731899899,-40.144183538807454,-171.93762714022887
4057.6171875,0.0098218709806545,-40.15611550052044,-171.943199201667
4058.2275390625,0.009808380076367551,-40.16805427031635,-171.94877053836692
4058.837890625,0.009794900014537837,-40.17999985771592,-171.95434115092633
4059.4482421875,0.009781430790668415,-40.1919522722583,-171.95991103994254
4060.05859375,0.00976797240026676,-40.20391152350095,-171.96548020601264
4060.6689453125,0.009754524838844592,-40.21587762101984,-171.97104864973335
4061.279296875,0.009741088101918038,-40.22785057440934,-171.97661637170134
4061.8896484375,0.009727662185007554,-40.23983039328235,-171.98218337251265
4062.5,0.009714247083637858,-40.25181708727038,-171.98774965276345
4063.1103515625,0.009700842793338067,-40.26381066602353,-171.99331521304924
4063.720703125,0.009687449309641574,-40.275811139210575,-171.99888005396562
4064.3310546875,0.009674066628086071,-40.28781851651903,-172.0044441761075
4064.94140625,0.009660694744213631,-40.29983280765514,-172.0100075800699
4065.5517578125,0.009647333653570575,-40.311854022343994,-172.0155702664474
4066.162109375,0.009633983351707532,-40.323882170329554,-172.0211322358343
4066.7724609375,0.009620643834179501,-40.33591726137465,-172.0266934888245
4067.3828125,0.009607315096545698,-40.347959305261114,-172.03225402601197
4067.9931640625,0.009593997134369715,-40.36000831178977,-172.03781384799004
4068.603515625,0.009580689943219358,-40.37206429078055,-172.04337295535197
4069.2138671875,0.009567393518666771,-40.384127252072474,-172.04893134869076
4069.82421875,0.009554107856288411,-40.39619720552368,-172.05448902859894
4070.4345703125,0.00954083295166495,-40.408274161011605,-172.06004599566904
4071.044921875,0.009527568800381397,-40.420358128432916,-172.06560225049313
4071.6552734375,0.009514315398027056,-40.43244911770353,-172.07115779366293
4072.265625,0.00950107274019541,-40.44454713875887,-172.07671262577026
4072.8759765625,0.009487840822484314,-40.45665220155367,-172.0822667474063
4073.486328125,0.009474619640495858,-40.468764316062156,-172.087820159162
4074.0966796875,0.009461409189836397,-40.480883492278096,-172.09337286162827
4074.70703125,0.009448209466116539,-40.49300974021481,-172.09892485539544
4075.3173828125,0.00943502046495115,-40.50514306990529,-172.1044761410539
4075.927734375,0.00942184218195937,-40.51728349140213,-172.11002671919348
4076.5380859375,0.00940867461276461,-40.5294310147777,-172.11557659040392
4077.1484375,0.009395517752994489,-40.54158565012415,-172.1211257552745
4077.7587890625,0.009382371598280871,-40.55374740755347,-172.1266742143945
4078.369140625,0.009369236144259925,-40.565916297197504,-172.1322219683528
4078.9794921875,0.009356111386571973,-40.578092329208076,-172.1377690177379
4079.58984375,0.009342997320861674,-40.59027551375696,-172.14331536313819
4080.2001953125,0.009329893942777834,-40.602465861036016,-172.1488610051417
4080.810546875,0.009316801247973532,-40.61466338125719,-172.15440594433625
4081.4208984375,0.009303719232106078,-40.62686808465257,-172.15995018130928
4082.03125,0.009290647890836988,-40.63907998147446,-172.1654937166482
4082.6416015625,0.009277587219832033,-40.65129908199542,-172.17103655093987
4083.251953125,0.009264537214761167,-40.663525396508334,-172.17657868477107
4083.8623046875,0.009251497871298567,-40.67575893532645,-172.18212011872834
4084.47265625,0.009238469185122661,-40.68799970878342,-172.18766085339766
4085.0830078125,0.009225451151916014,-40.70024772723343,-172.19320088936513
4085.693359375,0.00921244376736549,-40.712503001051125,-172.1987402272163
4086.3037109375,0.009199447027162076,-40.724765540631786,-172.20427886753666
4086.9140625,0.009186460927000985,-40.737035356391345,-172.20981681091124
4087.5244140625,0.009173485462581659,-40.7493124587664,-172.21535405792497
4088.134765625,0.009160520629607727,-40.761596858214276,-172.22089060916235
4088.7451171875,0.009147566423786946,-40.77388856521321,-172.2264264652078
4089.35546875,0.009134622840831346,-40.78618759026221,-172.2319616266454
4089.9658203125,0.009121689876457072,-40.79849394388126,-172.2374960940589
4090.576171875,0.009108767526384502,-40.81080763661129,-172.24302986803178
4091.1865234375,0.009095855786338215,-40.82312867901423,-172.24856294914747
4091.796875,0.009082954652046855,-40.83545708167325,-172.25409533798882
4092.4072265625,0.009070064119243349,-40.847792855192495,-172.25962703513872
4093.017578125,0.009057184183664777,-40.86013601019737,-172.26515804117952
4093.6279296875,0.00904431484105234,-40.87248655733461,-172.27068835669354
4094.23828125,0.00903145608715143,-40.88484450727219,-172.27621798226264
4094.8486328125,0.009018607917711627,-40.89720987069949,-172.28174691846863
4095.458984375,0.009005770328486599,-40.90958265832735,-172.28727516589288
4096.0693359375,0.008992943315234257,-40.92196288088806,-172.2928027251166
4096.6796875,0.008980126873716592,-40.93435054913549,-172.29832959672058
4097.2900390625,0.008967320999699767,-40.94674567384512,-172.30385578128568
4097.900390625,0.008954525688954128,-40.95914826581407,-172.30938127939208
4098.5107421875,0.008941740937254094,-40.97155833586125,-172.31490609162006
4099.12109375,0.008928966740378307,-40.98397589482728,-172.32043021854946
4099.7314453125,0.008916203094109466,-40.99640095357468,-172.32595366075978
4100.341796875,0.008903449994234444,-41.008833522987864,-172.33147641883048
4100.9521484375,0.00889070743654426,-41.021273613973186,-172.33699849334067
4101.5625,0.008877975416834024,-41.03372123745907,-172.3425198848691
4102.1728515625,0.008865253930903011,-41.04617640439598,-172.3480405939944
4102.783203125,0.00885254297455458,-41.05863912575656,-172.3535606212949
4103.3935546875,0.008839842543596226,-41.07110941253563,-172.35907996734852
4104.00390625,0.008827152633839567,-41.083587275750304,-172.3645986327332
4104.6142578125,0.008814473241100318,-41.09607272644002,-172.3701166180264
4105.224609375,0.008801804361198342,-41.10856577566657,-172.37563392380548
4105.8349609375,0.008789145989957562,-41.121066434514226,-172.38115055064736
4106.4453125,0.008776498123206014,-41.13357471408979,-172.3866664991289
4107.0556640625,0.008763860756775857,-41.14609062552261,-172.39218176982664
4107.666015625,0.008751233886503363,-41.15861417996463,-172.39769636331664
4108.2763671875,0.008738617508228852,-41.17114538859056,-172.4032102801751
4108.88671875,0.00872601161779675,-41.18368426259786,-172.40872352097767
4109.4970703125,0.008713416211055607,-41.19623081320676,-172.4142360862999
4110.107421875,0.008700831283858014,-41.20878505166044,-172.4197479767169
4110.7177734375,0.00868825683206071,-41.22134698922494,-172.42525919280376
4111.328125,0.00867569285152441,-41.233916637189445,-172.43076973513513
4111.9384765625,0.008663139338113997,-41.24649400686609,-172.43627960428555
4112.548828125,0.008650596287698428,-41.259079109590175,-172.44178880082916
4113.1591796875,0.008638063696150666,-41.271671956720255,-172.44729732533995
4113.76953125,0.008625541559347815,-41.28427255963808,-172.4528051783916
4114.3798828125,0.008613029873171,-41.296880929748795,-172.45831236055758
4114.990234375,0.008600528633505411,-41.3094970784809,-172.4638188724111
4115.6005859375,0.00858803783624034,-41.32212101728634,-172.46932471452504
4116.2109375,0.008575557477269085,-41.33475275764064,-172.47482988747217
4116.8212890625,0.008563087552489013,-41.34739231104288,-172.48033439182493
4117.431640625,0.008550628057801572,-41.36003968901577,-172.4858382281554
4118.0419921875,0.008538178989112228,-41.37269490310579,-172.49134139703563
4118.65234375,0.008525740342330515,-41.38535796488314,-172.4968438990372
4119.2626953125,0.008513312113369987,-41.39802888594197,-172.50234573473156
4119.873046875,0.008500894298148246,-41.41070767790026,-172.50784690469004
4120.4833984375,0.008488486892586944,-41.42339435240001,-172.51334740948337
4121.09375,0.008476089892611748,-41.436088921107284,-172.51884724968232
4121.7041015625,0.008463703294152372,-41.44879139571224,-172.52434642585732
4122.314453125,0.008451327093142585,-41.461501787929215,-172.52984493857846
4122.9248046875,0.008438961285520095,-41.474220109496855,-172.53534278841582
4123.53515625,0.00842660586722672,-41.48694637217807,-172.54083997593892
4124.1455078125,0.008414260834208275,-41.49968058776015,-172.54633650171726
4124.755859375,0.008401926182414575,-41.51242276805491,-172.55183236632004
4125.3662109375,0.008389601907799468,-41.52517292489863,-172.55732757031615
4125.9765625,0.008377288006320765,-41.53793107015224,-172.5628221142743
4126.5869140625,0.008364984473940372,-41.55069721570126,-172.5683159987629
4127.197265625,0.008352691306624156,-41.56347137345598,-172.5738092243501
4127.8076171875,0.00834040850034196,-41.57625355535152,-172.57930179160383
4128.41796875,0.008328136051067659,-41.589043773347825,-172.58479370109194
4129.0283203125,0.008315873954779139,-41.60184203942981,-172.59028495338168
4129.638671875,0.008303622207458228,-41.614648365607394,-172.59577554904027
4130.2490234375,0.008291380805090821,-41.62746276391556,-172.60126548863477
4130.859375,0.00827914974366673,-41.640285246414486,-172.6067547727318
4131.4697265625,0.00826692901917978,-41.65311582518953,-172.61224340189779
4132.080078125,0.008254718627627817,-41.665954512351355,-172.61773137669897
4132.6904296875,0.008242518565012598,-41.67880132003602,-172.62321869770133
4133.30078125,0.008230328827339923,-41.69165626040496,-172.62870536547052
4133.9111328125,0.00821814941061952,-41.70451934564518,-172.6341913805721
4134.521484375,0.008205980310865097,-41.71739058796925,-172.63967674357124
4135.1318359375,0.008193821524094366,-41.730269999615366,-172.6451614550329
4135.7421875,0.008181673046328957,-41.743157592847496,-172.65064551552183
4136.3525390625,0.008169534873594517,-41.75605337995534,-172.65612892560264
4136.962890625,0.0081574070019206,-41.76895737325455,-172.66161168583932
4137.5732421875,0.008145289427340737,-41.781869585086675,-172.66709379679614
4138.18359375,0.008133182145892441,-41.794790027819275,-172.6725752590367
4138.7939453125,0.00812108515361717,-41.807718713846015,-172.6780560731246
4139.404296875,0.008108998446560269,-41.820655655586776,-172.68353623962298
4140.0146484375,0.008096922020771124,-41.833600865487604,-172.689015759095
4140.625,0.008084855872302987,-41.846554356020924,-172.6944946321034
4141.2353515625,0.0080727999972131,-41.85951613968551,-172.69997285921085
4141.845703125,0.008060754391562666,-41.872486229006576,-172.70545044097938
4142.4560546875,0.008048719051416733,-41.88546463653598,-172.71092737797133
4143.06640625,0.008036693972844346,-41.898451374852115,-172.71640367074835
4143.6767578125,0.0080246791519185,-41.91144645656007,-172.72187931987202
4144.287109375,0.008012674584716075,-41.92444989429174,-172.72735432590372
4144.8974609375,0.008000680267317881,-41.93746170070586,-172.73282868940467
4145.5078125,0.00798869619580867,-41.95048188848807,-172.73830241093555
4146.1181640625,0.007976722366277094,-41.963510470351004,-172.74377549105697
4146.728515625,0.007964758774815747,-41.97654745903441,-172.74924793032946
4147.3388671875,0.007952805417521112,-41.98959286730515,-172.754719729313
4147.94921875,0.00794086229049357,-42.00264670795738,-172.7601908885676
4148.5595703125,0.007928929389837476,-42.01570899381249,-172.76566140865282
4149.169921875,0.007917006711661007,-42.028779737719326,-172.77113129012815
4149.7802734375,0.007905094252076313,-42.041858952554165,-172.77660053355277
4150.390625,0.007893192007199413,-42.054946651220824,-172.78206913948557
4151.0009765625,0.007881299973150197,-42.068042846650826,-172.78753710848522
4151.611328125,0.007869418146052522,-42.081147551803284,-172.7930044411103
4152.2216796875,0.007857546522034053,-42.0942607796652,-172.798471137919
4152.83203125,0.007845685097226423,-42.10738254325137,-172.80393719946923
4153.4423828125,0.007833833867765096,-42.12051285560459,-172.80940262631887
4154.052734375,0.007821992829789431,-42.13365172979566,-172.81486741902532
4154.6630859375,0.007810161979442705,-42.14679917892349,-172.82033157814587
4155.2734375,0.007798341312872013,-42.15995521611519,-172.8257951042376
4155.8837890625,0.007786530826228388,-42.17311985452614,-172.83125799785736
4156.494140625,0.0077747305156666896,-42.186293107340084,-172.83672025956162
4157.1044921875,0.007762940377345668,-42.19947498776917,-172.84218188990673
4157.71484375,0.0077511604074279325,-42.21266550905412,-172.84764288944888
4158.3251953125,0.007739390602080005,-42.225864684464185,-172.85310325874377
4158.935546875,0.007727630957472172,-42.23907252729739,-172.8585629983472
4159.5458984375,0.007715881469778668,-42.25228905088046,-172.86402210881445
4160.15625,0.007704142135177557,-42.265514268569,-172.8694805907007
4160.7666015625,0.007692412949850764,-42.27874819374754,-172.8749384445609
4161.376953125,0.00768069390998405,-42.29199083982965,-172.88039567094972
4161.9873046875,0.007668985011767005,-42.30524222025802,-172.88585227042162
4162.59765625,0.007657286251393117,-42.318502348504495,-172.8913082435308
4163.2080078125,0.007645597625059721,-42.331771238070175,-172.89676359083126
4163.818359375,0.007633919128967922,-42.345048902485615,-172.90221831287678
4164.4287109375,0.007622250759322743,-42.358335355310714,-172.9076724102209
4165.0390625,0.007610592512333001,-42.37163061013497,-172.91312588341677
4165.6494140625,0.0075989443842113345,-42.38493468057751,-172.9185787330176
4166.259765625,0.00758730637117427,-42.39824758028709,-172.9240309595762
4166.8701171875,0.007575678469442113,-42.41156932294234,-172.92948256364505
4167.48046875,0.007564060675238974,-42.42489992225178,-172.93493354577663
4168.0908203125,0.0075524529847928725,-42.438239391953815,-172.94038390652298
4168.701171875,0.0075408553943355555,-42.451587745817,-172.94583364643606
4169.3115234375,0.007529267900102657,-42.46494499763997,-172.95128276606758
4169.921875,0.0075176904983335945,-42.478311161251625,-172.95673126596887
4170.5322265625,0.007506123185271567,-42.49168625051122,-172.96217914669114
4171.142578125,0.007494565957163667,-42.505070279308356,-172.96762640878552
4171.7529296875,0.007483018810260703,-42.5184632615632,-172.9730730528025
4172.36328125,0.007471481740817362,-42.53186521122647,-172.97851907929288
4172.9736328125,0.007459954745092094,-42.54527614227959,-172.9839644888068
4173.583984375,0.007448437819347133,-42.55869606873478,-172.9894092818942
4174.1943359375,0.007436930959848545,-42.572125004635105,-172.99485345910517
4174.8046875,0.0074254341628662065,-42.585562964054546,-173.0002970209891
4175.4150390625,0.007413947424673731,-42.5990099610982,-173.00573996809544
4176.025390625,0.007402470741548547,-42.61246600990228,-173.0111823009734
4176.6357421875,0.0073910041097718674,-42.62593112463425,-173.01662402017178
4177.24609375,0.007379547525628695,-42.63940531949288,-173.02206512623928
4177.8564453125,0.007368100985407833,-42.65288860870834,-173.02750561972437
4178.466796875,0.0073566644854018235,-42.666381006542366,-173.0329455011754
4179.0771484375,0.007345238021906987,-42.679882527288285,-173.03838477114024
4179.6875,0.00733382159122347,-42.69339318527109,-173.04382343016673
4180.2978515625,0.007322415189655115,-42.70691299484764,-173.04926147880232
4180.908203125,0.0073110188135096016,-42.72044197040661,-173.05469891759455
4181.5185546875,0.007299632459098341,-42.73398012636869,-173.06013574709033
4182.12890625,0.007288256122736492,-42.747527477186715,-173.06557196783652
4182.7392578125,0.007276889800743021,-42.76108403734558,-173.0710075803799
4183.349609375,0.007265533489440609,-42.77464982136256,-173.07644258526688
4183.9599609375,0.007254187185155725,-42.78822484378723,-173.08187698304351
4184.5703125,0.007242850884218576,-42.801809119201685,-173.08731077425597
4185.1806640625,0.007231524582963097,-42.81540266222056,-173.09274395944988
4185.791015625,0.0072202082777270285,-42.82900548749115,-173.0981765391708
4186.4013671875,0.0072089019648517985,-42.842617609693534,-173.10360851396396
4187.01171875,0.00719760564068261,-42.85623904354062,-173.10903988437448
4187.6220703125,0.007186319301568403,-42.869869803778315,-173.11447065094728
4188.232421875,0.00717504294386184,-42.883509905185555,-173.11990081422692
4188.8427734375,0.007163776563919343,-42.89715936257444,-173.12533037475782
4189.453125,0.007152520158101079,-42.91081819079031,-173.13075933308414
4190.0634765625,0.007141273722770868,-42.92448640471192,-173.13618768974987
4190.673828125,0.007130037254296352,-42.938164019251424,-173.14161544529873
4191.2841796875,0.007118810749048839,-42.95185104935459,-173.14704260027423
4191.89453125,0.007107594203403381,-42.965547510000796,-173.15246915521973
4192.5048828125,0.0070963876137387725,-42.9792534162032,-173.15789511067823
4193.115234375,0.007085190976437468,-42.99296878300886,-173.16332046719253
4193.7255859375,0.007074004287885681,-43.006693625498784,-173.16874522530543
4194.3359375,0.0070628275444733525,-43.02042795878799,-173.17416938555908
4194.9462890625,0.007051660742594092,-43.03417179802579,-173.179592948496
4195.556640625,0.007040503878645226,-43.047925158395685,-173.18501591465787
4196.1669921875,0.0070293569490278126,-43.06168805511558,-173.19043828458652
4196.77734375,0.007018219950146585,-43.07546050343791,-173.1958600588235
4197.3876953125,0.007007092878409999,-43.08924251864963,-173.20128123791014
4197.998046875,0.0069959757302301955,-43.10303411607244,-173.2067018223875
4198.6083984375,0.006984868502022996,-43.11683531106287,-173.21212181279637
4199.21875,0.006973771190207959,-43.13064611901229,-173.21754120967748
4199.8291015625,0.006962683791208277,-43.14446655534717,-173.22296001357125
4200.439453125,0.0069516063014509,-43.158296635529005,-173.2283782250179
4201.0498046875,0.006940538717366391,-43.17213637505462,-173.23379584455742
4201.66015625,0.006929481035389034,-43.18598578945615,-173.23921287272952
4202.2705078125,0.006918433251956813,-43.199844894301116,-173.24462931007383
4202.880859375,0.006907395363511334,-43.213713705192696,-173.25004515712965
4203.4912109375,0.006896367366497949,-43.227592237769635,-173.25546041443607
4204.1015625,0.006885349257365617,-43.241480507706555,-173.260875082532
4204.7119140625,0.006874341032567006,-43.255378530713884,-173.2662891619562
4205.322265625,0.00686334268855845,-43.26928632253808,-173.2717026532471
4205.9326171875,0.006852354221799936,-43.28320389896171,-173.27711555694293
4206.54296875,0.006841375628755133,-43.29713127580354,-173.2825278735817
4207.1533203125,0.006830406905891354,-43.31106846891866,-173.28793960370126
4207.763671875,0.006819448049679559,-43.325015494198674,-173.29335074783924
4208.3740234375,0.006808499056594397,-43.338972367571664,-173.29876130653295
4208.984375,0.006797559923114184,-43.35293910500234,-173.30417128031965
4209.5947265625,0.006786630645720823,-43.36691572249233,-173.30958066973622
4210.205078125,0.006775711220899907,-43.380902236080054,-173.3149894753195
4210.8154296875,0.0067648016451406934,-43.394898661840955,-173.32039769760587
4211.42578125,0.006753901914936044,-43.408905015887626,-173.3258053371317
4212.0361328125,0.006743012026782509,-43.42292131436985,-173.33121239443318
4212.646484375,0.006732131977180209,-43.43694757347485,-173.33661887004607
4213.2568359375,0.006721261762632959,-43.45098380942726,-173.3420247645062
4213.8671875,0.006710401379648215,-43.465030038489246,-173.34743007834876
4214.4775390625,0.006699550824737018,-43.479086276960814,-173.35283481210925
4215.087890625,0.006688710094414061,-43.4931525411797,-173.35823896632255
4215.6982421875,0.006677879185197699,-43.50722884752155,-173.36364254152355
4216.30859375,0.006667058093609836,-43.52131521240018,-173.3690455382468
4216.9189453125,0.006656246816176087,-43.535411652267456,-173.37444795702677
4217.529296875,0.006645445349425628,-43.54951818361363,-173.37984979839757
4218.1396484375,0.006634653689891242,-43.56363482296736,-173.38525106289313
4218.75,0.006623871834109394,-43.57776158689576,-173.39065175104722
4219.3603515625,0.006613099778620108,-43.591898492004695,-173.39605186339355
4219.970703125,0.006602337519967025,-43.606045554938774,-173.40145140046516
4220.5810546875,0.006591585054697419,-43.62020279238148,-173.40685036279547
4221.19140625,0.006580842379362132,-43.634370221055356,-173.41224875091723
4221.8017578125,0.006570109490515658,-43.648547857722036,-173.41764656536313
4222.412109375,0.0065593863847160415,-43.6627357191825,-173.4230438066657
4223.0224609375,0.006548673058524977,-43.67693382227703,-173.42844047535718
4223.6328125,0.006537969508507715,-43.691142183885475,-173.43383657196966
4224.2431640625,0.006527275731233094,-43.705360820927346,-173.439232097035
4224.853515625,0.006516591723273602,-43.71958975036183,-173.44462705108486
4225.4638671875,0.0065059174812052666,-43.73382898918807,-173.45002143465075
4226.07421875,0.006495253001607715,-43.748078554445215,-173.45541524826373
4226.6845703125,0.006484598281064164,-43.76233846321253,-173.46080849245496
4227.294921875,0.006473953316161389,-43.77660873260961,-173.4662011677552
4227.9052734375,0.006463318103489784,-43.79088937979637,-173.47159327469507
4228.515625,0.00645269263964333,-43.80518042197323,-173.47698481380493
4229.1259765625,0.006442076921219497,-43.81948187638143,-173.48237578561503
4229.736328125,0.006431470944819427,-43.833793760302775,-173.4877661906554
4230.3466796875,0.006420874707047794,-43.84811609106012,-173.49315602945563
4230.95703125,0.006410288204512819,-43.86244888601731,-173.49854530254538
4231.5673828125,0.006399711433826331,-43.87679216257937,-173.50393401045403
4232.177734375,0.006389144391603708,-43.891145938192615,-173.50932215371077
4232.7880859375,0.006378587074463855,-43.90551023034484,-173.51470973284452
4233.3984375,0.006368039479029295,-43.919885056565334,-173.52009674838393
4234.0087890625,0.0063575016019260504,-43.93427043442515,-173.52548320085765
4234.619140625,0.006346973439783765,-43.948666381537116,-173.530869090794
4235.2294921875,0.006336454989235576,-43.963072915556054,-173.536254418721
4235.83984375,0.0063259462469181784,-43.97749005417893,-173.54163918516664
4236.4501953125,0.006315447209471849,-43.99191781514485,-173.5470233906586
4237.060546875,0.006304957873540389,-44.006356216235346,-173.55240703572446
4237.6708984375,0.006294478235771121,-44.02080527527447,-173.55779012089147
4238.28125,0.006284008292814962,-44.03526501012887,-173.56317264668664
4238.8916015625,0.006273548041326311,-44.04973543870801,-173.56855461363705
4239.501953125,0.0062630974779631365,-44.06421657896425,-173.57393602226924
4240.1123046875,0.006252656599386961,-44.07870844889297,-173.5793168731098
4240.72265625,0.006242225402262769,-44.093211066532845,-173.58469716668495
4241.3330078125,0.006231803883259145,-44.10772444996577,-173.5900769035206
4241.943359375,0.006221392039048158,-44.12224861731719,-173.595456084143
4242.5537109375,0.006210989866305428,-44.13678358675611,-173.6008347090776
4243.1640625,0.006200597361710088,-44.1513293764953,-173.6062127788498
4243.7744140625,0.006190214521944778,-44.165886004791446,-173.61159029398505
4244.384765625,0.006179841343695669,-44.180453489945265,-173.6169672550082
4244.9951171875,0.0061694778236524705,-44.1950318503016,-173.62234366244434
4245.60546875,0.006159123958508366,-44.2096211042497,-173.62771951681796
4246.2158203125,0.006148779744960057,-44.224221270223225,-173.63309481865366
4246.826171875,0.00613844517970779,-44.238832366700436,-173.63846956847547
4247.4365234375,0.006128120259455259,-44.2534544122044,-173.64384376680766
4248.046875,0.006117804980909748,-44.26808742530298,-173.64921741417407
4248.6572265625,0.006107499340781952,-44.282731424609224,-173.65459051109826
4249.267578125,0.0060972033357861045,-44.297386428781294,-173.65996305810373
4249.8779296875,0.006086916962639966,-44.312052456522665,-173.66533505571374
4250.48828125,0.0060766402180647385,-44.326729526582376,-173.6707065044513
4251.0986328125,0.006066373098785174,-44.34141765775501,-173.67607740483928
4251.708984375,0.006056115601529474,-44.35611686888101,-173.6814477574004
4252.3193359375,0.006045867723029328,-44.37082717884674,-173.686817562657
4252.9296875,0.006035629460019949,-44.3855486065846,-173.69218682113137
4253.5400390625,0.006025400809239992,-44.4002811710733,-173.6975555333457
4254.150390625,0.006015181767431634,-44.415024891337865,-173.70292369982164
4254.7607421875,0.006004972331340507,-44.42977978644989,-173.70829132108102
4255.37109375,0.005994772497715711,-44.44454587552769,-173.71365839764516
4255.9814453125,0.005984582263309864,-44.45932317773636,-173.71902493003546
4256.591796875,0.005974401624879015,-44.47411171228805,-173.72439091877285
4257.2021484375,0.005964230579182695,-44.48891149844205,-173.72975636437826
4257.8125,0.005954069122983936,-44.50372255550492,-173.7351212673724
4258.4228515625,0.005943917253049174,-44.51854490283077,-173.74048562827568
4259.033203125,0.005933774966148373,-44.53337855982124,-173.74584944760835
4259.6435546875,0.005923642259054957,-44.54822354592574,-173.75121272589058
4260.25390625,0.005913519128545728,-44.56307988064175,-173.75657546364218
4260.8642578125,0.005903405571401035,-44.57794758351472,-173.7619376613829
4261.474609375,0.005893301584404665,-44.592826674138365,-173.76729931963212
4262.0849609375,0.0058832071643438325,-44.607717172154864,-173.7726604389092
4262.6953125,0.005873122308009238,-44.622619097254905,-173.77802101973327
4263.3056640625,0.005863047012194977,-44.637532469178,-173.78338106262322
4263.916015625,0.005852981273698646,-44.652457307712474,-173.7887405680977
4264.5263671875,0.005842925089321282,-44.66739363269574,-173.7940995366752
4265.13671875,0.005832878455867336,-44.682341464014435,-173.79945796887415
4265.7470703125,0.0058228413701447036,-44.697300821604614,-173.80481586521267
4266.357421875,0.005812813828964762,-44.7122717254518,-173.81017322620855
4266.9677734375,0.005802795829142261,-44.72725419559132,-173.8155300523796
4267.578125,0.005792787367495439,-44.74224825210832,-173.82088634424338
4268.1884765625,0.005782788440845945,-44.757253915138016,-173.8262421023172
4268.798828125,0.005772799046018832,-44.77227120486588,-173.83159732711823
4269.4091796875,0.005762819179842641,-44.787300141527666,-173.83695201916345
4270.01953125,0.005752848839149268,-44.8023407454098,-173.84230617896958
4270.6298828125,0.005742888020774108,-44.81739303684932,-173.8476598070532
4271.240234375,0.005732936721555921,-44.83245703623422,-173.85301290393076
4271.8505859375,0.005722994938336894,-44.84753276400355,-173.85836547011831
4272.4609375,0.0057130626679626545,-44.86262024064758,-173.86371750613196
4273.0712890625,0.00570313990728222,-44.877719486708,-173.86906901248747
4273.681640625,0.005693226653148054,-44.89283052277802,-173.8744199897005
4274.2919921875,0.005683322902415993,-44.90795336950268,-173.87977043828639
4274.90234375,0.005673428651945292,-44.92308804757893,-173.88512035876042
4275.5126953125,0.005663543898598627,-44.93823457775578,-173.89046975163762
4276.123046875,0.005653668639242084,-44.95339298083454,-173.89581861743275
4276.7333984375,0.005643802870745127,-44.968563277668984,-173.90116695666063
4277.34375,0.00563394658998063,-44.9837454891655,-173.9065147698356
4277.9541015625,0.005624099793824862,-44.99893963628331,-173.91186205747204
4278.564453125,0.005614262479157492,-45.01414574003461,-173.91720882008389
4279.1748046875,0.0056044346428616105,-45.02936382148471,-173.9225550581851
4279.78515625,0.005594616281823634,-45.044593901752386,-173.92790077228943
4280.3955078125,0.005584807392933418,-45.059836002009845,-173.93324596291032
4281.005859375,0.005575007973084218,-45.07509014348302,-173.93859063056127
4281.6162109375,0.005565218019172622,-45.09035634745178,-173.94393477575517
4282.2265625,0.005555437528098652,-45.10563463525001,-173.94927839900507
4282.8369140625,0.00554566649676568,-45.120925028265916,-173.95462150082378
4283.447265625,0.00553590492208046,-45.136227547942134,-173.9599640817238
4284.0576171875,0.0055261528009531505,-45.15154221577588,-173.96530614221754
4284.66796875,0.005516410130297259,-45.166869053319246,-173.97064768281723
4285.2783203125,0.005506676907029651,-45.182208082179336,-173.9759887040348
4285.888671875,0.005496953128070618,-45.197559324018385,-173.98132920638213
4286.4990234375,0.005487238790343753,-45.21292280055409,-173.98666919037086
4287.109375,0.00547753389077608,-45.22829853355964,-173.99200865651235
4287.7197265625,0.005467838426297943,-45.24368654486403,-173.99734760531794
4288.330078125,0.005458152393843046,-45.25908685635226,-174.0026860372987
4288.9404296875,0.0054484757903485006,-45.274499489965365,-174.0080239529655
4289.55078125,0.005438808612754712,-45.28992446770082,-174.01336135282898
4290.1611328125,0.0054291508580055,-45.30536181161256,-174.01869823739975
4290.771484375,0.005419502523048031,-45.32081154381126,-174.024034607188
4291.3818359375,0.005409863604832759,-45.33627368646461,-174.02937046270404
4291.9921875,0.005400234100313568,-45.351748261797304,-174.03470580445776
4292.6025390625,0.005390614006447649,-45.367235292091415,-174.04004063295883
4293.212890625,0.0053810033201955616,-45.38273479968649,-174.04537494871695
4293.8232421875,0.00537140203852119,-45.39824680697983,-174.0507087522415
4294.43359375,0.00536181015839175,-45.413771336426656,-174.05604204404167
4295.0439453125,0.005352227676777824,-45.42930841054029,-174.06137482462654
4295.654296875,0.005342654590653342,-45.4448580518923,-174.06670709450486
4296.2646484375,0.005333090896995535,-45.460420283112896,-174.0720388541854
4296.875,0.0053235365927849715,-45.47599512689096,-174.07737010417657
4297.4853515625,0.0053139916750055945,-45.49158260597423,-174.0827008449867
4298.095703125,0.005304456140644609,-45.50718274316972,-174.08803107712387
4298.7060546875,0.005294929986692627,-45.52279556134363,-174.09336080109608
4299.31640625,0.005285413210143496,-45.538421083421845,-174.09869001741095
4299.9267578125,0.005275905807994463,-45.554059332389876,-174.10401872657616
4300.537109375,0.005266407777246079,-45.56971033129326,-174.10934692909908
4301.1474609375,0.0052569191149021794,-45.585374103237726,-174.11467462548683
4301.7578125,0.005247439817969966,-45.6010506713893,-174.1200018162464
4302.3681640625,0.005237969883459924,-45.61674005897469,-174.1253285018848
4302.978515625,0.005228509308385845,-45.63244228928138,-174.13065468290856
4303.5888671875,0.005219058089764881,-45.648157385657825,-174.13598035982417
4304.19921875,0.005209616224617426,-45.66388537151379,-174.14130553313794
4304.8095703125,0.0052001837099672505,-45.67962627032041,-174.14663020335593
4305.419921875,0.005190760542841378,-45.69538010561054,-174.15195437098404
4306.0302734375,0.005181346720270151,-45.7111469009789,-174.15727803652817
4306.640625,0.005171942239287236,-45.72692668008229,-174.16260120049375
4307.2509765625,0.005162547096929567,-45.74271946663985,-174.16792386338625
4307.861328125,0.005153161290237383,-45.75852528443327,-174.17324602571077
4308.4716796875,0.005143784816254239,-45.77434415730693,-174.1785676879724
4309.08203125,0.005134417672026964,-45.79017610916827,-174.183888850676
4309.6923828125,0.005125059854605682,-45.80602116398788,-174.18920951432628
4310.302734375,0.005115711361043837,-45.82187934579977,-174.19452967942766
4310.9130859375,0.005106372188398082,-45.83775067870171,-174.1998493464844
4311.5234375,0.005097042333728441,-45.853635186855186,-174.20516851600073
4312.1337890625,0.005087721794098193,-45.86953289448588,-174.21048718848056
4312.744140625,0.005078410566573882,-45.8854438258838,-174.21580536442764
4313.3544921875,0.005069108648225337,-45.901368005403505,-174.22112304434566
4313.96484375,0.005059816036125678,-45.91730545746436,-174.22644022873794
4314.5751953125,0.005050532727351296,-45.93325620655071,-174.23175691810772
4315.185546875,0.005041258718981858,-45.94922027721218,-174.2370731129581
4315.7958984375,0.005031994008100304,-45.965197694063875,-174.24238881379196
4316.40625,0.005022738591792821,-45.98118848178665,-174.247704021112
4317.0166015625,0.005013492467148906,-45.99719266512727,-174.25301873542082
4317.626953125,0.00500425563126128,-46.01321026889872,-174.25833295722066
4318.2373046875,0.004995028081225972,-46.02924131798038,-174.26364668701382
4318.84765625,0.004985809814142228,-46.045285837318346,-174.2689599253021
4319.4580078125,0.004976600827112575,-46.061343851925606,-174.27427267258756
4320.068359375,0.004967401117242814,-46.07741538688224,-174.27958492937168
4320.6787109375,0.004958210681641972,-46.09350046733579,-174.28489669615604
4321.2890625,0.0049490295174223625,-46.10959911850137,-174.29020797344188
4321.8994140625,0.004939857621699532,-46.125711365662,-174.29551876173028
4322.509765625,0.004930694991592262,-46.14183723416883,-174.30082906152234
4323.1201171875,0.004921541624222635,-46.15797674944132,-174.30613887331867
4323.73046875,0.004912397516715908,-46.17412993696761,-174.31144819761997
4324.3408203125,0.004903262666200661,-46.190296822304624,-174.3167570349265
4324.951171875,0.004894137069808663,-46.206477431078454,-174.32206538573877
4325.5615234375,0.004885020724674923,-46.22267178898455,-174.3273732505567
4326.171875,0.004875913627937721,-46.23887992178793,-174.33268062988017
4326.7822265625,0.0048668157767385815,-46.255101855323446,-174.33798752420898
4327.392578125,0.004857727168222204,-46.271337615496186,-174.34329393404263
4328.0029296875,0.0048486477995365864,-46.287587228281495,-174.34859985988052
4328.61328125,0.004839577667832903,-46.30385071972543,-174.35390530222185
4329.2236328125,0.004830516770265608,-46.320128115944854,-174.3592102615657
4329.833984375,0.004821465103992378,-46.33641944312777,-174.36451473841086
4330.4443359375,0.004812422666174065,-46.352724727533676,-174.36981873325604
4331.0546875,0.0048033894539747865,-46.36904399549366,-174.3751222465998
4331.6650390625,0.004794365464561895,-46.385377273410725,-174.38042527894046
4332.275390625,0.004785350695105921,-46.4017245877601,-174.38572783077606
4332.8857421875,0.0047763451427806445,-46.41808596508944,-174.39102990260488
4333.49609375,0.004767348804763067,-46.434461432019106,-174.39633149492457
4334.1064453125,0.004758361678233359,-46.45085101524251,-174.40163260823277
4334.716796875,0.004749383760374966,-46.46725474152622,-174.40693324302703
4335.3271484375,0.004740415048374501,-46.48367263771037,-174.41223339980468
4335.9375,0.004731455539421783,-46.50010473070894,-174.41753307906285
4336.5478515625,0.004722505230709884,-46.51655104750985,-174.42283228129835
4337.158203125,0.004713564119435021,-46.53301161517547,-174.42813100700835
4337.7685546875,0.00470463220279667,-46.54948646084268,-174.43342925668912
4338.37890625,0.004695709477997471,-46.56597561172333,-174.43872703083733
4338.9892578125,0.004686795942243262,-46.58247909510442,-174.44402432994917
4339.599609375,0.004677891592743116,-46.59899693834831,-174.44932115452085
4340.2099609375,0.004668996426709261,-46.615529168893175,-174.45461750504828
4340.8203125,0.004660110441357147,-46.63207581425312,-174.4599133820273
4341.4306640625,0.0046512336339054015,-46.64863690201858,-174.4652087859534
4342.041015625,0.004642366001575832,-46.66521245985655,-174.47050371732215
4342.6513671875,0.004633507541593476,-46.681802515510796,-174.4757981766289
4343.26171875,0.0046246582511865015,-46.69840709680234,-174.48109216436856
4343.8720703125,0.00461581812758631,-46.71502623162952,-174.48638568103618
4344.482421875,0.004606987168027461,-46.73165994796845,-174.49167872712658
4345.0927734375,0.004598165369747689,-46.748308273873214,-174.49697130313427
4345.703125,0.004589352729987925,-46.7649712374762,-174.5022634095538
4346.3134765625,0.004580549245992284,-46.78164886698834,-174.50755504687933
4346.923828125,0.004571754915008033,-46.7983411906995,-174.5128462156051
4347.5341796875,0.004562969734285613,-46.8150482369787,-174.51813691622493
4348.14453125,0.004554193701078666,-46.831770034274385,-174.52342714923267
4348.7548828125,0.004545426812643974,-46.84850661111483,-174.52871691512183
4349.365234375,0.004536669066241516,-46.865257996108305,-174.534006214386
4349.9755859375,0.004527920459134388,-46.88202421794355,-174.53929504751835
4350.5859375,0.004519180988588903,-46.898805305389885,-174.54458341501197
4351.1962890625,0.004510450651874527,-46.91560128729759,-174.54987131735993
4351.806640625,0.004501729446263853,-46.93241219259833,-174.5551587550549
4352.4169921875,0.004493017369032679,-46.949238050305226,-174.5604457285895
4353.02734375,0.004484314417459927,-46.966078889513376,-174.5657322384562
4353.6376953125,0.0044756205888276885,-46.982934739400044,-174.5710182851473
4354.248046875,0.004466935880421211,-46.999805629225015,-174.57630386915483
4354.8583984375,0.0044582602895288795,-47.01669158833091,-174.5815889909709
4355.46875,0.004449593813442239,-47.03359264614346,-174.58687365108713
4356.0791015625,0.004440936449456005,-47.05050883217186,-174.5921578499953
4356.689453125,0.004432288194867984,-47.067440176009114,-174.59744158818677
4357.2998046875,0.004423649046979186,-47.084386707332236,-174.60272486615278
4357.91015625,0.00441501900309374,-47.10134845590271,-174.60800768438466
4358.5205078125,0.004406398060518887,-47.118325451566754,-174.61329004337315
4359.130859375,0.004397786216565075,-47.13531772425557,-174.61857194360928
4359.7412109375,0.004389183468545819,-47.15232530398582,-174.62385338558354
4360.3515625,0.004380589813777807,-47.16934822085983,-174.62913436978647
4360.9619140625,0.004372005249580891,-47.1863865050659,-174.63441489670834
4361.572265625,0.004363429773277965,-47.203440186878815,-174.6396949668394
4362.1826171875,0.004354863382195143,-47.220509296659934,-174.6449745806695
4362.79296875,0.004346306073661625,-47.23759386485771,-174.65025373868863
4363.4033203125,0.0043377578450097525,-47.254693922007895,-174.65553244138638
4364.013671875,0.004329218693574979,-47.27180949873399,-174.6608106892523
4364.6240234375,0.004320688616695876,-47.28894062574749,-174.6660884827756
4365.234375,0.0043121676117141685,-47.30608733384826,-174.67136582244564
4365.8447265625,0.004303655675974678,-47.32324965392486,-174.67664270875133
4366.455078125,0.004295152806825351,-47.34042761695491,-174.6819191421817
4367.0654296875,0.004286659001617235,-47.35762125400545,-174.68719512322525
4367.67578125,0.004278174257704527,-47.374830596233195,-174.69247065237062
4368.2861328125,0.0042696985724444865,-47.392055674885036,-174.6977457301062
4368.896484375,0.0042612319431975364,-47.40929652129818,-174.70302035692012
4369.5068359375,0.0042527743673271825,-47.42655316690069,-174.7082945333006
4370.1171875,0.004244325842200027,-47.44382564321178,-174.71356825973538
4370.7275390625,0.004235886365185812,-47.46111398184209,-174.71884153671232
4371.337890625,0.004227455933657341,-47.47841821449417,-174.72411436471904
4371.9482421875,0.004219034544990566,-47.49573837296271,-174.72938674424276
4372.55859375,0.004210622196564513,-47.51307448913498,-174.73465867577096
4373.1689453125,0.0042022188857612905,-47.53042659499123,-174.7399301597907
4373.779296875,0.004193824609966151,-47.54779472260488,-174.74520119678886
4374.3896484375,0.0041854393665673945,-47.565178904143096,-174.7504717872522
4375.0,0.004177063152956463,-47.58257917186697,-174.7557419316675
4375.6103515625,0.004168695966527847,-47.59999555813205,-174.76101163052112
4376.220703125,0.004160337804679137,-47.617428095388625,-174.76628088429948
4376.8310546875,0.004151988664811038,-47.63487681618203,-174.77154969348865
4377.44140625,0.004143648544327324,-47.65234175315317,-174.7768180585746
4378.0517578125,0.004135317440634835,-47.66982293903881,-174.78208598004326
4378.662109375,0.0041269953511435305,-47.68732040667193,-174.78735345838035
4379.2724609375,0.004118682273266428,-47.704834188982154,-174.7926204940712
4379.8828125,0.004110378204419632,-47.7223643189961,-174.7978870876015
4380.4931640625,0.004102083142022352,-47.73991082983771,-174.80315323945626
4381.103515625,0.004093797083496805,-47.757473754728885,-174.80841895012048
4381.7138671875,0.004085520026268342,-47.7750531269895,-174.81368422007924
4382.32421875,0.004077251967765394,-47.79264898003799,-174.8189490498172
4382.9345703125,0.004068992905419419,-47.81026134739182,-174.82421343981892
4383.544921875,0.004060742836664969,-47.82789026266773,-174.82947739056897
4384.1552734375,0.0040525017589396585,-47.84553575958218,-174.8347409025515
4384.765625,0.004044269669684174,-47.86319787195175,-174.84000397625073
4385.3759765625,0.004036046566342288,-47.88087663369346,-174.8452666121506
4385.986328125,0.00402783244636079,-47.898572078825396,-174.85052881073486
4386.5966796875,0.004019627307189554,-47.91628424146684,-174.85579057248734
4387.20703125,0.004011431146281527,-47.93401315583883,-174.86105189789134
4387.8173828125,0.0040032439610926725,-47.95175885626457,-174.86631278743036
4388.427734375,0.003995065749082089,-47.96952137716965,-174.87157324158764
4389.0380859375,0.003986896507711845,-47.98730075308278,-174.87683326084613
4389.6484375,0.003978736234447103,-48.00509701863593,-174.88209284568876
4390.2587890625,0.003970584926756073,-48.02291020856485,-174.88735199659814
4390.869140625,0.003962442582110007,-48.04074035770949,-174.89261071405713
4391.4794921875,0.00395430919798323,-48.058587501014344,-174.8978689985481
4392.08984375,0.003946184771853084,-48.076451673528986,-174.90312685055312
4392.7001953125,0.003938069301199948,-48.094332910408475,-174.90838427055445
4393.310546875,0.003929962783507295,-48.112231246913595,-174.91364125903414
4393.9208984375,0.003921865216261577,-48.13014671841158,-174.91889781647396
4394.53125,0.003913776596952342,-48.14807936037625,-174.9241539433555
4395.1416015625,0.0039056969230721436,-48.16602920838867,-174.92940964016037
4395.751953125,0.0038976261921165635,-48.18399629813749,-174.93466490736998
4396.3623046875,0.0038895644015842367,-48.20198066541935,-174.93991974546543
4396.97265625,0.0038815115489768616,-48.219982346139275,-174.94517415492794
4397.5830078125,0.003873467631799092,-48.23800137631136,-174.95042813623834
4398.193359375,0.003865432647558674,-48.25603779205892,-174.9556816898773
4398.8037109375,0.0038574065937663545,-48.274091629615086,-174.96093481632562
4399.4140625,0.003849389467935916,-48.29216292532322,-174.9661875160637
4400.0244140625,0.003841381267584184,-48.3102517156373,-174.97143978957172
4400.634765625,0.0038333819902309687,-48.328358037122555,-174.97669163733005
4401.2451171875,0.003825391633399113,-48.34648192645573,-174.98194305981855
4401.85546875,0.003817410194614513,-48.36462342042558,-174.9871940575172
4402.4658203125,0.003809437671406044,-48.3827825559334,-174.99244463090568
4403.076171875,0.003801474061305626,-48.40095936999341,-174.99769478046343
4403.6865234375,0.003793519361848163,-48.41915389973331,-175.00294450667
4404.296875,0.0037855735705716064,-48.437366182394605,-175.00819381000463
4404.9072265625,0.0037776366850169074,-48.45559625533316,-175.01344269094645
4405.517578125,0.0037697087027280126,-48.47384415601973,-175.01869114997447
4406.1279296875,0.0037617896212518913,-48.492109922040314,-175.0239391875674
4406.73828125,0.00375387943813852,-48.51039359109666,-175.0291868042039
4407.3486328125,0.003745978150940882,-48.528695201006784,-175.0344340003627
4407.958984375,0.0037380857572149677,-48.54701478970539,-175.03968077652195
4408.5693359375,0.0037302022545197613,-48.565352395244446,-175.04492713316
4409.1796875,0.003722327640417233,-48.58370805579361,-175.0501730707549
4409.7900390625,0.0037144619124723994,-48.60208180964059,-175.05541858978458
4410.400390625,0.0037066050682532173,-48.620473695191954,-175.06066369072693
4411.0107421875,0.0036987571053306812,-48.63888375097326,-175.0659083740593
4411.62109375,0.0036909180212787787,-48.65731201562976,-175.07115264025947
4412.2314453125,0.0036830878136744484,-48.67575852792696,-175.07639648980467
4412.841796875,0.0036752664800976794,-48.69422332675083,-175.08163992317216
4413.4521484375,0.0036674540181313923,-48.71270645110868,-175.0868829408389
4414.0625,0.003659650425361543,-48.73120794012932,-175.0921255432819
4414.6728515625,0.0036518556993770583,-48.74972783306377,-175.09736773097788
4415.283203125,0.003644069837769835,-48.76826616928578,-175.1026095044035
4415.8935546875,0.003636292838134764,-48.78682298829222,-175.10785086403507
4416.50390625,0.0036285246980697276,-48.80539832970367,-175.11309181034906
4417.1142578125,0.0036207654151755786,-48.82399223326494,-175.11833234382163
4417.724609375,0.0036130149870561346,-48.842604738845594,-175.1235724649288
4418.3349609375,0.0036052734113182403,-48.86123588644036,-175.1288121741465
4418.9453125,0.0035975406855716405,-48.87988571616993,-175.1340514719505
4419.5556640625,0.0035898168074291158,-48.89855426828116,-175.13929035881623
4420.166015625,0.0035821017745063977,-48.917241583147806,-175.1445288352193
4420.7763671875,0.0035743955844221675,-48.935947701271076,-175.14976690163493
4421.38671875,0.0035666982347981337,-48.95467266327992,-175.15500455853834
4421.9970703125,0.0035590097232588926,-48.97341650993199,-175.16024180640463
4422.607421875,0.0035513300474320853,-48.99217928211371,-175.16547864570862
4423.2177734375,0.003543659204948268,-49.010961020841194,-175.17071507692498
4423.828125,0.003535997193440972,-49.02976176726064,-175.17595110052847
4424.4384765625,0.003528344010546691,-49.04858156264886,-175.18118671699332
4425.048828125,0.0035206996539048764,-49.067420448413905,-175.186421926794
4425.6591796875,0.0035130641211579463,-49.08627846609556,-175.1916567304047
4426.26953125,0.0035054374099512823,-49.10515565736591,-175.19689112829923
4426.8798828125,0.0034978195179331826,-49.12405206403004,-175.20212512095182
4427.490234375,0.003490210442754947,-49.142967728026356,-175.20735870883595
4428.1005859375,0.003482610182070797,-49.16190269142736,-175.2125918924252
4428.7109375,0.0034750187335379117,-49.18085699644016,-175.21782467219322
4429.3212890625,0.003467436094816431,-49.199830685406965,-175.22305704861316
4429.931640625,0.0034598622635694304,-49.218823800805815,-175.22828902215835
4430.5419921875,0.00345229723746293,-49.23783638525103,-175.23352059330165
4431.15234375,0.003444741014165904,-49.25686848149388,-175.23875176251593
4431.7626953125,0.003437193591350261,-49.275920132423124,-175.24398253027414
4432.373046875,0.0034296549666908566,-49.29499138106563,-175.24921289704886
4432.9833984375,0.003422125137865487,-49.31408227058691,-175.25444286331245
4433.59375,0.003414604102554888,-49.33319284429183,-175.25967242953726
4434.2041015625,0.0034070918584427194,-49.352323145625135,-175.2649015961955
4434.814453125,0.0033995884032155953,-49.37147321817203,-175.2701303637594
4435.4248046875,0.003392093734563042,-49.39064310565886,-175.2753587327005
4436.03515625,0.003384607850177547,-49.409832851953645,-175.28058670349083
4436.6455078125,0.003377130747754502,-49.42904250106676,-175.285814276602
4437.255859375,0.0033696624249922404,-49.44827209715153,-175.29104145250543
4437.8662109375,0.0033622028795920267,-49.46752168450481,-175.29626823167254
4438.4765625,0.0033547521092580474,-49.48679130756766,-175.30149461457464
4439.0869140625,0.0033473101116974087,-49.50608101092598,-175.30672060168254
4439.697265625,0.0033398768846201595,-49.52539083931106,-175.31194619346735
4440.3076171875,0.0033324524257392313,-49.544720837600366,-175.31717139039984
4440.91796875,0.0033250367327705287,-49.56407105081797,-175.3223961929507
4441.5283203125,0.0033176298034328254,-49.58344152413542,-175.32762060159038
4442.138671875,0.003310231635447861,-49.60283230287213,-175.33284461678946
4442.7490234375,0.003302842226540245,-49.622243432496305,-175.33806823901796
4443.359375,0.003295461574437524,-49.6416749586254,-175.34329146874617
4443.9697265625,0.0032880896768701664,-49.6611269270268,-175.3485143064439
4444.580078125,0.0032807265315715345,-49.68059938361855,-175.35373675258114
4445.1904296875,0.003273372136277906,-49.700092374469975,-175.35895880762743
4445.80078125,0.0032660264887284865,-49.7196059458023,-175.36418047205254
4446.4111328125,0.00325868958666534,-49.73914014398949,-175.36940174632574
4447.021484375,0.0032513614278334873,-49.75869501555866,-175.3746226309163
4447.6318359375,0.0032440420099808438,-49.778270607190926,-175.37984312629345
4448.2421875,0.0032367313308581955,-49.797866965722164,-175.3850632329263
4448.8525390625,0.003229429388219273,-49.817484138143435,-175.39028295128358
4449.462890625,0.003222136179820671,-49.83712217160195,-175.39550228183418
4450.0732421875,0.003214851703421896,-49.85678111340156,-175.40072122504648
4450.68359375,0.0032075759567853795,-49.8764610110035,-175.40593978138918
4451.2939453125,0.0032003089376763843,-49.896161912027274,-175.41115795133058
4451.904296875,0.0031930506438631327,-49.915883864251015,-175.416375735339
4452.5146484375,0.0031858010731166918,-49.93562691561253,-175.42159313388217
4453.125,0.0031785602232110534,-49.95539111420976,-175.42681014742826
4453.7353515625,0.0031713280919230804,-49.97517650830166,-175.43202677644513
4454.345703125,0.003164104677032544,-49.9949831463088,-175.43724302140043
4454.9560546875,0.003156889976322053,-50.014811076814254,-175.4424588827616
4455.56640625,0.0031496839875771766,-50.034660348564074,-175.44767436099605
4456.1767578125,0.0031424867085862954,-50.054531010468324,-175.45288945657103
4456.787109375,0.0031352981371407175,-50.074423111601554,-175.45810416995383
4457.3974609375,0.0031281182710346115,-50.094336701203716,-175.46331850161133
4458.0078125,0.0031209471080650506,-50.11427182868073,-175.4685324520105
4458.6181640625,0.0031137846460319463,-50.1342285436055,-175.47374602161787
4459.228515625,0.003106630882738126,-50.1542068957184,-175.47895921090026
4459.8388671875,0.003099485815989267,-50.17420693492818,-175.4841720203241
4460.44921875,0.00309234944359393,-50.19422871131269,-175.4893844503557
4461.0595703125,0.0030852217633635503,-50.214272275119626,-175.49459650146122
4461.669921875,0.0030781027731124288,-50.234337676767346,-175.4998081741068
4462.2802734375,0.003070992470657745,-50.254424966845576,-175.5050194687584
4462.890625,0.0030638908538195165,-50.27453419611633,-175.51023038588167
4463.5009765625,0.0030567979204206863,-50.29466541551444,-175.51544092594256
4464.111328125,0.003049713668286995,-50.314818676148654,-175.5206510894064
4464.7216796875,0.003042638095247116,-50.334994029302116,-175.5258608767387
4465.33203125,0.0030355711991325225,-50.355191526433465,-175.5310702884048
4465.9423828125,0.0030285129777775674,-50.37541121917747,-175.53627932486975
4466.552734375,0.0030214634290194995,-50.395653159345734,-175.54148798659867
4467.1630859375,0.003014422550698393,-50.415917398927704,-175.5466962740564
4467.7734375,0.0030073903406571617,-50.4362039900915,-175.5519041877076
4468.3837890625,0.0030003667967416223,-50.456512985184474,-175.5571117280172
4468.994140625,0.00299335191680041,-50.47684443673433,-175.56231889544947
4469.6044921875,0.0029863456986850235,-50.49719839744978,-175.56752569046878
4470.21484375,0.0029793481402498306,-50.5175749202214,-175.57273211353953
4470.8251953125,0.0029723592393519926,-50.537974058122614,-175.5779381651257
4471.435546875,0.0029653789938515933,-50.558395864410244,-175.58314384569144
4472.0458984375,0.0029584074016115237,-50.57884039252564,-175.5883491557004
4472.65625,0.002951444460497509,-50.59930769609547,-175.59355409561638
4473.2666015625,0.0029444901683781475,-50.61979782893242,-175.59875866590298
4473.876953125,0.002937544523124881,-50.6403108450362,-175.60396286702374
4474.4873046875,0.002930607522611964,-50.66084679859446,-175.60916669944208
4475.09765625,0.0029236791647165063,-50.681405743983554,-175.61437016362106
4475.7080078125,0.0029167594473184805,-50.70198773576937,-175.61957326002383
4476.318359375,0.0029098483683006396,-50.72259282870847,-175.62477598911326
4476.9287109375,0.002902945925548646,-50.74322107774861,-175.62997835135235
4477.5390625,0.0028960521169509286,-50.76387253802999,-175.63518034720371
4478.1494140625,0.0028891669403988056,-50.78454726488587,-175.64038197712992
4478.759765625,0.0028822903937863824,-50.805245313843706,-175.64558324159347
4479.3701171875,0.0028754224750106197,-50.825966740625894,-175.6507841410567
4479.98046875,0.002868563181971317,-50.8467116011507,-175.65598467598173
4480.5908203125,0.002861712512571059,-50.867479951533355,-175.66118484683065
4481.201171875,0.002854870464715306,-50.888271848086724,-175.66638465406552
4481.8115234375,0.0028480370363123406,-50.90908734732234,-175.67158409814797
4482.421875,0.0028412122252732077,-50.92992650595156,-175.6767831795399
4483.0322265625,0.002834396029511843,-50.95078938088613,-175.68198189870267
4483.642578125,0.0028275884469449986,-50.97167602923929,-175.68718025609792
4484.2529296875,0.0028207894754921957,-50.99258650832694,-175.6923782521868
4484.86328125,0.002813999113075828,-51.013520875668206,-175.69757588743065
4485.4736328125,0.002807217357621063,-51.0344791889868,-175.7027731622904
4486.083984375,0.002800444207055918,-51.05546150621164,-175.70797007722717
4486.6943359375,0.002793679659311217,-51.076467885478046,-175.71316663270144
4487.3046875,0.0027869237123205903,-51.09749838512868,-175.71836282917437
4487.9150390625,0.0027801763640204796,-51.118553063714494,-175.72355866710612
4488.525390625,0.002773437612350141,-51.13963197999578,-175.72875414695744
4489.1357421875,0.0027667074552516244,-51.16073519294314,-175.73394926918837
4489.74609375,0.0027599858906698317,-51.18186276173838,-175.7391440342593
4490.3564453125,0.002753272916552421,-51.20301474577579,-175.74433844263018
4490.966796875,0.0027465685308498897,-51.224191204662866,-175.74953249476118
4491.5771484375,0.0027398727315155083,-51.245392198221595,-175.75472619111179
4492.1875,0.002733185516505371,-51.26661778648929,-175.75991953214202
4492.7978515625,0.002726506883778389,-51.287868029719654,-175.76511251831124
4493.408203125,0.002719836831296236,-51.30914298838397,-175.770305150079
4494.0185546875,0.0027131753570234073,-51.33044272317196,-175.77549742790458
4494.62890625,0.0027065224589271917,-51.351767294992996,-175.78068935224732
4495.2392578125,0.0026998781349776655,-51.37311676497707,-175.7858809235662
4495.849609375,0.0026932423831477156,-51.39449119447583,-175.79107214232005
4496.4599609375,0.00268661520141302,-51.415890645063755,-175.79626300896797
4497.0703125,0.0026799965877520307,-51.43731517853921,-175.8014535239686
4497.6806640625,0.002673386540146,-51.4587648569255,-175.80664368778037
4498.291015625,0.002666785056579003,-51.48023974247187,-175.81183350086204
4498.9013671875,0.0026601921350378325,-51.50173989765494,-175.81702296367192
4499.51171875,0.002653607773512133,-51.523265385179386,-175.822212076668
4500.1220703125,0.0026470319699942917,-51.54481626797937,-175.82740084030863
4500.732421875,0.002640464722479505,-51.56639260921949,-175.8325892550516
4501.3427734375,0.0026339060289657756,-51.587994472295875,-175.837777321355
4501.953125,0.0026273558874538097,-51.60962192083766,-175.8429650396765
4502.5634765625,0.002620814295947162,-51.63127501870767,-175.84815241047366
4503.173828125,0.0026142812524521577,-51.65295383000378,-175.85333943420412
4503.7841796875,0.002607756754977881,-51.674658419060165,-175.85852611132523
4504.39453125,0.0026012408015361962,-51.696388850448315,-175.8637124422942
4505.0048828125,0.002594733390141748,-51.718145188978255,-175.86889842756827
4505.615234375,0.0025882345188119557,-51.73992749969972,-175.8740840676043
4506.2255859375,0.0025817441855670066,-51.76173584790335,-175.87926936285945
4506.8359375,0.002575262388429876,-51.78357029912185,-175.88445431379034
4507.4462890625,0.0025687891254262793,-51.80543091913127,-175.88963892085368
4508.056640625,0.0025623243945847294,-51.82731777395208,-175.8948231845061
4508.6669921875,0.002555868193936486,-51.849230929850535,-175.900007105204
4509.27734375,0.0025494205215156,-51.87117045333973,-175.90519068340362
4509.8876953125,0.0025429813753588574,-51.89313641118103,-175.91037391956127
4510.498046875,0.0025365507535058188,-51.915128870385146,-175.91555681413308
4511.1083984375,0.0025301286539988303,-51.93714789821339,-175.92073936757484
4511.71875,0.002523715074882959,-51.95919356217906,-175.92592158034248
4512.3291015625,0.0025173100142060686,-51.981265930048515,-175.9311034528917
4512.939453125,0.0025109134700187683,-52.00336506984258,-175.9362849856782
4513.5498046875,0.002504525440374402,-52.02549104983787,-175.9414661791574
4514.16015625,0.002498145923329125,-52.04764393856777,-175.94664703378473
4514.7705078125,0.002491774916941781,-52.06982380482418,-175.95182755001548
4515.380859375,0.0024854124192740194,-52.092030717658425,-175.9570077283047
4515.9912109375,0.002479058428390221,-52.114264746382766,-175.9621875691074
4516.6015625,0.002472712942357504,-52.136525960571724,-175.96736707287857
4517.2119140625,0.0024663759592457642,-52.15881443006325,-175.972546240073
4517.822265625,0.002460047477127668,-52.1811302249601,-175.97772507114536
4518.4326171875,0.002453727494078535,-52.203473415631535,-175.9829035665503
4519.04296875,0.0024474160081765233,-52.22584407271407,-175.988081726742
4519.6533203125,0.0024411130175025038,-52.248242267113255,-175.9932595521751
4520.263671875,0.0024348185201400986,-52.270668070004874,-175.99843704330357
4520.8740234375,0.002428532514175679,-52.29312155283637,-176.00361420058175
4521.484375,0.0024222549976982994,-52.31560278732844,-176.00879102446342
4522.0947265625,0.002415985968799841,-52.33811184547588,-176.01396751540244
4522.705078125,0.002409725425574879,-52.36064879954954,-176.01914367385288
4523.3154296875,0.0024034733661207094,-52.383213722097544,-176.02431950026798
4523.92578125,0.0023972297885374205,-52.405806685946516,-176.02949499510166
4524.5361328125,0.0023909946909277764,-52.42842776420338,-176.0346701588069
4525.146484375,0.0023847680713972967,-52.451077030256535,-176.0398449918372
4525.7568359375,0.0023785499280542647,-52.47375455777728,-176.04501949464594
4526.3671875,0.002372340259009658,-52.496460420721505,-176.0501936676859
4526.9775390625,0.002366139062377167,-52.51919469333104,-176.05536751141022
4527.587890625,0.002359946336273279,-52.541957450134916,-176.06054102627166
4528.1982421875,0.002353762078817157,-52.56474876595121,-176.065714212723
4528.80859375,0.002347586288130707,-52.58756871588833,-176.07088707121673
4529.4189453125,0.0023414189623385466,-52.610417375346614,-176.0760596022055
4530.029296875,0.002335260099568038,-52.63329482001973,-176.08123180614177
4530.6396484375,0.002329109697949251,-52.656201125896345,-176.08640368347756
4531.25,0.0023229677556150007,-52.679136369261464,-176.09157523466527
4531.8603515625,0.00231683427070079,-52.70210062669827,-176.09674646015685
4532.470703125,0.0023107092413448683,-52.725093975089365,-176.10191736040412
4533.0810546875,0.002304592665688188,-52.74811649161856,-176.10708793585925
4533.69140625,0.002298484541874427,-52.77116825377234,-176.1122581869737
4534.3017578125,0.0022923848680499754,-52.79424933934148,-176.11742811419916
4534.912109375,0.0022862936423639403,-52.81735982642264,-176.12259771798702
4535.5224609375,0.0022802108629681414,-52.84049979341998,-176.12776699878884
4536.1328125,0.002274136528017109,-52.86366931904678,-176.1329359570558
4536.7431640625,0.0022680706356680833,-52.88686848232707,-176.13810459323892
4537.353515625,0.0022620131840810393,-52.91009736259714,-176.1432729077896
4537.9638671875,0.002255964171418623,-52.93335603950748,-176.14844090115847
4538.57421875,0.0022499235958461953,-52.95664459302422,-176.15360857379642
4539.1845703125,0.0022438914555318497,-52.97996310343077,-176.15877592615433
4539.794921875,0.002237867748646367,-53.00331165132963,-176.16394295868272
4540.4052734375,0.0022318524733632374,-53.026690317644054,-176.169109671832
4541.015625,0.002225845627858643,-53.050099183619736,-176.17427606605264
4541.6259765625,0.0022198472103114797,-53.07353833082651,-176.1794421417949
4542.236328125,0.0022138572189033504,-53.097007841160064,-176.18460789950905
4542.8466796875,0.0022078756518185373,-53.1205077968438,-176.18977333964503
4543.45703125,0.0022019025072440306,-53.144038280430465,-176.19493846265289
4544.0673828125,0.0021959377833695296,-53.16759937480385,-176.20010326898236
4544.677734375,0.0021899814783873984,-53.19119116318086,-176.2052677590831
4545.2880859375,0.0021840335904927508,-53.214813729112834,-176.21043193340515
4545.8984375,0.0021780941178833435,-53.23846715648783,-176.21559579239766
4546.5087890625,0.002172163058759626,-53.26215152953218,-176.22075933651013
4547.119140625,0.0021662404113247866,-53.28586693281224,-176.22592256619177
4547.7294921875,0.002160326173784642,-53.3096134512365,-176.2310854818919
4548.33984375,0.00215442034434776,-53.333391170057055,-176.23624808405972
4548.9501953125,0.0021485229212253594,-53.35720017487182,-176.24141037314388
4549.560546875,0.0021426339026313357,-53.381040551626306,-176.24657234959344
4550.1708984375,0.002136753286782314,-53.404912386615266,-176.25173401385732
4550.78125,0.0021308810718975585,-53.42881576648498,-176.25689536638396
4551.3916015625,0.0021250172561990384,-53.45275077823488,-176.2620564076219
4552.001953125,0.002119161837911422,-53.47671750921948,-176.2672171380197
4552.6123046875,0.0021133148152620135,-53.500716047150625,-176.27237755802562
4553.22265625,0.002107476186480836,-53.52474648009902,-176.27753766808806
4553.8330078125,0.002101645949800591,-53.54880889649638,-176.28269746865487
4554.443359375,0.002095824103456637,-53.572903385137536,-176.28785696017422
4555.0537109375,0.002090010645687002,-53.59703003518231,-176.2930161430939
4555.6640625,0.0020842055747324435,-53.62118893615729,-176.2981750178621
4556.2744140625,0.0020784088888363196,-53.64538017795839,-176.30333358492604
4556.884765625,0.002072620586244725,-53.66960385085229,-176.30849184473354
4557.4951171875,0.0020668406652063786,-53.69386004547897,-176.31364979773193
4558.10546875,0.002061069123972708,-53.71814885285338,-176.31880744436904
4558.7158203125,0.0020553059607977936,-53.74247036436777,-176.32396478509153
4559.326171875,0.0020495511739383825,-53.76682467179371,-176.32912182034715
4559.9365234375,0.0020438047616538942,-53.791211867284154,-176.3342785505825
4560.546875,0.002038066722206421,-53.81563204337557,-176.33943497624477
4561.1572265625,0.0020323370538606984,-53.84008529299018,-176.3445910977809
4561.767578125,0.0020266157548841637,-53.86457170943786,-176.34974691563744
4562.3779296875,0.002020902823546877,-53.88909138641861,-176.35490243026123
4562.98828125,0.002015198258121581,-53.91364441802452,-176.36005764209867
4563.5986328125,0.0020095020568836894,-53.93823089874195,-176.36521255159627
4564.208984375,0.0020038142181112526,-53.96285092345393,-176.3703671592003
4564.8193359375,0.0019981347400850114,-53.98750458744212,-176.37552146535717
4565.4296875,0.00199246362108832,-54.0121919863894,-176.38067547051295
4566.0400390625,0.00198680085940723,-54.0369132163817,-176.3858291751136
4566.650390625,0.001981146453330441,-54.06166837391056,-176.39098257960504
4567.2607421875,0.001975500401149273,-54.08645755587547,-176.3961356844332
4567.87109375,0.0019698627011577505,-54.11128085958585,-176.40128849004373
4568.4814453125,0.001964233351652521,-54.13613838276365,-176.40644099688217
4569.091796875,0.001958612350932876,-54.161030223545666,-176.41159320539427
4569.7021484375,0.0019529996973007818,-54.18595648048572,-176.4167451160251
4570.3125,0.0019473953890608413,-54.210917252557174,-176.4218967292204
4570.9228515625,0.0019417994245203001,-54.235912639155295,-176.427048045425
4571.533203125,0.0019362118019890739,-54.260942740099566,-176.43219906508438
4572.1435546875,0.0019306325197796825,-54.28600765563634,-176.43734978864316
4572.75390625,0.0019250615762073297,-54.311107486440946,-176.44250021654656
4573.3642578125,0.001919498969589848,-54.33624233362038,-176.44765034923915
4573.974609375,0.0019139446982477143,-54.36141229871572,-176.45280018716582
4574.5849609375,0.0019083987605040442,-54.386617483704576,-176.45794973077116
4575.1953125,0.0019028611546845946,-54.41185799100367,-176.4630989804995
4575.8056640625,0.0018973318791177503,-54.43713392347135,-176.46824793679548
4576.416015625,0.0018918109321345773,-54.4624453844099,-176.47339660010317
4577.0263671875,0.0018862983120687407,-54.48779247756849,-176.4785449708669
4577.63671875,0.00188079401725653,-54.51317530714562,-176.48369304953087
4578.2470703125,0.0018752980460369048,-54.53859397779152,-176.48884083653883
4578.857421875,0.0018698103967514494,-54.564048594610945,-176.49398833233494
4579.4677734375,0.0018643310677443718,-54.58953926316583,-176.4991355373629
4580.078125,0.0018588600573625261,-54.61506608947786,-176.50428245206635
4580.6884765625,0.0018533973639553597,-54.64062918003131,-176.50942907688903
4581.298828125,0.0018479429858750142,-54.666228641775376,-176.5145754122743
4581.9091796875,0.001842496921476208,-54.69186458212733,-176.51972145866566
4582.51953125,0.001837059169116304,-54.71753710897501,-176.52486721650644
4583.1298828125,0.0018316297271552943,-54.743246330679554,-176.5300126862398
4583.740234375,0.0018262085939557908,-54.76899235607834,-176.53515786830886
4584.3505859375,0.001820795767883045,-54.79477529448754,-176.54030276315672
4584.9609375,0.0018153912473049068,-54.82059525570526,-176.54544737122615
4585.5712890625,0.0018099950305918732,-54.84645235001399,-176.55059169296
4586.181640625,0.0018046071161170556,-54.872346688183804,-176.55573572880115
4586.7919921875,0.0017992275022561683,-54.89827838147509,-176.56087947919193
4587.40234375,0.0017938561873875763,-54.92424754164134,-176.56602294457525
4588.0126953125,0.0017884931698922463,-54.95025428093229,-176.57116612539303
4588.623046875,0.001783138448153756,-54.976298712096764,-176.57630902208817
4589.2333984375,0.0017777920205583018,-55.002380948385635,-176.58145163510247
4589.84375,0.0017724538854947275,-55.02850110355463,-176.58659396487838
4590.4541015625,0.001767124041354433,-55.05465929186784,-176.59173601185773
4591.064453125,0.0017618024865314822,-55.08085562810017,-176.59687777648227
4591.6748046875,0.00175648921942254,-55.10709022754068,-176.60201925919446
4592.28515625,0.0017511842384268516,-55.13336320599584,-176.60716046043547
4592.8955078125,0.0017458875419463175,-55.15967467979216,-176.61230138064718
4593.505859375,0.001740599128385403,-55.18602476577982,-176.61744202027123
4594.1162109375,0.0017353189961512425,-55.21241358133524,-176.622582379749
4594.7265625,0.0017300471436535172,-55.23884124436495,-176.6277224595218
4595.3369140625,0.0017247835693045385,-55.26530787330821,-176.632862260031
4595.947265625,0.0017195282715192284,-55.29181358714049,-176.63800178171766
4596.5576171875,0.0017142812487151173,-55.31835850537658,-176.64314102502303
4597.16796875,0.0017090424993122936,-55.34494274807419,-176.648279990388
4597.7783203125,0.0017038120217335332,-55.371566435836556,-176.65341867825342
4598.388671875,0.0016985898144041278,-55.3982296898166,-176.65855708906014
4598.9990234375,0.0016933758757520176,-55.42493263171964,-176.66369522324896
4599.609375,0.001688170204207744,-55.45167538380695,-176.6688330812603
4600.2197265625,0.0016829727982044117,-55.47845806889936,-176.67397066353487
4600.830078125,0.0016777836561777647,-55.50528081038028,-176.67910797051283
4601.4404296875,0.0016726027765660983,-55.53214373219958,-176.68424500263475
4602.05078125,0.0016674301578103491,-55.55904695887663,-176.68938176034075
4602.6611328125,0.0016622657983540246,-55.5859906155041,-176.69451824407116
4603.271484375,0.0016571096966432168,-55.612974827751465,-176.69965445426564
4603.8818359375,0.001651961851126623,-55.639999721868406,-176.70479039136458
4604.4921875,0.0016468222602555509,-55.66706542468835,-176.70992605580741
4605.1025390625,0.0016416909224838561,-55.69417206363245,-176.71506144803428
4605.712890625,0.0016365678362680164,-55.721319766712796,-176.7201965684848
4606.3232421875,0.001631453000067082,-55.7485086625363,-176.72533141759828
4606.93359375,0.0016263464123426907,-55.775738880308374,-176.7304659958144
4607.5439453125,0.0016212480715590864,-55.80301054983647,-176.73560030357268
4608.154296875,0.0016161579761830788,-55.83032380153412,-176.74073434131225
4608.7646484375,0.0016110761246840577,-55.857678766424556,-176.74586810947227
4609.375,0.0016060025155340211,-55.88507557614441,-176.751001608492
4609.9853515625,0.0016009371472075378,-55.912514362947725,-176.75613483881045
4610.595703125,0.001595880018181746,-55.93999525970985,-176.7612678008666
4611.2060546875,0.0015908311269363774,-55.96751839993118,-176.76640049509925
4611.81640625,0.0015857904719537243,-55.995083917741255,-176.771532921947
4612.4267578125,0.0015807580517187014,-56.022691947902395,-176.77666508184876
4613.037109375,0.0015757338647187672,-56.05034262581412,-176.78179697524303
4613.6474609375,0.0015707179094439647,-56.07803608751691,-176.78692860256845
4614.2578125,0.001565710184386896,-56.10577246969642,-176.79205996426302
4614.8681640625,0.0015607106880427585,-56.13355190968739,-176.79719106076516
4615.478515625,0.001555719418909339,-56.1613745454777,-176.80232189251336
4616.0888671875,0.0015507363754869723,-56.189240515712854,-176.80745245994555
4616.69921875,0.0015457615562785487,-56.21714995970004,-176.8125827634999
4617.3095703125,0.0015407949597895769,-56.245103017412035,-176.81771280361403
4617.919921875,0.0015358365845280861,-56.27309982949196,-176.82284258072607
4618.5302734375,0.0015308864290047167,-56.3011405372571,-176.82797209527374
4619.140625,0.0015259444917326767,-56.329225282703426,-176.83310134769468
4619.7509765625,0.0015210107712276956,-56.35735420851021,-176.83823033842648
4620.361328125,0.0015160852660081007,-56.385527458043995,-176.84335906790673
4620.9716796875,0.001511167974594804,-56.41374517536307,-176.84848753657266
4621.58203125,0.0015062588955112473,-56.44200750522224,-176.85361574486168
4622.1923828125,0.00150135802728346,-56.47031459307701,-176.85874369321107
4622.802734375,0.0014964653684399996,-56.49866658508842,-176.86387138205785
4623.4130859375,0.0014915809175120422,-56.527063628127095,-176.8689988118393
4624.0234375,0.0014867046730332677,-56.55550586977853,-176.8741259829921
4624.6337890625,0.001481836633539962,-56.58399345834712,-176.8792528959533
4625.244140625,0.0014769767975709315,-56.612526542861346,-176.88437955115972
4625.8544921875,0.001472125163667577,-56.64110527307804,-176.88950594904807
4626.46484375,0.001467281730373805,-56.669729799487655,-176.8946320900547
4627.0751953125,0.0014624464962361544,-56.698400273318335,-176.89975797461656
4627.685546875,0.0014576194598036425,-56.72711684654165,-176.90488360316968
4628.2958984375,0.0014528006196278921,-56.7558796718767,-176.91000897615075
4628.90625,0.0014479899742630537,-56.78468890279548,-176.9151340939958
4629.5166015625,0.0014431875222658463,-56.813544693527646,-176.92025895714121
4630.126953125,0.0014383932621955206,-56.84244719906563,-176.92538356602296
4630.7373046875,0.0014336071926139094,-56.87139657516948,-176.93050792107712
4631.34765625,0.00142882931208535,-56.9003929783723,-176.93563202273933
4631.9580078125,0.001424059619176792,-56.929436565984794,-176.94075587144584
4632.568359375,0.001419298112457655,-56.95852749610124,-176.9458794676322
4633.1787109375,0.0014145447904999877,-56.98766592760375,-176.9510028117342
4633.7890625,0.0014097996518783163,-57.01685202016846,-176.9561259041872
4634.3994140625,0.0014050626951697487,-57.046085934270096,-176.96124874542684
4635.009765625,0.0014003339189539274,-57.07536783118772,-176.96637133588857
4635.6201171875,0.0013956133218130486,-57.104697873009876,-176.97149367600747
4636.23046875,0.001390900902331845,-57.134076222640225,-176.97661576621917
4636.8408203125,0.0013861966590975735,-57.16350304380298,-176.98173760695843
4637.451171875,0.0013815005907000498,-57.19297850104831,-176.9868591986606
4638.0615234375,0.0013768126957316418,-57.22250275975788,-176.99198054176068
4638.671875,0.0013721329727872376,-57.25207598615067,-176.99710163669323
4639.2822265625,0.001367461420464254,-57.28169834728859,-177.0022224838934
4639.892578125,0.001362798037362672,-57.31137001108196,-177.00734308379583
4640.5029296875,0.0013581428220849879,-57.34109114629557,-177.012463436835
4641.11328125,0.0013534957732362592,-57.37086192255417,-177.01758354344594
4641.7236328125,0.0013488568894240445,-57.40068251034874,-177.02270340406258
4642.333984375,0.0013442261692584586,-57.43055308104201,-177.02782301911967
4642.9443359375,0.001339603611352132,-57.46047380687469,-177.03294238905136
4643.5546875,0.001334989214320259,-57.49044486097115,-177.03806151429194
4644.1650390625,0.0013303829767805275,-57.52046641734593,-177.04318039527558
4644.775390625,0.0013257848973531776,-57.550538650909445,-177.04829903243638
4645.3857421875,0.0013211949746609799,-57.580661737474365,-177.0534174262081
4645.99609375,0.001316613207329218,-57.61083585376181,-177.0585355770249
4646.6064453125,0.0013120395939857207,-57.64106117740755,-177.06365348532046
4647.216796875,0.0013074741332608384,-57.67133788696833,-177.06877115152864
4647.8271484375,0.0013029168237874442,-57.70166616192838,-177.07388857608314
4648.4375,0.0012983676642009266,-57.732046182705766,-177.07900575941724
4649.0478515625,0.0012938266531392084,-57.76247813065886,-177.08412270196467
4649.658203125,0.0012892937892427473,-57.792962188092794,-177.0892394041586
4650.2685546875,0.001284769071154518,-57.82349853826622,-177.0943558664326
4650.87890625,0.0012802524975200034,-57.85408736539801,-177.09947208922006
4651.4892578125,0.0012757440669872073,-57.88472885467392,-177.1045880729538
4652.099609375,0.001271243778206679,-57.91542319225311,-177.109703818067
4652.7099609375,0.0012667516298314559,-57.946170565275494,-177.11481932499274
4653.3203125,0.0012622676205171154,-57.97697116186815,-177.11993459416382
4653.9306640625,0.0012577917489217294,-58.007825171152696,-177.1250496260132
4654.541015625,0.0012533240137059284,-58.03873278325179,-177.13016442097376
4655.1513671875,0.0012488644135328056,-58.06969418929688,-177.13527897947773
4655.76171875,0.0012444129470680157,-58.10070958143471,-177.14039330195823
4656.3720703125,0.0012399696129796888,-58.13177915283505,-177.14550738884756
4656.982421875,0.0012355344099385067,-58.162903097697495,-177.15062124057815
4657.5927734375,0.0012311073366176274,-58.19408161125929,-177.15573485758242
4658.203125,0.0012266883916927495,-58.225314889802284,-177.16084824029244
4658.8134765625,0.001222277573842051,-58.25660313066081,-177.16596138914068
4659.423828125,0.001217874881746258,-58.28794653222876,-177.1710743045593
4660.0341796875,0.0012134803140885816,-58.31934529396763,-177.17618698698018
4660.64453125,0.0012090938695547325,-58.350799616414044,-177.18129943683536
4661.2548828125,0.001204715546832958,-58.38230970118727,-177.1864116545565
4661.865234375,0.0012003453446139817,-58.41387575099742,-177.19152364057567
4662.4755859375,0.0011959832615910568,-58.445497969652976,-177.19663539532468
4663.0859375,0.0011916292964599374,-58.47717656206895,-177.20174691923492
4663.6962890625,0.0011872834479188614,-58.508911734274946,-177.20685821273818
4664.306640625,0.0011829457146685948,-58.54070369342306,-177.21196927626585
4664.9169921875,0.0011786160954124045,-58.57255264779616,-177.21708011024927
4665.52734375,0.001174294588856023,-58.60445880681635,-177.22219071511995
4666.1376953125,0.001169981193707744,-58.636422381052725,-177.22730109130913
4666.748046875,0.0011656759086783133,-58.6684435822304,-177.23241123924794
4667.3583984375,0.0011613787324809745,-58.70052262323877,-177.23752115936736
4667.96875,0.0011570896638315184,-58.7326597181396,-177.24263085209864
4668.5791015625,0.0011528087014481825,-58.76485508217648,-177.24774031787274
4669.189453125,0.001148535844051726,-58.7971089317829,-177.25284955712047
4669.7998046875,0.001144271090365412,-58.82942148459121,-177.25795857027254
4670.41015625,0.0011400144391149607,-58.86179295944181,-177.26306735775987
4671.0205078125,0.0011357658890286085,-58.89422357639168,-177.26817592001285
4671.630859375,0.0011315254388371192,-58.926713556723335,-177.27328425746225
4672.2412109375,0.0011272930872737042,-58.9592631229545,-177.27839237053854
4672.8515625,0.0011230688330740647,-58.991872498847044,-177.28350025967214
4673.4619140625,0.0011188526749764374,-59.024541909415866,-177.28860792529343
4674.072265625,0.0011146446117214954,-59.05727158093909,-177.2937153678327
4674.6826171875,0.0011104446420524487,-59.090061740966675,-177.29882258771997
4675.29296875,0.0011062527647149579,-59.12291261833072,-177.30392958538542
4675.9033203125,0.001102068978457205,-59.15582444315451,-177.30903636125925
4676.513671875,0.001097893282029838,-59.18879744686265,-177.3141429157714
4677.1240234375,0.0010937256741859888,-59.221831862190804,-177.31924924935154
4677.734375,0.0010895661536813026,-59.25492792319537,-177.32435536242977
4678.3447265625,0.0010854147192738666,-59.28808586526401,-177.32946125543566
4678.955078125,0.0010812713697242959,-59.32130592512514,-177.33456692879903
4679.5654296875,0.0010771361037956548,-59.354588340858704,-177.3396723829493
4680.17578125,0.0010730089202535035,-59.38793335190613,-177.344777618316
4680.7861328125,0.001068889817865903,-59.42134119908067,-177.34988263532892
4681.396484375,0.001064778795403362,-59.45481212457835,-177.35498743441696
4682.0068359375,0.0010606758516388695,-59.48834637198829,-177.36009201600962
4682.6171875,0.0010565809853479522,-59.52194418630292,-177.36519638053633
4683.2275390625,0.0010524941953085271,-59.555605813930015,-177.370300528426
4683.837890625,0.0010484154803010674,-59.58933150270223,-177.37540446010775
4684.4482421875,0.001044344839108477,-59.62312150188914,-177.3805081760107
4685.05859375,0.0010402822705161518,-59.65697606220786,-177.38561167656377
4685.6689453125,0.00103622777331195,-59.690895435834534,-177.39071496219557
4686.279296875,0.0010321813462862456,-59.72487987641518,-177.39581803333525
4686.8896484375,0.001028142988231825,-59.75892963907805,-177.40092089041136
4687.5,0.0010241126979440016,-59.79304498044421,-177.40602353385262
4688.1103515625,0.0010200904742205402,-59.82722615863982,-177.4111259640875
4688.720703125,0.0010160763158616603,-59.861473433307935,-177.4162281815446
4689.3310546875,0.0010120702216700934,-59.89578706561992,-177.42133018665214
4689.94140625,0.0010080721904510077,-59.930167318288056,-177.42643197983884
4690.5517578125,0.0010040822210120434,-59.96461445557745,-177.43153356153283
4691.162109375,0.0010001003121633228,-59.99912874331812,-177.4366349321621
4691.7724609375,0.000996126462717443,-60.03371044891752,-177.44173609215514
4692.3828125,0.0009921606714894395,-60.068359841373315,-177.4468370419399
4692.9931640625,0.0009882029372968513,-60.10307719128544,-177.45193778194437
4693.603515625,0.0009842532589596463,-60.1378627708695,-177.45703831259647
4694.2138671875,0.000980311635300278,-60.17271685396918,-177.46213863432405
4694.82421875,0.0009763780651436839,-60.20763971606921,-177.46723874755503
4695.4345703125,0.0009724525473171991,-60.24263163430931,-177.47233865271684
4696.044921875,0.0009685350806507052,-60.277692887496165,-177.47743835023732
4696.6552734375,0.0009646256639764913,-60.31282375611798,-177.48253784054435
4697.265625,0.0009607242961293299,-60.348024522357385,-177.48763712406495
4697.8759765625,0.0009568309759464336,-60.383295470105544,-177.49273620122682
4698.486328125,0.000952945702267501,-60.41863688497547,-177.49783507245732
4699.0966796875,0.0009490684739346845,-60.454049054316314,-177.50293373818366
4699.70703125,0.0009451992897925613,-60.48953226722772,-177.50803219883312
4700.3173828125,0.000941338148688223,-60.52508681457325,-177.5131304548328
4700.927734375,0.0009374850494711835,-60.560712988995576,-177.51822850661017
4701.5380859375,0.000933639990993409,-60.596411084930764,-177.5233263545918
4702.1484375,0.0009298029721093379,-60.6321813986228,-177.52842399920476
4702.7587890625,0.0009259739916758592,-60.66802422813851,-177.53352144087611
4703.369140625,0.0009221530485523037,-60.70393987338278,-177.53861868003253
4703.9794921875,0.0009183401416004882,-60.739928636113106,-177.54371571710092
4704.58984375,0.0009145352696846349,-60.77599081995581,-177.54881255250774
4705.2001953125,0.0009107384316714528,-60.812126730420594,-177.5539091866797
4705.810546875,0.0009069496264301131,-60.84833667491644,-177.5590056200434
4706.4208984375,0.0009031688528321944,-60.8846209627679,-177.56410185302542
4707.03125,0.0008993961097517532,-60.92097990523036,-177.56919788605194
4707.6416015625,0.0008956313960652955,-60.95741381550639,-177.57429371954936
4708.251953125,0.0008918747106517636,-60.993923008762216,-177.57938935394418
4708.8623046875,0.0008881260523925822,-61.03050780214359,-177.5844847896624
4709.47265625,0.000884385420171559,-61.06716851479348,-177.5895800271302
4710.0830078125,0.0008806528128750094,-61.10390546786762,-177.59467506677373
4710.693359375,0.000876928229391676,-61.140718984552215,-177.59976990901913
4711.3037109375,0.0008732116686127236,-61.17760939008119,-177.60486455429202
4711.9140625,0.000869503129431791,-61.21457701175298,-177.60995900301845
4712.5244140625,0.0008658026107449487,-61.25162217894846,-177.61505325562425
4713.134765625,0.0008621101114507058,-61.28874522314859,-177.62014731253515
4713.7451171875,0.0008584256304500346,-61.325946477952016,-177.625241174177
4714.35546875,0.0008547491666463227,-61.36322627909369,-177.6303348409752
4714.9658203125,0.0008510807189453952,-61.40058496446285,-177.63542831335522
4715.576171875,0.0008474202862555572,-61.43802287412109,-177.64052159174278
4716.1865234375,0.0008437678674875166,-61.47554035032181,-177.64561467656324
4716.796875,0.0008401234615544323,-61.51313773752857,-177.6507075682418
4717.4072265625,0.0008364870673719009,-61.5508153824343,-177.655800267204
4718.017578125,0.0008328586838579618,-61.58857363398056,-177.66089277387502
4718.6279296875,0.0008292383099330879,-61.62641284337704,-177.66598508867997
4719.23828125,0.0008256259445201743,-61.66433336412146,-177.67107721204377
4719.8486328125,0.0008220215865445686,-61.70233555201908,-177.6761691443918
4720.458984375,0.0008184252349340679,-61.740419765202944,-177.68126088614875
4721.0693359375,0.0008148368886188576,-61.778586364154805,-177.6863524377396
4721.6796875,0.0008112565465315933,-61.816835711724856,-177.69144379958914
4722.2900390625,0.0008076842076073659,-61.85516817315288,-177.69653497212246
4722.900390625,0.0008041198707836805,-61.893584116089514,-177.70162595576392
4723.5107421875,0.0008005635350004635,-61.93208391061744,-177.7067167509382
4724.12109375,0.0007970151992001128,-61.970667929272295,-177.7118073580702
4724.7314453125,0.0007934748623274152,-62.00933654706533,-177.716897777584
4725.341796875,0.0007899425233296131,-62.04809014150466,-177.72198800990424
4725.9521484375,0.0007864181811563642,-62.086929092617865,-177.7270780554555
4726.5625,0.0007829018347597686,-62.12585378297423,-177.7321679146621
4727.1728515625,0.0007793934830943301,-62.16486459770784,-177.73725758794794
4727.783203125,0.0007758931251170132,-62.20396192453989,-177.7423470757377
4728.3935546875,0.000772400759787177,-62.243146153802726,-177.74743637845526
4729.00390625,0.0007689163860666195,-62.28241767846277,-177.7525254965247
4729.6142578125,0.0007654400029195582,-62.3217768941445,-177.75761443037004
4730.224609375,0.000761971609312652,-62.361224199154265,-177.76270318041517
4730.8349609375,0.000758511204214971,-62.40075999450487,-177.76779174708452
4731.4453125,0.0007550587865979993,-62.44038468394011,-177.7728801308012
4732.0556640625,0.0007516143554356618,-62.48009867395937,-177.77796833198948
4732.666015625,0.0007481779097042999,-62.51990237384299,-177.78305635107276
4733.2763671875,0.0007447494483826502,-62.559796195677905,-177.7881441884749
4733.88671875,0.000741328970451929,-62.599780554382455,-177.7932318446196
4734.4970703125,0.0007379164748957086,-62.63985586773374,-177.79831931993021
4735.107421875,0.0007345119607000115,-62.6800225563929,-177.80340661482995
4735.7177734375,0.0007311154268532816,-62.720281043932005,-177.80849372974274
4736.328125,0.0007277268723463751,-62.76063175686109,-177.81358066509182
4736.9384765625,0.0007243462961725695,-62.80107512465531,-177.8186674213001
4737.548828125,0.000720973697327537,-62.841611579782764,-177.8237539987911
4738.1591796875,0.000717609074809414,-62.88224155773154,-177.8288403979883
4738.76953125,0.000714252427618688,-62.92296549703926,-177.83392661931435
4739.3798828125,0.0007109037547583062,-62.96378383932027,-177.83901266319222
4739.990234375,0.0007075630552336354,-63.00469702929505,-177.84409853004527
4740.6005859375,0.0007042303280524131,-63.04570551481993,-177.84918422029605
4741.2109375,0.0007009055722248371,-63.08680974691552,-177.85426973436788
4741.8212890625,0.0006975887867635079,-63.12801017979741,-177.85935507268331
4742.431640625,0.00069427997068339,-63.16930727090673,-177.86444023566509
4743.0419921875,0.0006909791230019358,-63.21070148093938,-177.86952522373608
4743.65234375,0.000687686242738937,-63.252193273878696,-177.87461003731863
4744.2626953125,0.0006844013289166495,-63.293783117025306,-177.87969467683573
4744.873046875,0.0006811243805596998,-63.335471481030005,-177.8847791427094
4745.4833984375,0.0006778553966951475,-63.377258839925005,-177.88986343536249
4746.09375,0.000674594376352443,-63.41914567115698,-177.8949475552172
4746.7041015625,0.0006713413185634723,-63.46113245561938,-177.90003150269615
4747.314453125,0.0006680962223624895,-63.50321967768647,-177.90511527822113
4747.9248046875,0.0006648590867861807,-63.54540782524624,-177.91019888221464
4748.53515625,0.0006616299108736449,-63.58769738973472,-177.91528231509923
4749.1455078125,0.0006584086936663495,-63.63008886617101,-177.92036557729625
4749.755859375,0.000655195434208208,-63.67258275319116,-177.92544866922856
4750.3662109375,0.0006519901315455265,-63.71517955308421,-177.93053159131793
4750.9765625,0.0006487927847269764,-63.757879771828385,-177.9356143439855
4751.5869140625,0.0006456033928036906,-63.80068391912587,-177.94069692765444
4752.197265625,0.0006424219548291681,-63.843592508440885,-177.94577934274554
4752.8076171875,0.0006392484698593295,-63.886606057035905,-177.9508615896812
4753.41796875,0.0006360829369524673,-63.92972508600998,-177.95594366888295
4754.0283203125,0.0006329253551692952,-63.97295012033604,-177.9610255807723
4754.638671875,0.0006297757235729339,-64.0162816888996,-177.966107325771
4755.2490234375,0.0006266340412288837,-64.05972032453812,-177.97118890430082
4755.859375,0.0006235003072050567,-64.10326656407997,-177.9762703167828
4756.4697265625,0.0006203745205717575,-64.1469209483847,-177.9813515636386
4757.080078125,0.0006172566804016937,-64.19068402238338,-177.98643264528963
4757.6904296875,0.0006141467857699649,-64.23455633511959,-177.99151356215714
4758.30078125,0.0006110448357540691,-64.27853843979096,-177.99659431466264
4758.9111328125,0.0006079508294338846,-64.32263089379136,-178.00167490322696
4759.521484375,0.0006048647658917286,-64.36683425875256,-178.0067553282715
4760.1318359375,0.0006017866442122677,-64.4111491005887,-178.0118355902176
4760.7421875,0.000598716463482558,-64.45557598953923,-178.0169156894856
4761.3525390625,0.0005956542227921099,-64.50011550021223,-178.0219956264972
4761.962890625,0.0005925999212327499,-64.54476821163114,-178.02707540167307
4762.5732421875,0.0005895535578987566,-64.58953470727812,-178.0321550154342
4763.18359375,0.0005865151318867721,-64.63441557514119,-178.03723446820126
4763.7939453125,0.0005834846422958272,-64.67941140776048,-178.042313760395
4764.404296875,0.0005804620882273615,-64.7245228022749,-178.04739289243648
4765.0146484375,0.0005774474687851866,-64.76975036047052,-178.052471864746
4765.625,0.0005744407830755028,-64.81509468882857,-178.0575506777443
4766.2353515625,0.0005714420302069342,-64.86055639857388,-178.06262933185218
4766.845703125,0.0005684512092904318,-64.90613610572603,-178.06770782748964
4767.4560546875,0.0005654683194394049,-64.95183443114756,-178.07278616507784
4768.06640625,0.0005624933597695988,-64.99765200059666,-178.07786434503666
4768.6767578125,0.0005595263293991489,-65.04358944477809,-178.0829423677867
4769.287109375,0.0005565672274486006,-65.08964739939503,-178.08802023374787
4769.8974609375,0.00055361605304088,-65.13582650520256,-178.0930979433411
4770.5078125,0.0005506728053012838,-65.18212740806139,-178.09817549698596
4771.1181640625,0.0005477374833574978,-65.22855075899204,-178.103252895103
4771.728515625,0.0005448100863396124,-65.27509721422967,-178.10833013811188
4772.3388671875,0.0005418906133800674,-65.32176743528078,-178.11340722643325
4772.94921875,0.0005389790636137042,-65.36856208897896,-178.11848416048664
4773.5595703125,0.0005360754361777608,-65.41548184754237,-178.12356094069213
4774.169921875,0.0005331797302118291,-65.46252738863251,-178.12863756746984
4774.7802734375,0.0005302919448578907,-65.50969939541258,-178.1337140412389
4775.390625,0.0005274120792603153,-65.55699855660724,-178.1387903624198
4776.0009765625,0.0005245401325658554,-65.60442556656314,-178.1438665314319
4776.611328125,0.0005216761039236431,-65.65198112531041,-178.14894254869517
4777.2216796875,0.0005188199924851677,-65.69966593862517,-178.15401841462935
4777.83203125,0.0005159717974043194,-65.74748071809192,-178.15909412965323
4778.4423828125,0.0005131315178373678,-65.79542618116767,-178.16416969418725
4779.052734375,0.0005102991529429492,-65.84350305124714,-178.16924510865027
4779.6630859375,0.0005074747018820709,-65.89171205772817,-178.174320373462
4780.2734375,0.000504658163818147,-65.94005393607787,-178.1793954890421
4780.8837890625,0.0005018495379169353,-65.98852942790118,-178.18447045580913
4781.494140625,0.0004990488233465668,-66.03713928100879,-178.18954527418302
4782.1044921875,0.0004962560192775962,-66.08588424948576,-178.19461994458302
4782.71484375,0.0004934711248828967,-66.13476509376363,-178.19969446742778
4783.3251953125,0.0004906941393377425,-66.18378258069058,-178.20476884313692
4783.935546875,0.0004879250618197689,-66.23293748360429,-178.20984307212913
4784.5458984375,0.00048516389150900403,-66.28223058240499,-178.2149171548239
4785.15625,0.00048241062758782265,-66.33166266363062,-178.2199910916399
4785.7666015625,0.0004796652692410071,-66.38123452053134,-178.22506488299624
4786.376953125,0.0004769278156556655,-66.43094695314755,-178.2301385293117
4786.9873046875,0.0004741982660213123,-66.48080076838616,-178.23521203100486
4787.59765625,0.00047147661952981696,-66.53079678010033,-178.24028538849504
4788.2080078125,0.00046876287537541897,-66.58093580916915,-178.24535860220058
4788.818359375,0.0004660570327547382,-66.63121868357851,-178.2504316725406
4789.4287109375,0.00046335909086675086,-66.68164623850383,-178.25550459993315
4790.0390625,0.00046066904891282174,-66.73221931639299,-178.26057738479724
4790.6494140625,0.0004579869060966565,-66.7829387670518,-178.26565002755157
4791.259765625,0.00045531266162432643,-66.83380544772955,-178.27072252861407
4791.8701171875,0.000452646314704306,-66.8848202232054,-178.27579488840368
4792.48046875,0.0004499878645474047,-66.93598396587818,-178.28086710733848
4793.0908203125,0.00044733731036681603,-66.98729755585518,-178.2859391858373
4793.701171875,0.00044469465137808166,-67.03876188104398,-178.29101112431792
4794.3115234375,0.0004420598867991145,-67.09037783724438,-178.2960829231989
4794.921875,0.000439433015850199,-67.1421463282422,-178.3011545828985
4795.5322265625,0.00043681403775398803,-67.1940682659046,-178.3062261038348
4796.142578125,0.0004342029517354707,-67.24614457027731,-178.31129748642599
4796.7529296875,0.00043159975702203996,-67.29837616968138,-178.31636873109002
4797.36328125,0.00042900445284340495,-67.35076400081445,-178.32143983824494
4797.9736328125,0.00042641703843168113,-67.40330900885004,-178.326510808309
4798.583984375,0.000423837513021315,-67.45601214754166,-178.3315816416995
4799.1943359375,0.0004212658758491216,-67.5088743793261,-178.33665233883514
4799.8046875,0.00041870212615428864,-67.56189667542924,-178.34172290013336
4800.4150390625,0.00041614626317836533,-67.6150800159734,-178.34679332601203
4801.025390625,0.0004135982861652298,-67.6684253900872,-178.3518636168889
4801.6357421875,0.00041105819436114687,-67.72193379601491,-178.3569337731818
4802.24609375,0.00040852598701473635,-67.77560624122948,-178.36200379530803
4802.8564453125,0.0004060016633769718,-67.82944374254674,-178.3670736836858
4803.466796875,0.0004034852227011907,-67.88344732624095,-178.3721434387322
4804.0771484375,0.00040097666424308224,-67.93761802816282,-178.37721306086493
4804.6875,0.00039847598726069493,-67.99195689385878,-178.38228255050163
4805.2978515625,0.0003959831910144322,-68.04646497869254,-178.3873519080597
4805.908203125,0.0003934982747670485,-68.10114334796839,-178.39242113395616
4806.5185546875,0.0003910212377836659,-68.15599307705608,-178.39749022860894
4807.12890625,0.0003885520793317711,-68.21101525151809,-178.40255919243495
4807.7392578125,0.00038609079868115513,-68.2662109672402,-178.40762802585155
4808.349609375,0.0003836373951040308,-68.32158133056015,-178.41269672927643
4808.9599609375,0.000381191867874907,-68.3771274584038,-178.41776530312623
4809.5703125,0.000378754216270684,-68.43285047841849,-178.42283374781783
4810.1806640625,0.0003763244395706138,-68.48875152911164,-178.42790206376947
4810.791015625,0.0003739025370562562,-68.54483175999161,-178.43297025139668
4811.4013671875,0.00037148850801159043,-68.60109233170733,-178.43803831111805
4812.01171875,0.0003690823517228942,-68.65753441619555,-178.44310624334938
4812.6220703125,0.00036668406747882433,-68.7141591968257,-178.44817404850815
4813.232421875,0.0003642936545703647,-68.77096786855046,-178.4532417270108
4813.8427734375,0.00036191111229087026,-68.82796163805621,-178.45830927927466
4814.453125,0.00035953643993604146,-68.88514172391788,-178.4633767057164
4815.0634765625,0.000357169636803925,-68.94250935675556,-178.4684440067528
4815.673828125,0.0003548107021949209,-69.0000657793936,-178.4735111828005
4816.2841796875,0.000352459635411767,-69.05781224702287,-178.47857823427617
4816.89453125,0.00035011643575955624,-69.11575002736501,-178.48364516159637
4817.5048828125,0.0003477811025457377,-69.17388040083969,-178.4887119651779
4818.115234375,0.00034545363508008055,-69.23220466073568,-178.493778645437
4818.7255859375,0.00034313403267474473,-69.29072411338205,-178.49884520279062
4819.3359375,0.0003408222946441903,-69.34944007832647,-178.50391163765488
4819.9462890625,0.0003385184203052545,-69.40835388851207,-178.5089779504464
4820.556640625,0.0003362224089771042,-69.46746689046066,-178.51404414158145
4821.1669921875,0.0003339342599812637,-69.52678044445703,-178.5191102114763
4821.77734375,0.000331653972641583,-69.586295924738,-178.52417616054757
4822.3876953125,0.0003293815462842833,-69.64601471968264,-178.52924198921153
4822.998046875,0.0003271169802378927,-69.70593823200869,-178.53430769788372
4823.6083984375,0.0003248602738333333,-69.76606787896843,-178.53937328698115
4824.21875,0.0003226114264038199,-69.82640509255273,-178.5444387569196
4824.8291015625,0.0003203704372849425,-69.88695131969406,-178.54950410811537
4825.439453125,0.0003181373058146071,-69.94770802247662,-178.55456934098416
4826.0498046875,0.0003159120313330975,-70.00867667834687,-178.55963445594224
4826.66015625,0.0003136946131829991,-70.06985878033169,-178.56469945340555
4827.2705078125,0.00031148505070927696,-70.13125583725602,-178.56976433379052
4827.880859375,0.00030928334325919503,-70.19286937396872,-178.57482909751232
4828.4912109375,0.0003070894901823881,-70.25470093156838,-178.5798937449869
4829.1015625,0.00030490349083082946,-70.31675206763579,-178.5849582766307
4829.7119140625,0.00030272534455881675,-70.3790243564703,-178.59002269285892
4830.322265625,0.00030055505072298304,-70.44151938932964,-178.5950869940874
4830.9326171875,0.0002983926086823308,-70.5042387746733,-178.60015118073215
4831.54296875,0.0002962380177981734,-70.56718413841313,-178.60521525320883
4832.1533203125,0.0002940912774341573,-70.63035712416601,-178.61027921193275
4832.763671875,0.00029195238695629654,-70.69375939351092,-178.61534305731965
4833.3740234375,0.0002898213457329128,-70.7573926262533,-178.6204067897853
4833.984375,0.0002876981531346701,-70.82125852069164,-178.62547040974508
4834.5947265625,0.0002855828085345863,-70.88535879388952,-178.6305339176145
4835.205078125,0.0002834753113079798,-70.94969518195471,-178.6355973138087
4835.8154296875,0.00028137566083256304,-71.01426944031903,-178.64066059874366
4836.42578125,0.00027928385648831795,-71.07908334402991,-178.64572377283446
4837.0361328125,0.0002771998976575958,-71.14413868804081,-178.65078683649648
4837.646484375,0.00027512378372509556,-71.20943728751045,-178.65584979014523
4838.2568359375,0.00027305551407780037,-71.27498097810937,-178.6609126341952
4838.8671875,0.00027099508810507527,-71.34077161632695,-178.66597536906275
4839.4775390625,0.0002689425051986102,-71.40681107978922,-178.67103799516244
4840.087890625,0.00026689776475239763,-71.47310126758177,-178.6761005129095
4840.6982421875,0.0002648608661627887,-71.53964410057603,-178.68116292271873
4841.30859375,0.00026283180882848286,-71.60644152176427,-178.68622522500578
4841.9189453125,0.0002608105921504587,-71.6734954966027,-178.69128742018555
4842.529296875,0.0002587972155320724,-71.74080801335589,-178.69634950867314
4843.1396484375,0.0002567916783789939,-71.80838108345318,-178.70141149088317
4843.75,0.00025479398009922363,-71.87621674184938,-178.70647336723056
4844.3603515625,0.0002528041201030934,-71.94431704739296,-178.71153513813084
4844.970703125,0.00025082209780326293,-72.01268408320172,-178.71659680399836
4845.5810546875,0.0002488479126147251,-72.08131995704562,-178.7216583652481
4846.19140625,0.00024688156395480783,-72.15022680173716,-178.726719822295
4846.8017578125,0.000244923051243136,-72.21940677553104,-178.73178117555332
4847.412109375,0.00024297237390171473,-72.2888620625274,-178.73684242543834
4848.0224609375,0.0002410295313548376,-72.35859487308954,-178.7419035723648
4848.6328125,0.00023909452302913657,-72.42860744426477,-178.74696461674708
4849.2431640625,0.00023716734835357758,-72.49890204021585,-178.75202555899997
4849.853515625,0.00023524800675944508,-72.56948095266162,-178.75708639953774
4850.4638671875,0.00023333649768033163,-72.64034650132625,-178.76214713877516
4851.07421875,0.00023143282055221052,-72.71150103439473,-178.76720777712723
4851.6845703125,0.00022953697481333267,-72.78294692898429,-178.77226831500775
4852.294921875,0.00022764895990428724,-72.85468659161928,-178.7773287528317
4852.9052734375,0.0002257687752679762,-72.92672245871928,-178.78238909101256
4853.515625,0.0002238964203496735,-72.99905699709393,-178.78744932996634
4854.1259765625,0.00022203189459692492,-73.07169270445446,-178.7925094701061
4854.736328125,0.00022017519745961737,-73.14463210992916,-178.79756951184666
4855.3466796875,0.000218326328389965,-73.21787777459312,-178.80262945560202
4855.95703125,0.00021648528684252032,-73.29143229200805,-178.8076893017869
4856.5673828125,0.00021465207227412084,-73.3652982887762,-178.81274905081514
4857.177734375,0.00021282668414396077,-73.43947842510111,-178.81780870310124
4857.7880859375,0.0002110091219135538,-73.51397539536465,-178.8228682590593
4858.3984375,0.00020919938504671202,-73.58879192871593,-178.82792771910326
4859.0087890625,0.0002073974730095906,-73.66393078967018,-178.8329870836474
4859.619140625,0.00020560338527064506,-73.73939477872422,-178.83804635310537
4860.2294921875,0.00020381712130070236,-73.81518673298062,-178.8431055278923
4860.83984375,0.0002020386805728435,-73.89130952679349,-178.84816460842094
4861.4501953125,0.00020026806256251664,-73.96776607241853,-178.85322359510624
4862.060546875,0.0001985052667474636,-74.04455932068562,-178.85828248836165
4862.6708984375,0.0001967502926077685,-74.1216922616809,-178.86334128860094
4863.28125,0.00019500313962581025,-74.19916792544831,-178.8683999962382
4863.8916015625,0.00019326380728632283,-74.27698938270198,-178.873458611688
4864.501953125,0.00019153229507630983,-74.3551597455613,-178.87851713536276
4865.1123046875,0.00018980860248513128,-74.43368216829461,-178.88357556767673
4865.72265625,0.00018809272900447262,-74.51255984808529,-178.8886339090449
4866.3330078125,0.0001863846741282856,-74.59179602581648,-178.89369215987918
4866.943359375,0.00018468443735289192,-74.67139398686628,-178.8987503205946
4867.5537109375,0.00018299201817690897,-74.75135706192953,-178.90380839160414
4868.1640625,0.00018130741610127663,-74.83168862785371,-178.9088663733219
4868.7744140625,0.00017963063062924263,-74.91239210849645,-178.91392426616102
4869.384765625,0.00017796166126637401,-74.9934709756015,-178.9189820705352
4869.9951171875,0.0001763005075205739,-75.07492874969508,-178.92403978685846
4870.60546875,0.00017464716890202306,-75.15676900100704,-178.9290974155439
4871.2158203125,0.00017300164492324037,-75.23899535040788,-178.93415495700503
4871.826171875,0.00017136393509908313,-75.321611470371,-178.9392124116556
4872.4365234375,0.00016973403894667786,-75.40462108596142,-178.94426977990878
4873.046875,0.00016811195598547522,-75.488027975842,-178.94932706217747
4873.6572265625,0.00016649768573727747,-75.5718359733052,-178.95438425887613
4874.267578125,0.0001648912277261532,-75.65604896733566,-178.9594413704176
4874.8779296875,0.0001632925814785298,-75.74067090368946,-178.96449839721546
4875.48828125,0.00016170174652309707,-75.8257057860096,-178.969555339682
4876.0986328125,0.00016011872239089916,-75.91115767695895,-178.9746121982319
4876.708984375,0.00015854350861527718,-75.99703069938914,-178.97966897327757
4877.3193359375,0.00015697610473189595,-76.08332903753393,-178.98472566523216
4877.9296875,0.00015541651027870166,-76.17005693823609,-178.98978227450954
4878.5400390625,0.0001538647247959935,-76.2572187121988,-178.99483880152187
4879.150390625,0.00015232074782635328,-76.34481873527639,-178.99989524668325
4879.7607421875,0.00015078457891468474,-76.43286144979166,-179.00495161040627
4880.37109375,0.00014925621760820306,-76.52135136588953,-179.01000789310382
4880.9814453125,0.00014773566345642488,-76.61029306292527,-179.0150640951892
4881.591796875,0.0001462229160112018,-76.69969119088589,-179.02012021707577
4882.2021484375,0.00014471797482666635,-76.78955047185342,-179.0251762591761
4882.8125,0.00014322083945927653,-76.87987570150035,-179.0302322219034
4883.4228515625,0.00014173150946779502,-76.97067175062801,-179.03528810567013
4884.033203125,0.00014024998441330543,-77.06194356674308,-179.04034391089002
4884.6435546875,0.00013877626385917045,-77.15369617567931,-179.04539963797504
4885.25390625,0.00013731034737110806,-77.24593468325483,-179.0504552873389
4885.8642578125,0.00013585223451710555,-77.33866427698399,-179.05551085939356
4886.474609375,0.00013440192486747444,-77.43189022782596,-179.06056635455255
4887.0849609375,0.00013295941799482938,-77.52561789198558,-179.065621773229
4887.6953125,0.00013152471347409496,-77.6198527127609,-179.07067711583403
4888.3056640625,0.00013009781088251594,-77.71460022244119,-179.07573238278235
4888.916015625,0.00012867870979961594,-77.80986604425999,-179.08078757448519
4889.5263671875,0.00012726740980725147,-77.90565589439592,-179.08584269135613
4890.13671875,0.00012586391048958047,-78.00197558403451,-179.09089773380748
4890.7470703125,0.00012446821143304116,-78.09883102148677,-179.09595270225165
4891.357421875,0.00012308031222643413,-78.19622821436005,-179.1010075971016
4891.9677734375,0.0001217002124608089,-78.29417327180357,-179.10606241877034
4892.578125,0.00012032791172955209,-78.39267240680353,-179.1111171676692
4893.1884765625,0.00011896340962833813,-78.49173193855326,-179.11617184421124
4893.798828125,0.00011760670575516886,-78.59135829488493,-179.1212264488097
4894.4091796875,0.00011625779971033042,-78.6915580147773,-179.1262809818764
4895.01953125,0.0001149166910964319,-78.7923377509303,-179.131335443824
4895.6298828125,0.00011358337951836799,-78.89370427242015,-179.13638983506485
4896.240234375,0.00011225786458335226,-78.99566446742712,-179.14144415601172
4896.8505859375,0.00011094014590087983,-79.09822534604913,-179.14649840707605
4897.4609375,0.0001096302230827876,-79.20139404319136,-179.15155258867148
4898.0712890625,0.00010832809574319528,-79.3051778215512,-179.15660670120977
4898.681640625,0.00010703376349850603,-79.40958407468847,-179.16166074510303
4899.2919921875,0.00010574722596746149,-79.51462033018386,-179.1667147207634
4899.90234375,0.00010446848277108219,-79.62029425290254,-179.17176862860344
4900.5126953125,0.00010319753353270145,-79.72661364835022,-179.1768224690355
4901.123046875,0.00010193437787796003,-79.8335864661354,-179.18187624247244
4901.7333984375,0.00010067901543478003,-79.94122080354082,-179.18692994932513
4902.34375,9.943144583341384e-05,-80.0495249091996,-179.19198359000683
4902.9541015625,9.819166870639647e-05,-80.1585071868951,-179.19703716492955
4903.564453125,9.69596836885566e-05,-80.26817619947543,-179.2020906745049
4904.1748046875,9.573549041704994e-05,-80.37854067289027,-179.20714411914508
4904.78515625,9.451908853131079e-05,-80.489609500364,-179.21219749926334
4905.3955078125,9.331047767309655e-05,-80.60139174669457,-179.2172508152697
4906.005859375,9.210965748643854e-05,-80.71389665270019,-179.2223040675787
4906.6162109375,9.091662761768172e-05,-80.82713363980248,-179.2273572566001
4907.2265625,8.973138771546809e-05,-80.9411123147653,-179.23241038274676
4907.8369140625,8.855393743077018e-05,-81.055842474585,-179.23746344643192
4908.447265625,8.738427641679954e-05,-81.17133411155552,-179.24251644806546
4909.0576171875,8.62224043290991e-05,-81.28759741848475,-179.24756938806044
4909.66796875,8.506832082554971e-05,-81.40464279409483,-179.25262226682906
4910.2783203125,8.392202556625623e-05,-81.52248084861803,-179.25767508478276
4910.888671875,8.278351821367879e-05,-81.64112240955842,-179.26272784233328
4911.4990234375,8.165279843253535e-05,-81.76057852767511,-179.2677805398924
4912.109375,8.052986588989458e-05,-81.88086048315263,-179.27283317787317
4912.7197265625,7.941472025507884e-05,-82.00197979200661,-179.27788575668666
4913.330078125,7.83073611997244e-05,-82.1239482126971,-179.2829382767438
4913.9404296875,7.720778839774913e-05,-82.24677775298593,-179.28799073845784
4914.55078125,7.611600152541318e-05,-82.37048067702746,-179.29304314223992
4915.1611328125,7.503200026121619e-05,-82.49506951273221,-179.29809548850142
4915.771484375,7.395578428600081e-05,-82.62055705937264,-179.3031477776548
4916.3818359375,7.288735328287742e-05,-82.74695639548612,-179.30820001011153
4916.9921875,7.182670693727357e-05,-82.87428088705298,-179.3132521862827
4917.6025390625,7.077384493688528e-05,-83.0025441959878,-179.31830430658096
4918.212890625,6.97287669717541e-05,-83.13176028893128,-179.32335637141753
4918.8232421875,6.869147273416946e-05,-83.26194344639283,-179.3284083812038
4919.43359375,6.766196191873445e-05,-83.39310827221787,-179.33346033635164
4920.0439453125,6.664023422235553e-05,-83.5252697034246,-179.33851223727294
4920.654296875,6.562628934423222e-05,-83.65844302041776,-179.34356408437924
4921.2646484375,6.462012698583565e-05,-83.79264385759824,-179.34861587808132
4921.875,6.362174685097998e-05,-83.9278882143731,-179.35366761879158
4922.4853515625,6.26311486457193e-05,-84.06419246662111,-179.35871930692124
4923.095703125,6.164833207845713e-05,-84.20157337858194,-179.36377094288176
4923.7060546875,6.0673296859843504e-05,-84.34004811524917,-179.36882252708483
4924.31640625,5.970604270285689e-05,-84.47963425523442,-179.37387405994227
4924.9267578125,5.874656932274507e-05,-84.62034980417283,-179.3789255418647
4925.537109375,5.7794876437090616e-05,-84.76221320865734,-179.38397697326485
4926.1474609375,5.6850963765708386e-05,-84.90524337077164,-179.38902835455255
4926.7578125,5.591483103075428e-05,-85.04945966319406,-179.39407968614
4927.3681640625,5.4986477956677185e-05,-85.19488194495737,-179.39913096843912
4927.978515625,5.4065904270186635e-05,-85.34153057787157,-179.40418220186024
4928.5888671875,5.3153109700307565e-05,-85.4894264436313,-179.40923338681506
4929.19921875,5.224809397837538e-05,-85.63859096166735,-179.41428452371585
4929.8095703125,5.135085683799302e-05,-85.78904610777704,-179.41933561297319
4930.419921875,5.0461398015053055e-05,-85.94081443355769,-179.42438665499787
4931.0302734375,4.957971724774346e-05,-86.09391908669872,-179.4294376502022
4931.640625,4.870581427658626e-05,-86.24838383216984,-179.43448859899726
4932.2509765625,4.783968884432922e-05,-86.40423307438552,-179.4395395017933
4932.861328125,4.698134069604398e-05,-86.56149188033564,-179.44459035900255
4933.4716796875,4.613076957913208e-05,-86.72018600378846,-179.44964117103748
4934.08203125,4.5287975243205794e-05,-86.88034191063302,-179.4546919383062
4934.6923828125,4.445295744024595e-05,-87.04198680534753,-179.45974266122306
4935.302734375,4.362571592447763e-05,-87.20514865876467,-179.46479334019705
4935.9130859375,4.280625045242471e-05,-87.36985623711826,-179.46984397564006
4936.5234375,4.199456078292123e-05,-87.53613913248788,-179.47489456796364
4937.1337890625,4.119064667709005e-05,-87.70402779472106,-179.47994511757938
4937.744140625,4.039450789831064e-05,-87.87355356491537,-179.48499562489673
4938.3544921875,3.96061442123064e-05,-88.04474871052429,-179.49004609032795
4938.96484375,3.88255553870472e-05,-88.21764646224963,-179.49509651428448
4939.5751953125,3.805274119281507e-05,-88.39228105275222,-179.5001468971766
4940.185546875,3.7287701402182785e-05,-88.56868775734698,-179.50519723941602
4940.7958984375,3.6530435789997924e-05,-88.74690293678412,-179.51024754141363
4941.40625,3.578094413341589e-05,-88.92696408223541,-179.51529780358035
4942.0166015625,3.503922621187313e-05,-89.10890986265004,-179.52034802632699
4942.626953125,3.430528180709281e-05,-89.29278017460875,-179.52539821006462
4943.2373046875,3.3579110703101625e-05,-89.47861619484081,-179.53044835520458
4943.84765625,3.286071268620835e-05,-89.66646043558994,-179.5354984621589
4944.4580078125,3.21500875449988e-05,-89.85635680300163,-179.5405485313362
4945.068359375,3.144723507037414e-05,-90.0483506587249,-179.54559856314972
4945.6787109375,3.075215505550788e-05,-90.24248888497753,-179.5506485580103
4946.2890625,3.0064847295851545e-05,-90.43881995327466,-179.5556985163269
4946.8994140625,2.9385311589156827e-05,-90.63739399707981,-179.5607484385108
4947.509765625,2.8713547735492133e-05,-90.83826288865696,-179.56579832497454
4948.1201171875,2.8049555537172364e-05,-91.04148032044357,-179.57084817612815
4948.73046875,2.7393334798818958e-05,-91.2471018911994,-179.5758979923845
4949.3408203125,2.6744885327333176e-05,-91.45518519734091,-179.5809477741504
4949.951171875,2.6104206931928765e-05,-91.6657899297924,-179.58599752184006
4950.5615234375,2.547129942407822e-05,-91.87897797680796,-179.59104723586233
4951.171875,2.4846162617561797e-05,-92.094813533146,-179.59609691663036
4951.7822265625,2.4228796328440776e-05,-92.31336321613627,-179.60114656455264
4952.392578125,2.3619200375057704e-05,-92.53469618913121,-179.60619618004168
4953.0029296875,2.301737457805845e-05,-92.75888429291416,-179.6112457635073
4953.61328125,2.2423318760365324e-05,-92.98600218571563,-179.61629531536133
4954.2236328125,2.1837032747188287e-05,-93.21612749248825,-179.62134483601363
4954.833984375,2.1258516366030604e-05,-93.44934096420329,-179.62639432587497
4955.4443359375,2.06877694466783e-05,-93.68572664799106,-179.63144378535668
4956.0546875,2.012479182121673e-05,-93.92537206900505,-179.6364932148712
4956.6650390625,1.956958332398204e-05,-94.16836842503295,-179.64154261482489
4957.275390625,1.902214379164819e-05,-94.41481079485185,-179.64659198563217
4957.8857421875,1.8482473063145934e-05,-94.66479836164919,-179.65164132770246
4958.49609375,1.795057097968469e-05,-94.9184346527077,-179.65669064144691
4959.1064453125,1.742643738479628e-05,-95.17582779683464,-179.66173992727644
4959.716796875,1.6910072124259218e-05,-95.4370908012078,-179.66678918560137
4960.3271484375,1.6401475046158607e-05,-95.70234184928947,-179.671838416832
4960.9375,1.590064600086475e-05,-95.97170462187816,-179.67688762137902
4961.5478515625,1.540758484104421e-05,-96.24530864342601,-179.68193679965452
4962.158203125,1.492229142163292e-05,-96.52328965608638,-179.68698595206868
4962.7685546875,1.444476559985274e-05,-96.80579002415128,-179.69203507903123
4963.37890625,1.3975007235227938e-05,-97.09295917191665,-179.69708418095286
4963.9892578125,1.3513016189547427e-05,-97.38495405838188,-179.70213325824568
4964.599609375,1.3058792326919333e-05,-97.68193969246893,-179.70718231132057
4965.2099609375,1.2612335513689723e-05,-97.98408969313867,-179.71223134058502
4965.8203125,1.217364561853515e-05,-98.2915868989656,-179.71728034645264
4966.4306640625,1.1742722512392299e-05,-98.60462403274983,-179.72232932933323
4967.041015625,1.1319566068485332e-05,-98.92340442704409,-179.7273782896362
4967.6513671875,1.0904176162331537e-05,-99.24814281751296,-179.7324272277732
4968.26171875,1.0496552671746962e-05,-99.57906621186261,-179.73747614415618
4968.8720703125,1.0096695476814049e-05,-99.91641484317982,-179.74252503919539
4969.482421875,9.704604459881815e-06,-100.26044321765326,-179.74757391329868
4970.0927734375,9.320279505625783e-06,-100.61142126809038,-179.75262276687806
4970.703125,8.943720500993886e-06,-100.96963562648025,-179.75767160034644
4971.3134765625,8.574927335190358e-06,-101.3353910305075,-179.76272041411028
4971.923828125,8.213899899741068e-06,-101.7090118812543,-179.7677692085819
4972.5341796875,7.860638088450265e-06,-102.09084397222698,-179.7728179841769
4973.14453125,7.515141797379067e-06,-102.4812564126837,-179.77786674129655
4973.7548828125,7.1774109249107225e-06,-102.88064377198906,-179.78291548035855
4974.365234375,6.8474453716911325e-06,-103.28942847645698,-179.78796420176926
4974.9755859375,6.525245040666957e-06,-103.7080634949314,-179.79301290594262
4975.5859375,6.210809837036953e-06,-104.13703535612851,-179.7980615932863
4976.1962890625,5.904139668338983e-06,-104.57686754784847,-179.80311026421293
4976.806640625,5.605234444319866e-06,-105.02812435809707,-179.80815891912926
4977.4169921875,5.314094077098413e-06,-105.49141522808554,-179.813207558452
4978.02734375,5.03071848100269e-06,-105.96739970225431,-179.81825618258853
4978.6376953125,4.7551075726950485e-06,-106.45679307526987,-179.82330479194724
4979.248046875,4.4872612710907876e-06,-106.96037285810345,-179.82835338694073
4979.8583984375,4.227179497396333e-06,-107.47898620938301,-179.83340196797906
4980.46875,3.974862175131075e-06,-108.01355851055408,-179.838450535473
4981.0791015625,3.730309230056896e-06,-108.5651033030176,-179.84349908983393
4981.689453125,3.493520590243468e-06,-109.13473385481782,-179.84854763147177
4982.2998046875,3.2644961860412185e-06,-109.72367668903671,-179.85359616079467
4982.91015625,3.0432359500814428e-06,-110.33328748687664,-179.8586446782142
4983.5205078125,2.829739817287272e-06,-110.96506988393834,-179.8636931841462
4984.130859375,2.624007724852076e-06,-111.6206978153811,-179.86874167899512
4984.7412109375,2.4260396122504184e-06,-112.30204224547035,-179.8737901631693
4985.3515625,2.2358354212761627e-06,-113.01120335616112,-179.87883863708402
4985.9619140625,2.053395095955695e-06,-113.7505495904293,-179.8838871011518
4986.572265625,1.878718582651194e-06,-114.52276537888241,-179.88893555577533
4987.1826171875,1.7118058299683922e-06,-115.33090997723923,-179.89398400137517
4987.79296875,1.5526567888055499e-06,-116.17849066908323,-179.89903243835158
4988.4033203125,1.4012714123535256e-06,-117.06955476078963,-179.9040808671186
4989.013671875,1.257649656095856e-06,-118.00880647217028,-179.90912928809237
4989.6240234375,1.121791477776255e-06,-119.00175727278081,-179.91417770167342
4990.234375,9.936968374366861e-07,-120.05492184747398,-179.9192261082809
4990.8447265625,8.733656974065766e-07,-121.1760773914031,-179.92427450832403
4991.455078125,7.607980222702942e-07,-122.37461250075603,-179.9293229022018
4992.0654296875,6.559937789377986e-07,-123.66200558400499,-179.9343712903407
4992.67578125,5.58952936579538e-07,-125.05249515691455,-179.93941967314163
4993.2861328125,4.696754666482168e-07,-126.56404248922706,-179.9444680510199
4993.896484375,3.8816134288970647e-07,-128.21975436636419,-179.9495164243841
4994.5068359375,3.1441054131593696e-07,-130.05005803391225,-179.9545647936476
4995.1171875,2.484230402375178e-07,-132.09616255123106,-179.95961315921076
4995.7275390625,1.901988202529135e-07,-134.41584362381212,-179.96466152149003
4996.337890625,1.3973786422675637e-07,-137.09371797698242,-179.96970988089913
4996.9482421875,9.704015732788477e-08,-140.26097016068275,-179.97475823784725
4997.55859375,6.210568699678784e-08,-144.13737259606927,-179.9798065927584
4998.1689453125,3.493444294019642e-08,-149.13492355108536,-179.98485494598944
4998.779296875,1.5526417174539996e-08,-156.17857498181257,-179.98990329799082
4999.3896484375,3.881604009670095e-09,-168.21977544380186,-179.99495164918648
5000.0,0.0,-240.0,0.0
